user_id,date,steps,screen_minutes,caffeine_mg,alcohol_units,exercise_minutes,sleep_quality,sleep_duration_hours,steps_rolling_7d,weekday,is_weekend,caffeine_gt_200,alcohol_gt_1,high_screen_time
user_00,2023-01-01,10270,535,380.2857225639665,2.1959818254342154,60,7,5.0711718999660675,0.0,6,1,1,1,1
user_00,2023-01-02,14636,199,57.14672716877631,1.9526654188465586,52,7,6.542560043585965,0.0,0,0,0,1,0
user_00,2023-01-03,8311,543,73.36180394137352,0.9127267288786132,21,3,6.603441225038131,0.0,1,0,0,0,1
user_00,2023-01-04,5047,575,389.5022075365837,0.6983140212909127,61,7,4.575251813786544,0.0,2,0,1,0,1
user_00,2023-01-05,4528,230,343.9761626945282,2.040922615763339,72,6,6.947439821046639,0.0,3,0,1,1,0
user_00,2023-01-06,5612,485,273.69321060486277,1.320457481218804,70,7,4.779156350028978,0.0,4,0,1,1,1
user_00,2023-01-07,6073,489,83.17666514727553,1.7031009834599744,92,7,6.881761038948611,7782.428571428572,5,1,0,1,1
user_00,2023-01-08,14534,555,228.17758976215976,1.562502780077471,61,7,5.280155791605291,8391.57142857143,6,1,1,1,1
user_00,2023-01-09,12268,379,142.70133067743572,0.8428035290621423,108,7,6.887748459593357,8053.285714285715,0,0,0,0,0
user_00,2023-01-10,8892,589,143.38629141770903,0.34760717857538914,6,7,5.888012179493058,8136.285714285715,1,0,0,0,1
user_00,2023-01-11,5454,161,130.07332881069883,2.1888185350141924,103,4,7.0694808861969305,8194.42857142857,2,0,0,1,0
user_00,2023-01-12,11110,561,339.56552970643355,2.1651885634946195,118,5,6.821902504375224,9134.714285714286,3,0,1,1,1
user_00,2023-01-13,10721,479,43.15657079732178,0.09428755706020275,102,7,6.423943069790934,9864.57142857143,4,0,0,0,1
user_00,2023-01-14,9374,336,215.93643652066925,0.6091836742043082,12,6,5.498242956415464,10336.142857142857,5,1,1,0,0
user_00,2023-01-15,13817,269,323.2481518257668,1.9002112695312703,5,6,4.601259118394142,10233.714285714286,6,1,1,1,0
user_00,2023-01-16,13173,430,129.73800840210959,0.36626386410202005,88,8,4.688675774248891,10363.0,0,0,0,0,1
user_00,2023-01-17,9776,215,141.0275425336676,0.9143437744740871,69,6,5.579354677234641,10489.285714285714,1,0,0,0,0
user_00,2023-01-18,3663,562,67.31641686917223,0.6562926587192107,87,6,4.326495378009777,10233.42857142857,2,0,0,0,1
user_00,2023-01-19,10280,200,113.93619775098705,0.11066084206359839,112,6,5.915834914818823,10114.857142857143,3,0,0,0,0
user_00,2023-01-20,8855,324,253.7405378805455,2.0421163546643006,52,8,6.751933032686774,9848.285714285714,4,0,1,1,0
user_00,2023-01-21,7218,500,291.2865394447438,1.1033493981577598,115,5,5.610541975696518,9540.285714285714,5,1,1,1,1
user_00,2023-01-22,9287,196,60.287017586171785,1.5245963302221561,79,5,6.873589415635379,8893.142857142857,6,1,0,1,0
user_00,2023-01-23,9546,445,204.8372233197124,0.6794873255938139,95,6,6.61700377571513,8375.0,0,0,1,0,1
user_00,2023-01-24,9694,437,335.0840423629312,2.027070351117842,56,5,4.769135683566045,8363.285714285714,1,0,1,1,1
user_00,2023-01-25,11815,599,211.86023134240259,0.725556872701355,47,7,6.78182287177731,9527.857142857143,2,0,1,0,1
user_00,2023-01-26,13248,332,139.68382984506437,2.177867036610718,2,7,5.773277544450639,9951.857142857143,3,0,0,1,0
user_00,2023-01-27,4648,555,314.1362604455774,2.006964764142686,98,5,4.06542980449895,9350.857142857143,4,0,1,1,1
user_00,2023-01-28,14426,307,397.78298504432826,0.5277757580320361,67,7,5.179317681648289,10380.57142857143,5,1,1,0,0
user_00,2023-01-29,9015,491,339.6893641976712,1.9728386769010302,32,9,6.146974650457216,10341.714285714286,6,1,1,1,1
user_00,2023-01-30,4045,337,235.94833902421755,2.9366785748250273,50,7,6.537960003691996,9555.857142857143,0,0,1,1,0
user_00,2023-01-31,7893,196,230.76155385054363,1.4775530814565916,68,6,6.482472415243185,9298.57142857143,1,0,1,1,0
user_00,2023-02-01,12435,257,381.5714308010349,2.7445931706613456,98,7,4.0557704062504,9387.142857142857,2,0,1,1,0
user_00,2023-02-02,3606,198,392.1326334864183,0.22603876801838463,84,7,4.250930565828386,8009.714285714285,3,0,1,0,0
user_00,2023-02-03,13257,380,157.87658672378888,2.532639422178934,66,7,4.9197991299595145,9239.57142857143,4,0,0,1,0
user_00,2023-02-04,4686,549,101.6654596278955,0.8858717652568162,89,7,5.2718207506366666,7848.142857142857,5,1,0,0,1
user_00,2023-02-05,10206,576,118.60405745911939,1.2593425693388296,49,7,6.871913988812393,8018.285714285715,6,1,0,1,1
user_00,2023-02-06,10992,135,319.31807158671006,1.9498917923332955,109,6,6.758969220493268,9010.714285714286,0,0,1,1,0
user_00,2023-02-07,8919,314,268.81045411807975,0.9844580024241958,57,7,4.387284128810348,9157.285714285714,1,0,1,0,0
user_00,2023-02-08,10509,404,14.939275499685767,2.4678016819789748,53,7,6.776823004425603,8882.142857142857,2,0,0,1,1
user_00,2023-02-09,3004,202,34.1389859975072,0.1550451635058231,115,4,6.422313761664064,8796.142857142857,3,0,0,0,0
user_00,2023-02-10,9799,368,387.8147468456636,2.1437853125398565,18,7,5.566058400989949,8302.142857142857,4,0,1,1,0
user_00,2023-02-11,12561,328,73.73346973254802,0.24261889985159302,8,6,5.682153093489417,9427.142857142857,5,1,0,0,0
user_00,2023-02-12,14041,195,219.6906658824482,2.143787768100187,103,8,6.226848821980786,9975.0,6,1,1,1,0
user_00,2023-02-13,3580,377,292.0157266247274,0.14314838307494637,25,6,7.872005680472304,8916.142857142857,0,0,1,0,0
user_00,2023-02-14,13457,573,196.64635004673295,1.4204153123416972,32,4,6.524609000630509,9564.42857142857,1,0,0,1,1
user_00,2023-02-15,9905,246,201.25450343203508,2.5694695235649667,68,7,5.399783122841205,9478.142857142857,2,0,1,1,0
user_00,2023-02-16,12087,259,376.092096569983,1.7264225336276369,49,8,4.047912200477498,10775.714285714286,3,0,1,1,0
user_00,2023-02-17,8732,367,154.4410551203097,2.883571691471743,73,6,5.300621951603518,10623.285714285714,4,0,0,1,0
user_00,2023-02-18,6373,485,15.585252924093451,1.8547616530136786,86,8,5.535470251355032,9739.285714285714,5,1,0,1,1
user_00,2023-02-19,12817,517,104.27781129436124,1.4881123628802184,57,6,5.494119946765706,9564.42857142857,6,1,0,1,1
user_00,2023-02-20,10164,348,219.18875329923492,1.2704128269243555,23,7,6.117327383308782,10505.0,0,0,1,1,0
user_00,2023-02-21,8073,596,310.56518429679875,1.0224106207590535,61,5,4.888836187255903,9735.857142857143,1,0,1,1,1
user_00,2023-02-22,13518,316,95.29446096159178,1.1331866585288846,112,7,6.9491429877809985,10252.0,2,0,0,1,0
user_00,2023-02-23,3698,118,155.68067149366524,0.03251295444089508,104,8,5.875474752406316,9053.57142857143,3,0,0,0,0
user_00,2023-02-24,5782,483,193.00837985705698,1.479076973315415,15,8,8.143205188113887,8632.142857142857,4,0,0,1,1
user_00,2023-02-25,8588,583,378.4778171526761,2.3438881514136076,38,7,6.4045828951175245,8948.57142857143,5,1,1,1,1
user_00,2023-02-26,7846,175,275.2120040700156,2.5108916227121214,16,6,6.203822727527467,8238.42857142857,6,1,1,1,0
user_00,2023-02-27,14185,382,282.4968908625985,0.2440463419256993,36,8,6.23748525162194,8812.857142857143,0,0,1,0,0
user_00,2023-02-28,4365,599,94.6740774728315,2.7230811190456388,44,6,5.786552848288153,8283.142857142857,1,0,0,1,1
user_00,2023-03-01,9588,463,223.36169989432202,1.2726660277409287,89,6,5.577822825049003,7721.714285714285,2,0,1,1,1
user_00,2023-03-02,7849,319,228.58921008200426,2.222921582732005,71,7,7.532738913002578,8314.714285714286,3,0,1,1,0
user_00,2023-03-03,3504,290,191.08595635209107,0.24867396508006268,32,6,6.599093325829141,7989.285714285715,4,0,0,0,0
user_00,2023-03-04,7175,473,369.8573320894384,2.757347145835978,35,5,6.49799829124545,7787.428571428572,5,1,1,1,1
user_00,2023-03-05,4256,404,278.29947559384686,1.3636231943033197,116,6,6.976309126481103,7274.571428571428,6,1,1,1,1
user_00,2023-03-06,3667,472,110.95247319245307,0.5643634791712839,89,6,5.124921177131882,5772.0,0,0,0,0,1
user_00,2023-03-07,7964,140,103.97994514170507,1.359722540486493,62,8,5.423096344337597,6286.142857142857,1,0,0,1,0
user_00,2023-03-08,5779,339,65.04677573795652,2.7327815534815274,5,4,7.831458765854354,5742.0,2,0,0,1,0
user_00,2023-03-09,5871,385,346.42555580016335,0.13565601031856822,118,7,5.986222044732808,5459.428571428572,3,0,1,0,0
user_00,2023-03-10,10449,162,157.19577959154364,2.4874926621195432,48,5,5.0987061813353325,6451.571428571428,4,0,0,1,0
user_00,2023-03-11,3384,504,22.550198660370846,2.5941671287651595,80,8,6.1932780618493855,5910.0,5,1,0,1,1
user_00,2023-03-12,10190,584,290.44833762873924,2.2712436061273675,82,7,5.857620514978707,6757.714285714285,6,1,1,1,1
user_00,2023-03-13,7780,304,82.89105960322259,2.634662002437577,103,6,5.696135564569073,7345.285714285715,0,0,0,1,0
user_00,2023-03-14,3249,261,190.48427871560568,2.4941144701875038,49,8,7.755340842443204,6671.714285714285,1,0,0,1,0
user_00,2023-03-15,10901,350,161.3931464849588,0.4020456853519222,46,8,7.212815073682686,7403.428571428572,2,0,0,0,0
user_00,2023-03-16,13314,534,361.2604234706505,1.851791136291876,97,6,7.444338791981811,8466.714285714286,3,0,1,1,1
user_00,2023-03-17,10002,534,361.66347779749935,1.044766401069901,37,5,6.534809290081267,8402.857142857143,4,0,1,1,1
user_00,2023-03-18,6177,150,279.05674859738536,2.3894153270216316,9,6,5.944452301103381,8801.857142857143,5,1,1,1,0
user_00,2023-03-19,14223,168,392.0130301141908,1.4778542819786087,76,8,5.060120213672644,9378.0,6,1,1,1,0
user_00,2023-03-20,14139,283,164.66448574301126,2.6229528145632512,26,4,5.5243286520313974,10286.42857142857,0,0,0,1,0
user_00,2023-03-21,10570,376,67.57402522886582,0.8357710170958759,60,7,8.381636794507951,11332.285714285714,1,0,0,0,0
user_00,2023-03-22,3523,445,357.6869051583703,0.3862451948989317,89,6,6.213979910734222,10278.285714285714,2,0,1,0,1
user_00,2023-03-23,9493,206,368.3489602127253,0.18323387956459125,25,7,5.224768206332312,9732.42857142857,3,0,1,0,0
user_00,2023-03-24,8811,306,214.636258394933,2.7721252773222993,13,4,3.8078699437580212,9562.285714285714,4,0,1,1,0
user_00,2023-03-25,3364,253,14.67328115623916,0.7573108330320623,6,8,7.119574911434577,9160.42857142857,5,1,0,0,0
user_00,2023-03-26,11172,373,178.96494672938186,1.5978517993650696,14,7,6.576174599471101,8724.57142857143,6,1,0,1,0
user_00,2023-03-27,4062,540,336.28399435117245,0.2676129861361686,43,6,3.8893004788498216,7285.0,0,0,1,0,1
user_00,2023-03-28,10561,166,259.5291361166304,1.4387463052627507,99,6,7.390903496185275,7283.714285714285,1,0,1,1,0
user_00,2023-03-29,9891,182,151.50905038051573,1.0123405016157543,51,6,6.9412845780604755,8193.42857142857,2,0,0,1,0
user_00,2023-03-30,3876,553,242.30992774275487,0.7116803752079834,21,6,3.7220495821894426,7391.0,3,0,1,0,1
user_00,2023-03-31,14613,430,35.15504981605755,2.4175946602234304,23,7,5.169049883588962,8219.857142857143,4,0,0,1,1
user_00,2023-04-01,4063,328,392.95144676344256,0.33611670650415704,65,5,6.451411198647498,8319.714285714286,5,1,1,0,0
user_00,2023-04-02,8560,293,222.7051572055719,1.7148380684096995,50,6,6.638623649837644,7946.571428571428,6,1,1,1,0
user_00,2023-04-03,7208,239,45.934729895681414,1.8318601273248978,63,7,6.0107981648096995,8396.0,0,0,0,1,0
user_00,2023-04-04,9988,590,237.55323902315953,1.1076914445296884,119,7,5.423108130476852,8314.142857142857,1,0,1,1,1
user_00,2023-04-05,11512,418,272.6010888895717,2.2806835796690597,74,7,6.464516605242849,8545.714285714286,2,0,1,1,1
user_00,2023-04-06,12310,404,340.2909840065819,2.2379235766461543,49,8,5.84432276460792,9750.57142857143,3,0,1,1,1
user_00,2023-04-07,14157,159,336.7315107033088,0.4193171298788685,104,6,5.680942978933657,9685.42857142857,4,0,1,0,0
user_00,2023-04-08,5898,478,253.5034254880709,2.723598391387548,88,7,7.907018901910556,9947.57142857143,5,1,1,1,1
user_00,2023-04-09,14789,387,185.07191426784257,0.9041336224924262,22,6,6.996940068278403,10837.42857142857,6,1,0,0,0
user_00,2023-04-10,14246,549,217.42114444559544,2.719416332893641,50,6,5.235208613044549,11842.857142857143,0,0,1,1,1
user_00,2023-04-11,4202,555,277.48704296133536,0.5001922799801495,110,7,6.082054871152797,11016.285714285714,1,0,1,0,1
user_00,2023-04-12,3419,256,60.669951893100475,0.9351662033866447,100,6,5.574678765838155,9860.142857142857,2,0,0,0,0
user_00,2023-04-13,13049,109,197.59259485234506,2.26390587558035,117,6,5.021236284217693,9965.714285714286,3,0,0,1,0
user_00,2023-04-14,6228,235,59.96697093950951,0.6877541856979245,75,7,5.8648996920850625,8833.0,4,0,0,0,0
user_00,2023-04-15,13147,391,286.4716298931809,1.7970880943319796,19,7,5.319738412806092,9868.57142857143,5,1,1,1,0
user_00,2023-04-16,9166,402,115.17184659029044,1.8448507894579633,89,6,5.560135712384582,9065.285714285714,6,1,0,1,1
user_00,2023-04-17,12831,415,237.18516210352863,0.30663799267559877,111,7,6.442116665313473,8863.142857142857,0,0,1,0,1
user_00,2023-04-18,6177,596,230.51534406672528,1.8201451391485677,117,6,5.504610757068753,9145.285714285714,1,0,1,1,1
user_00,2023-04-19,12397,570,368.33675304694896,2.6096890861863846,54,6,5.866599142108456,10427.857142857143,2,0,1,1,1
user_00,2023-04-20,11393,535,315.115955485797,1.811164595190417,34,6,3.2153643552178997,10191.285714285714,3,0,1,1,1
user_00,2023-04-21,9490,116,234.8272896546269,0.09854001073031504,50,6,6.277181579358746,10657.285714285714,4,0,1,0,0
user_00,2023-04-22,6572,443,124.58926845310296,2.341487122638263,106,6,4.89347409125833,9718.0,5,1,0,1,1
user_00,2023-04-23,8182,288,73.78514856754244,0.8987877352994311,95,7,6.674280468746775,9577.42857142857,6,1,0,0,0
user_00,2023-04-24,11914,417,82.05585619280286,0.5720631619909997,44,5,7.166500829925106,9446.42857142857,0,0,0,0,1
user_00,2023-04-25,3768,177,285.6236799159313,1.5829431904343574,117,5,6.20370179813885,9102.285714285714,1,0,1,1,0
user_00,2023-04-26,9016,363,344.7142484054069,2.8383463864008984,31,8,6.9515140629429535,8619.285714285714,2,0,1,1,0
user_00,2023-04-27,3054,575,335.9155437826282,2.6009812800345706,7,6,5.2716848500521145,7428.0,3,0,1,1,1
user_00,2023-04-28,13682,354,7.884215101745662,0.31232574595372153,110,6,6.712998430172388,8026.857142857143,4,0,0,0,0
user_00,2023-04-29,10970,195,395.4915127821771,1.8095922065309389,45,6,5.099467114812857,8655.142857142857,5,1,1,1,0
user_00,2023-04-30,9150,429,34.20341234178723,0.623658765438082,18,7,6.958253826152571,8793.42857142857,6,1,0,0,1
user_00,2023-05-01,13112,402,249.90450841730043,1.0075975714495051,1,8,5.329960806444653,8964.57142857143,0,0,1,1,1
user_00,2023-05-02,10083,454,379.3813227848627,2.2908173824792826,23,8,6.038551515350892,9866.714285714286,1,0,1,1,1
user_00,2023-05-03,7223,323,170.08540178769337,0.0674079249603522,13,6,7.620768023467274,9610.57142857143,2,0,0,0,0
user_00,2023-05-04,10368,345,258.0216671077318,1.2651118036598454,25,6,5.221695274597687,10655.42857142857,3,0,1,1,0
user_00,2023-05-05,3074,425,365.7195226241996,0.3532532486704234,99,6,5.32075808328656,9140.0,4,0,1,0,1
user_00,2023-05-06,10141,477,288.08103265291834,0.3197361903860231,85,5,7.570494635261139,9021.57142857143,5,1,1,0,1
user_00,2023-05-07,9136,408,70.14851144937984,2.743235837774879,25,5,7.4549278083256665,9019.57142857143,6,1,0,1,1
user_00,2023-05-08,7225,409,295.2134465705482,0.2483960037753794,35,6,5.2015609525829465,8178.571428571428,0,0,1,0,1
user_00,2023-05-09,10679,263,287.6183620736982,0.8913651468695251,98,8,5.881676577319009,8263.714285714286,1,0,1,0,0
user_00,2023-05-10,9212,411,85.9761514363027,0.09354940518385402,19,6,6.232676357913794,8547.857142857143,2,0,0,0,1
user_00,2023-05-11,10674,464,61.86885635329449,1.8699976527149722,65,7,4.219443316789517,8591.57142857143,3,0,0,1,1
user_00,2023-05-12,3060,526,239.31442330726185,1.3790445382833934,34,6,5.341101578023797,8589.57142857143,4,0,1,1,1
user_00,2023-05-13,7090,404,54.72745236758456,2.8507120614624073,54,7,6.119605668887069,8153.714285714285,5,1,0,1,1
user_00,2023-05-14,8895,578,322.6244591445799,1.976350100132152,117,7,7.028642630303066,8119.285714285715,6,1,1,1,1
user_00,2023-05-15,11680,464,267.9669858200157,0.13249631313030052,15,7,4.723251424179691,8755.714285714286,0,0,1,0,1
user_00,2023-05-16,3390,369,48.209031514585774,2.193071014374845,114,8,5.919584226291008,7714.428571428572,1,0,0,1,0
user_00,2023-05-17,12126,582,127.64018929730226,2.486746422452032,16,7,3.9880819967962284,8130.714285714285,2,0,0,1,1
user_00,2023-05-18,10980,197,353.9993426093124,1.5907953979047005,89,7,5.560268941725825,8174.428571428572,3,0,1,1,0
user_00,2023-05-19,9640,103,316.28926593558543,0.9562575087962097,81,7,5.8037388007237105,9114.42857142857,4,0,1,0,0
user_00,2023-05-20,14713,410,184.77714023023503,2.971023940025331,118,7,5.828086628928242,10203.42857142857,5,1,0,1,1
user_00,2023-05-21,10206,401,140.28472618068406,2.3015648667933806,92,6,6.5678534737712715,10390.714285714286,6,1,0,1,1
user_00,2023-05-22,13616,365,36.67973404457206,1.0091113914852663,83,6,5.718215391139493,10667.285714285714,0,0,0,1,0
user_00,2023-05-23,4165,475,114.8955966616327,0.8889243613679703,61,7,5.7502687171748645,10778.0,1,0,0,0,1
user_00,2023-05-24,5632,498,153.73065886387266,2.0389418480792094,11,7,5.786011155774491,9850.285714285714,2,0,0,1,1
user_00,2023-05-25,14607,110,361.4895868701082,2.967554729440077,70,7,7.621108557787715,10368.42857142857,3,0,1,1,0
user_00,2023-05-26,6564,465,92.26792468710347,0.5295840960165248,89,7,6.50818977749213,9929.0,4,0,0,0,1
user_00,2023-05-27,11245,146,86.5296092146214,1.5547811000291767,19,7,7.0485309385076,9433.57142857143,5,1,0,1,0
user_00,2023-05-28,11194,259,185.35229928624796,1.8688121488053562,110,4,5.121628812907216,9574.714285714286,6,1,0,1,0
user_00,2023-05-29,13874,575,190.67073133214737,0.1331299905997103,97,7,7.083609653905471,9611.57142857143,0,0,0,0,1
user_00,2023-05-30,12610,542,112.55638423101071,0.7579472818826553,37,7,5.369007870126053,10818.0,1,0,0,0,1
user_00,2023-05-31,11228,415,43.78754402178156,2.683439792904202,76,7,7.03047342043583,11617.42857142857,2,0,0,1,1
user_00,2023-06-01,5162,285,228.52757676782966,1.986336030319694,39,6,5.64070790921294,10268.142857142857,3,0,1,1,0
user_00,2023-06-02,10314,435,263.3807338633702,2.5517451872827257,58,6,5.257485649143059,10803.857142857143,4,0,1,1,1
user_00,2023-06-03,12908,269,42.333637531433595,2.096972214118763,59,6,5.166441012720734,11041.42857142857,5,1,0,1,0
user_00,2023-06-04,6741,138,64.30395841932328,2.4539010723571866,77,7,5.384981988660204,10405.285714285714,6,1,0,1,0
user_00,2023-06-05,14309,254,392.4744712109694,1.8954405810500052,94,4,5.3295684329537405,10467.42857142857,0,0,1,1,0
user_00,2023-06-06,14718,173,172.89631355700493,2.5203645082236563,27,8,6.4085123483774264,10768.57142857143,1,0,0,1,0
user_00,2023-06-07,4265,423,120.3854267787265,2.1245162659358447,21,6,5.958429902457476,9773.857142857143,2,0,0,1,1
user_00,2023-06-08,14383,309,348.61472246095053,2.920466907532191,28,7,7.725416275055466,11091.142857142857,3,0,1,1,0
user_00,2023-06-09,13699,106,26.25045782960518,2.464538842222323,110,7,7.0800690003221645,11574.714285714286,4,0,0,1,0
user_00,2023-06-10,14801,581,109.45066651266634,2.9913735004731334,80,5,7.165913715371401,11845.142857142857,5,1,0,1,1
user_00,2023-06-11,5844,256,119.34977239599705,2.519841494017416,46,7,6.872457328280145,11717.0,6,1,0,1,0
user_00,2023-06-12,5896,481,60.4231567123601,1.2970044031278056,20,7,7.549209476526304,10515.142857142857,0,0,0,1,1
user_00,2023-06-13,8626,356,128.29709617525097,2.173268017842351,33,7,5.770597397269648,9644.857142857143,1,0,0,1,0
user_00,2023-06-14,13001,370,188.6129840410051,1.6296984173698745,59,8,6.456753219153784,10892.857142857143,2,0,0,1,0
user_00,2023-06-15,11782,126,337.9132912467551,2.2830719728289965,2,5,5.743189691580967,10521.285714285714,3,0,1,1,0
user_00,2023-06-16,7473,486,74.18354987066174,1.386291872296982,93,7,5.242600483101691,9631.857142857143,4,0,0,1,1
user_00,2023-06-17,4763,108,80.20989068013469,1.4747836402243106,62,4,6.995752236681356,8197.857142857143,5,1,0,1,0
user_00,2023-06-18,6788,308,4.648215963240254,0.21734066338367664,63,6,7.274677338564759,8332.714285714286,6,1,0,0,0
user_00,2023-06-19,11920,388,381.0594552154868,2.7234559589539202,10,4,5.59671049802688,9193.285714285714,0,0,1,1,0
user_00,2023-06-20,14128,145,56.99821716060529,1.4966644603540682,85,5,5.339292751742865,9979.285714285714,1,0,0,1,0
user_00,2023-06-21,11032,101,213.69688239057805,2.6476004574588,29,7,5.2681229143697825,9698.0,2,0,1,1,0
user_00,2023-06-22,13433,265,227.01633930462327,2.0683949074117973,113,8,5.725968185752055,9933.857142857143,3,0,1,1,0
user_00,2023-06-23,4895,558,49.68798669122374,2.6886639080551147,8,8,5.353063222294426,9565.57142857143,4,0,0,1,1
user_00,2023-06-24,11907,363,378.9401850524155,1.8759139806418434,83,7,7.976544273728228,10586.142857142857,5,1,1,1,0
user_00,2023-06-25,14653,413,313.5330213675448,1.4427114943469546,40,6,5.5161141659456785,11709.714285714286,6,1,1,1,1
user_00,2023-06-26,4266,221,131.6069751258649,1.4105477780899953,44,8,7.1293244375395,10616.285714285714,0,0,0,1,0
user_00,2023-06-27,3306,399,222.14542037505248,2.1576053348167914,21,7,9.094049015620952,9070.285714285714,1,0,1,1,0
user_00,2023-06-28,14163,301,161.30454444953273,0.6616833747669698,53,7,4.3314159261224106,9517.57142857143,2,0,0,0,0
user_00,2023-06-29,10005,312,290.8676279065232,2.228119563599943,19,7,6.768123835134716,9027.857142857143,3,0,1,1,0
user_01,2023-01-01,3955,251,217.32020934531536,1.541987603426175,104,8,5.961491530499293,8893.57142857143,6,1,1,1,0
user_01,2023-01-02,12633,519,168.68837074938216,0.8304833917051547,114,6,3.715180427674428,8997.285714285714,0,0,0,0,1
user_01,2023-01-03,5958,324,52.62707405090392,2.147474894046266,111,5,7.444311583712345,7755.142857142857,1,0,0,1,0
user_01,2023-01-04,3001,474,165.2124698590788,0.20739835855985833,40,7,4.354223470484682,7574.428571428572,2,0,0,0,1
user_01,2023-01-05,5278,572,265.04851160332817,0.28578452386387887,16,5,4.754233940900301,7856.142857142857,3,0,1,0,1
user_01,2023-01-06,13238,548,309.38925027464023,0.3926209821550495,44,7,5.700490861827792,7724.0,4,0,1,0,1
user_01,2023-01-07,3629,369,132.35574519566876,1.3463327214942091,75,6,4.740080033626844,6813.142857142857,5,1,0,1,0
user_01,2023-01-08,10115,100,101.0111128301677,1.0777522437487366,27,6,8.076747983560841,7693.142857142857,6,1,0,1,0
user_01,2023-01-09,6568,219,322.2680611800213,1.7560630931902566,78,6,5.548994969870073,6826.714285714285,0,0,1,1,0
user_01,2023-01-10,3281,384,256.0011867347655,0.67410353091804,100,7,5.105436767586216,6444.285714285715,1,0,1,0,0
user_01,2023-01-11,12227,589,158.9515953857604,1.4396912447762196,42,6,6.346488475897993,7762.285714285715,2,0,0,1,1
user_01,2023-01-12,8342,283,206.2384114317001,1.4665397407707605,43,7,6.505427146624818,8200.0,3,0,1,1,0
user_01,2023-01-13,12556,228,292.33178994835055,0.4684915343765218,101,8,4.781027477463874,8102.571428571428,4,0,1,0,0
user_01,2023-01-14,8238,317,149.71870685591705,0.05254797258618671,81,7,7.050654396007612,8761.0,5,1,0,0,0
user_01,2023-01-15,3986,427,318.20414867856124,2.756033390980513,0,6,7.631125852281872,7885.428571428572,6,1,1,1,1
user_01,2023-01-16,13600,189,139.4294668967882,0.4778623357284154,63,6,6.32876241030348,8890.0,0,0,0,0,0
user_01,2023-01-17,9924,172,36.192678114820296,0.8660567865919143,74,7,5.066277747259777,9839.0,1,0,0,0,0
user_01,2023-01-18,12829,118,323.13837677650343,2.286855404329847,104,7,6.948176825362301,9925.0,2,0,1,1,0
user_01,2023-01-19,11189,409,259.62986351775726,0.9851436836552432,64,5,7.071400910373722,10331.714285714286,3,0,1,0,1
user_01,2023-01-20,8592,516,95.01765234973098,1.1197553748880202,43,5,7.009817089342635,9765.42857142857,4,0,0,1,1
user_01,2023-01-21,14081,549,185.39761752022895,1.1393573405376896,25,7,4.818606016701199,10600.142857142857,5,1,0,1,1
user_01,2023-01-22,14214,399,190.67819001646367,1.1830959714550506,86,6,6.3920845297008695,12061.285714285714,6,1,0,1,0
user_01,2023-01-23,11906,150,24.10695611582434,2.803308080416543,85,7,4.889961894908548,11819.285714285714,0,0,0,1,0
user_01,2023-01-24,11564,151,268.0384138443767,2.7888176322659675,27,7,4.429499396376823,12053.57142857143,1,0,1,1,0
user_01,2023-01-25,12873,101,109.0496002934135,1.2406473045760547,88,5,6.5135407081635135,12059.857142857143,2,0,0,1,0
user_01,2023-01-26,10102,411,317.3629032591349,0.555685339642229,55,8,5.924855833189984,11904.57142857143,3,0,1,0,1
user_01,2023-01-27,12600,271,17.365013141927665,1.899454126782067,12,6,6.40119221632689,12477.142857142857,4,0,0,1,0
user_01,2023-01-28,7616,370,244.39239554039668,1.2330854094201142,41,6,5.307094802204093,11553.57142857143,5,1,1,1,0
user_01,2023-01-29,4316,167,109.92241421925443,2.4678429555410353,59,8,6.681006238741557,10139.57142857143,6,1,0,1,0
user_01,2023-01-30,6040,538,234.64338527018964,0.5040426232345903,98,4,5.870179300266574,9301.57142857143,0,0,1,0,1
user_01,2023-01-31,14695,392,256.7886001773064,1.8212821082663422,31,7,4.647835553375275,9748.857142857143,1,0,1,1,0
user_01,2023-02-01,11632,353,56.709757410840744,0.8236207620003761,6,4,4.086893574820975,9571.57142857143,2,0,0,0,0
user_01,2023-02-02,9602,586,136.43600978968823,2.4561211713576983,67,5,6.251571084832319,9500.142857142857,3,0,0,1,1
user_01,2023-02-03,10843,486,160.47516561559308,1.1008682376144021,69,7,5.785067494014608,9249.142857142857,4,0,0,1,1
user_01,2023-02-04,8051,104,27.972642283773652,1.9205046714844982,7,6,6.732975179261481,9311.285714285714,5,1,0,1,0
user_01,2023-02-05,10426,441,267.79478207927605,2.982418083663503,1,6,7.726833842218761,10184.142857142857,6,1,1,1,1
user_01,2023-02-06,3661,399,35.506957643107384,2.8849972078644397,92,7,4.58628550309502,9844.285714285714,0,0,0,1,0
user_01,2023-02-07,5493,257,180.14837450327406,2.268489986685738,16,6,6.383611970787932,8529.714285714286,1,0,0,1,0
user_01,2023-02-08,3236,378,159.72636632372325,0.4572480399912523,4,5,7.227050059970152,7330.285714285715,2,0,0,0,0
user_01,2023-02-09,7037,505,35.64977284640665,2.265811261490424,32,8,6.956702316794584,6963.857142857143,3,0,0,1,1
user_01,2023-02-10,6725,391,121.25134237813144,0.7893377097325286,65,5,6.708089121856677,6375.571428571428,4,0,0,0,0
user_01,2023-02-11,8962,422,158.79260682971338,1.341607621514507,67,5,5.469492377061843,6505.714285714285,5,1,0,1,1
user_01,2023-02-12,13382,441,226.63014486856744,1.1731282891745232,11,8,6.680657939531544,6928.0,6,1,1,1,1
user_01,2023-02-13,14421,315,212.99247702377048,2.1642662019861953,66,6,5.763645262911004,8465.142857142857,0,0,1,1,0
user_01,2023-02-14,10842,165,61.51645986721243,0.6708433034889337,77,8,6.474698232879953,9229.285714285714,1,0,0,0,0
user_01,2023-02-15,11984,352,344.80579290904905,2.768271571540183,13,7,6.529693132905443,10479.0,2,0,1,1,0
user_01,2023-02-16,14138,582,159.46521110892525,0.43912197648674733,116,5,3.0,11493.42857142857,3,0,0,0,1
user_01,2023-02-17,10340,543,310.6894521886771,0.3661051563731851,91,5,6.293269314133503,12009.857142857143,4,0,1,0,1
user_01,2023-02-18,8947,546,256.3305258760825,0.6481145475287988,1,6,7.490726136849952,12007.714285714286,5,1,1,0,1
user_01,2023-02-19,7737,481,397.94652686790687,0.1733416829890999,55,7,5.739659509278239,11201.285714285714,6,1,1,0,1
user_01,2023-02-20,8448,255,121.31005902703822,0.3031374330319401,79,8,6.003046020153414,10348.0,0,0,0,0,0
user_01,2023-02-21,9928,200,246.08777529240436,0.918760862359835,51,6,5.791039512667969,10217.42857142857,1,0,1,0,0
user_01,2023-02-22,10870,161,261.63031814879923,1.0627087213343236,26,6,6.7591551603026465,10058.285714285714,2,0,1,1,0
user_01,2023-02-23,13837,232,4.412505771458886,1.2484619945392845,90,8,6.794017073541133,10015.285714285714,3,0,0,1,0
user_01,2023-02-24,9007,522,247.57927720308862,0.9705011847344213,89,4,5.969061002844376,9824.857142857143,4,0,1,0,1
user_01,2023-02-25,7795,494,181.75093382398435,2.5330712482188478,54,6,6.553833331781546,9660.285714285714,5,1,0,1,1
user_01,2023-02-26,3593,331,324.2743711945065,1.8422439335542082,28,7,6.207093862232951,9068.285714285714,6,1,1,1,0
user_01,2023-02-27,7200,291,314.761354502118,0.9462206872440382,0,6,5.620242660019758,8890.0,0,0,1,0,0
user_01,2023-02-28,11433,413,101.22337312031382,2.3435112713607578,27,6,3.838154538247369,9105.0,1,0,0,1,1
user_01,2023-03-01,10088,178,355.7563664515377,1.3518589701892738,44,5,7.72212860568497,8993.285714285714,2,0,1,1,0
user_01,2023-03-02,13340,107,16.66916024095371,0.25437604813740966,42,6,5.028385961489349,8922.285714285714,3,0,0,0,0
user_01,2023-03-03,12866,535,309.86141247247275,1.984111833211243,27,7,5.292147323256817,9473.57142857143,4,0,1,1,1
user_01,2023-03-04,14615,107,106.0185713300016,0.06283488309273844,95,6,5.2432049114305395,10447.857142857143,5,1,0,0,0
user_01,2023-03-05,5376,549,266.94015921857135,0.0312830981922092,35,8,5.9471400457087,10702.57142857143,6,1,1,0,1
user_01,2023-03-06,5196,263,117.1288146803859,2.939910988076552,117,7,6.829473929231466,10416.285714285714,0,0,0,1,0
user_01,2023-03-07,14551,479,62.65537478952332,0.13120687763990846,16,6,4.718702326523145,10861.714285714286,1,0,0,0,1
user_01,2023-03-08,8946,433,175.76199587778086,1.8388187474835767,21,7,5.723186700111079,10698.57142857143,2,0,0,1,1
user_01,2023-03-09,3685,212,258.3243250620824,0.8577203677174804,31,5,5.186354643940326,9319.285714285714,3,0,1,0,0
user_01,2023-03-10,13900,225,336.7994211560246,2.1854720314848395,6,8,4.703168052044154,9467.0,4,0,1,1,0
user_01,2023-03-11,7330,444,374.95522659884756,0.129521207391035,81,6,6.2733667459719245,8426.285714285714,5,1,1,0,1
user_01,2023-03-12,14870,562,202.3410771807316,2.5221090840336,76,7,6.852166788251833,9782.57142857143,6,1,1,1,1
user_01,2023-03-13,11706,290,42.37228502339718,0.45470811476302075,29,6,6.478089996627456,10712.57142857143,0,0,0,0,0
user_01,2023-03-14,11553,285,3.7326479308373184,0.7400365935648691,4,6,5.379154780717357,10284.285714285714,1,0,0,0,0
user_01,2023-03-15,13047,461,263.02412511120923,0.9327867900226625,20,7,4.8897766134904,10870.142857142857,2,0,1,0,1
user_01,2023-03-16,8132,492,221.69060565280665,0.01568884062873821,89,7,6.797802673049416,11505.42857142857,3,0,1,0,1
user_01,2023-03-17,5634,499,59.55522013297787,0.9168126464706446,55,4,3.905879372336223,10324.57142857143,4,0,0,0,1
user_01,2023-03-18,12235,493,354.4783121860298,1.7791330025603525,36,4,7.262584103427182,11025.285714285714,5,1,1,1,1
user_01,2023-03-19,4080,528,37.196255929252864,1.7646068008451716,3,4,6.303444750924045,9483.857142857143,6,1,0,1,1
user_01,2023-03-20,9841,154,281.1773763914707,0.15841188140558427,23,6,6.827850095962418,9217.42857142857,0,0,1,0,0
user_01,2023-03-21,14154,404,254.5962604196616,0.44699920844773033,23,7,7.306557461764347,9589.0,1,0,1,0,1
user_01,2023-03-22,8469,282,294.20224259501504,0.7075727974310613,62,4,7.854092566334188,8935.0,2,0,1,0,0
user_01,2023-03-23,4283,247,314.26064723209277,0.35500857277016196,69,8,6.87571586240098,8385.142857142857,3,0,1,0,0
user_01,2023-03-24,6471,424,73.79050125345574,1.0867063249568651,49,8,7.675547393544486,8504.714285714286,4,0,0,1,1
user_01,2023-03-25,5757,436,371.8467691502737,2.3477458195540137,18,7,5.805054791571042,7579.285714285715,5,1,1,1,1
user_01,2023-03-26,10999,520,192.36240030122786,1.3055411977660705,63,7,7.772251596669744,8567.714285714286,6,1,0,1,1
user_01,2023-03-27,5839,412,2.8116815254476624,0.17184075323287007,45,7,5.825624969634689,7996.0,0,0,0,0,1
user_01,2023-03-28,9868,513,113.09827583150481,0.13378472511888462,85,5,5.778886904711499,7383.714285714285,1,0,0,0,1
user_01,2023-03-29,3631,493,108.7798904514524,2.278194787253891,105,5,5.515639055727645,6692.571428571428,2,0,0,1,1
user_01,2023-03-30,8347,283,18.600234576026196,1.859098320598247,106,5,6.884045396361049,7273.142857142857,3,0,0,1,0
user_01,2023-03-31,14333,226,94.71372372455416,2.1973461955142692,74,8,6.096749894959117,8396.285714285714,4,0,0,1,0
user_01,2023-04-01,4449,253,167.51732762966455,0.7804733728861535,56,6,6.610809833754775,8209.42857142857,5,1,0,0,0
user_01,2023-04-02,13544,502,123.4794973492781,2.841107963216169,11,6,5.835820588379495,8573.0,6,1,0,1,1
user_01,2023-04-03,3597,388,209.3563645497466,0.3443066156076524,97,7,6.209818128710042,8252.714285714286,0,0,1,0,0
user_01,2023-04-04,7624,197,32.690138298711304,1.3749019245859695,64,8,5.115984545440794,7932.142857142857,1,0,0,1,0
user_01,2023-04-05,6137,429,184.91822440024288,1.2352966247535255,38,6,5.271997058770865,8290.142857142857,2,0,0,1,1
user_01,2023-04-06,7666,237,391.2247271894114,2.3819691491040182,48,6,5.489563947573033,8192.857142857143,3,0,1,1,0
user_01,2023-04-07,12283,465,301.6430721264656,0.05383703570547549,103,5,4.436809191303343,7900.0,4,0,1,0,1
user_01,2023-04-08,5105,383,308.80499052399614,0.08150226367667945,24,7,4.48386417989678,7993.714285714285,5,1,1,0,0
user_01,2023-04-09,5274,361,148.77306716674593,1.3550904576950482,49,6,5.737216611017532,6812.285714285715,6,1,0,1,0
user_01,2023-04-10,9411,173,37.614441773706545,1.070012922425294,40,8,4.61945665475259,7642.857142857143,0,0,0,1,0
user_01,2023-04-11,11078,531,358.7831721694137,1.5605715697546634,59,4,7.029960817581161,8136.285714285715,1,0,1,1,1
user_01,2023-04-12,9530,464,362.45730190630655,0.8307134621334268,39,7,5.484282930066998,8621.0,2,0,1,0,1
user_01,2023-04-13,3612,515,261.71702092998476,0.4563128496668186,3,5,5.457531933293804,8041.857142857143,3,0,1,0,1
user_01,2023-04-14,10183,228,167.1043917100399,2.9523309571094933,20,7,5.2276302156857,7741.857142857143,4,0,0,1,0
user_01,2023-04-15,9274,452,11.745663640956927,2.468875338664458,25,8,5.704598589860971,8337.42857142857,5,1,0,1,1
user_01,2023-04-16,12587,585,216.31750199421776,2.1307283958699346,43,6,7.305969917327189,9382.142857142857,6,1,1,1,1
user_01,2023-04-17,13964,315,197.68497890011994,2.484747757311655,91,7,5.698115494809448,10032.57142857143,0,0,0,1,0
user_01,2023-04-18,12433,289,287.63097894154225,1.260356183543175,33,7,5.6776795307886605,10226.142857142857,1,0,1,1,0
user_01,2023-04-19,10096,378,248.37142699137246,1.0571248398289632,68,8,6.13554459215863,10307.0,2,0,1,1,0
user_01,2023-04-20,11915,480,270.4710248301736,0.9753120462950969,39,7,5.741095026295922,11493.142857142857,3,0,1,0,1
user_01,2023-04-21,9144,555,29.068348644006512,0.23123403585438207,66,6,6.125846969619357,11344.714285714286,4,0,0,0,1
user_01,2023-04-22,10358,120,13.275741824970488,0.9118392037221714,45,8,6.489187130147664,11499.57142857143,5,1,0,0,0
user_01,2023-04-23,4787,432,359.5389552720989,1.952305642676242,5,4,4.861332061529087,10385.285714285714,6,1,1,1,1
user_01,2023-04-24,9701,137,90.69215316940426,1.1448358196016004,61,6,5.909466717695839,9776.285714285714,0,0,0,1,0
user_01,2023-04-25,9999,369,367.23062087966025,0.8401119886514683,47,5,6.8847510547633135,9428.57142857143,1,0,1,0,0
user_01,2023-04-26,13523,567,392.71947730425103,1.8640334917605887,72,6,5.737826297136159,9918.142857142857,2,0,1,1,1
user_01,2023-04-27,4460,416,27.336374212904158,0.7899473512596003,8,6,5.7037325564911185,8853.142857142857,3,0,0,0,1
user_01,2023-04-28,4762,588,119.96764460279388,2.22957959619481,67,8,6.899135713687492,8227.142857142857,4,0,0,1,1
user_01,2023-04-29,10789,185,356.9209992558609,0.5559905385861433,54,7,6.795071616805784,8288.714285714286,5,1,1,0,0
user_01,2023-04-30,13507,134,107.11067019533367,2.3674825397661943,84,6,5.284528302868528,9534.42857142857,6,1,0,1,0
user_01,2023-05-01,10851,516,295.0262996371307,1.5757192725604805,8,7,8.68753436569696,9698.714285714286,0,0,1,1,1
user_01,2023-05-02,4447,431,364.27063177405586,1.3932997086766283,14,6,5.644916101775954,8905.57142857143,1,0,1,1,1
user_01,2023-05-03,10986,137,236.6788649225302,2.107901319256549,3,6,5.497400539393768,8543.142857142857,2,0,1,1,0
user_01,2023-05-04,11770,441,105.07025703946069,0.8147062942531196,90,6,4.451237077876721,9587.42857142857,3,0,0,0,1
user_01,2023-05-05,5261,252,1.168413048544803,0.11929789496570864,5,4,5.307579020126144,9658.714285714286,4,0,0,0,0
user_01,2023-05-06,10616,540,132.5388028412203,1.4461231743362477,39,6,3.368568116580094,9634.0,5,1,0,1,1
user_01,2023-05-07,8808,240,214.80299534054333,2.562407992951513,112,7,5.422469906492446,8962.714285714286,6,1,1,1,0
user_01,2023-05-08,4968,291,205.06709038256656,0.8804664696243649,104,8,5.248030668261181,8122.285714285715,0,0,1,0,0
user_01,2023-05-09,3855,376,138.08925712067685,1.5222358161534266,40,6,6.113134237679971,8037.714285714285,1,0,0,1,0
user_01,2023-05-10,8002,432,371.7706777892456,0.4956118180135505,39,8,6.7688973632244736,7611.428571428572,2,0,1,0,1
user_01,2023-05-11,12324,367,269.8431411664865,0.89018292331227,89,5,5.385227134843082,7690.571428571428,3,0,1,0,0
user_01,2023-05-12,9993,245,45.795055226362045,1.1515166491349385,35,5,8.199098180556703,8366.57142857143,4,0,0,1,0
user_01,2023-05-13,6808,431,32.07200563276138,1.0643138755079526,38,7,7.326968531056676,7822.571428571428,5,1,0,1,1
user_01,2023-05-14,4842,430,239.47696092763894,1.5064608298859605,50,7,6.636596325821829,7256.0,6,1,1,1,1
user_01,2023-05-15,13906,216,360.9813229143367,0.19933153306732465,15,5,6.917545206664121,8532.857142857143,0,0,1,0,0
user_01,2023-05-16,5466,334,194.4001975190412,1.7315996602036523,89,4,6.7326493607290825,8763.0,1,0,0,1,0
user_01,2023-05-17,10446,507,260.9166594367759,2.5368130889697205,53,6,6.919154173610002,9112.142857142857,2,0,1,1,1
user_01,2023-05-18,7020,585,315.5940639683173,1.3392585492047466,97,8,4.621470649956753,8354.42857142857,3,0,1,1,1
user_01,2023-05-19,8160,162,39.54944705625416,2.668956099052699,31,8,3.6082783422872065,8092.571428571428,4,0,0,1,0
user_01,2023-05-20,6361,539,66.25133881130614,1.9372215302868367,36,6,5.569843364408163,8028.714285714285,5,1,0,1,1
user_01,2023-05-21,6273,543,151.56411122352574,0.020131170912179863,110,5,5.194129933503811,8233.142857142857,6,1,0,0,1
user_01,2023-05-22,4829,163,242.31169978107613,1.09378118459262,115,7,6.1418610552074995,6936.428571428572,0,0,1,1,0
user_01,2023-05-23,8744,464,388.81010259863643,0.6854602402643123,87,6,6.409258387597243,7404.714285714285,1,0,1,0,1
user_01,2023-05-24,12370,529,12.382316367737412,1.1639602798406083,105,6,5.556381695482947,7679.571428571428,2,0,0,1,1
user_01,2023-05-25,7340,129,52.01911300445548,2.506440709146983,36,7,6.9039227507368555,7725.285714285715,3,0,0,1,0
user_01,2023-05-26,9139,300,393.6052652841857,0.8652163134562372,46,8,3.961038722994584,7865.142857142857,4,0,1,0,0
user_01,2023-05-27,6236,588,221.48459414320448,1.6251144372300121,85,7,5.457326200265978,7847.285714285715,5,1,1,1,1
user_01,2023-05-28,4439,208,77.84953468194877,0.17294274659707465,45,7,7.260207406078838,7585.285714285715,6,1,0,0,0
user_01,2023-05-29,6456,191,233.19377046584097,2.999141412467742,12,5,5.3459199901856795,7817.714285714285,0,0,1,1,0
user_01,2023-05-30,6170,351,120.19575424017295,0.9774693526933494,23,6,6.454971890600973,7450.0,1,0,0,0,0
user_01,2023-05-31,11848,200,217.20983358306526,0.6832492083096288,63,6,7.769116700263286,7375.428571428572,2,0,1,0,0
user_01,2023-06-01,6211,345,52.26093752938517,2.371529382824655,91,7,7.9678989429281355,7214.142857142857,3,0,0,1,0
user_01,2023-06-02,3882,246,205.16096645887902,0.2810172621177306,51,4,7.261921500713992,6463.142857142857,4,0,1,0,0
user_01,2023-06-03,10269,174,81.28923643443491,2.2853945741330914,14,7,6.674401241494319,7039.285714285715,5,1,0,1,0
user_01,2023-06-04,6536,278,357.7810227296929,1.3679378272798108,91,7,7.491919646345273,7338.857142857143,6,1,1,1,0
user_01,2023-06-05,3364,262,80.18980621136112,0.32779263092886424,115,7,6.963088998213032,6897.142857142857,0,0,0,0,0
user_01,2023-06-06,10742,393,102.41902604198172,0.09237014898134355,46,7,6.789134025146678,7550.285714285715,1,0,0,0,0
user_01,2023-06-07,7117,448,12.219782837351989,2.616145015341023,9,6,4.620381835211069,6874.428571428572,2,0,0,1,1
user_01,2023-06-08,9337,268,111.50394896582121,0.6321148916016095,56,5,4.560435946623816,7321.0,3,0,0,0,0
user_01,2023-06-09,14150,136,2.266325811826908,2.811273085376384,59,7,7.070150238316428,8787.857142857143,4,0,0,1,0
user_01,2023-06-10,6175,122,195.05112386688435,0.2329480040148152,3,7,5.45156032817301,8203.0,5,1,0,0,0
user_01,2023-06-11,10938,497,323.29408400368885,2.843064077893412,33,6,6.336160046276041,8831.857142857143,6,1,1,1,1
user_01,2023-06-12,10913,479,282.83459090667924,0.1506780343919213,65,4,6.63629316843861,9910.285714285714,0,0,1,0,1
user_01,2023-06-13,8409,394,160.52240968788487,0.8775452732122254,119,7,5.658112263828715,9577.0,1,0,0,0,0
user_01,2023-06-14,5368,500,256.1904168703376,2.9369433455244267,20,7,5.521422555378533,9327.142857142857,2,0,1,1,1
user_01,2023-06-15,13576,282,201.23358031193453,1.3480492261189263,9,7,6.818187136105907,9932.714285714286,3,0,1,1,0
user_01,2023-06-16,9555,465,329.0139177536787,2.411875522657561,21,6,7.5570985406242075,9276.285714285714,4,0,1,1,1
user_01,2023-06-17,9046,561,352.79686788865433,2.4713342703034957,74,6,6.0153789813721055,9686.42857142857,5,1,1,1,1
user_01,2023-06-18,6167,313,282.79059498228645,0.1880688648655976,49,7,5.826113358410832,9004.857142857143,6,1,1,0,0
user_01,2023-06-19,8951,256,372.35494882432334,2.480143979793055,106,6,6.874389180712727,8724.57142857143,0,0,1,1,0
user_01,2023-06-20,12010,240,168.95380887372235,1.131940984218971,55,7,5.417241342388418,9239.0,1,0,0,1,0
user_01,2023-06-21,9361,512,155.05952218225883,1.8981356362458026,119,6,5.3914139139935795,9809.42857142857,2,0,0,1,1
user_01,2023-06-22,3234,112,73.12289466276019,0.8353182247513037,10,6,7.058484543530325,8332.0,3,0,0,0,0
user_01,2023-06-23,10122,310,257.6596885903664,0.1445580371798887,100,6,7.111718567524188,8413.0,4,0,1,0,0
user_01,2023-06-24,4519,245,253.76965811463344,2.3123418547916392,104,7,5.67990801905561,7766.285714285715,5,1,1,1,0
user_01,2023-06-25,13270,485,84.79762187946322,1.9720604465103857,74,7,6.573132052692499,8781.0,6,1,0,1,1
user_01,2023-06-26,13070,272,14.375469968621335,1.1842030615344843,7,6,7.12543478441477,9369.42857142857,0,0,0,1,0
user_01,2023-06-27,12131,248,272.87755225064416,1.4044624239030912,64,4,4.587464236578997,9386.714285714286,1,0,1,1,0
user_01,2023-06-28,10480,148,44.60488492851056,1.5475857081369844,43,6,6.788548618317301,9546.57142857143,2,0,0,1,0
user_01,2023-06-29,6173,379,335.30614381828195,2.128148901262173,13,5,5.808972237399831,9966.42857142857,3,0,1,1,0
user_02,2023-01-01,5064,367,238.0526699622726,0.02977146338350689,42,7,5.511402418007336,9243.857142857143,6,1,1,0,0
user_02,2023-01-02,6923,218,309.596551261105,2.318764445628345,103,5,7.097842360888272,9587.285714285714,0,0,1,1,0
user_02,2023-01-03,8818,274,322.86221494595304,0.3606216873617287,5,7,4.7197315906370605,8951.285714285714,1,0,1,0,0
user_02,2023-01-04,9198,541,89.30535420207852,1.9255798765660663,11,8,4.648554235108029,8398.142857142857,2,0,0,1,1
user_02,2023-01-05,6718,327,338.8243307935598,0.07078489393658738,74,7,6.788963355234397,7624.857142857143,3,0,1,0,0
user_02,2023-01-06,14308,313,60.931114265071514,2.6983656376383047,28,7,8.407377583931218,8171.714285714285,4,0,0,1,0
user_02,2023-01-07,8243,570,268.6569126184119,1.7466262793046936,103,8,6.432976682727731,8467.42857142857,5,1,1,1,1
user_02,2023-01-08,14594,242,224.51741717936108,2.3307840309816763,16,7,5.682284903243766,9828.857142857143,6,1,1,1,0
user_02,2023-01-09,3025,124,312.528742298922,1.734895198261082,10,7,6.060608835674933,9272.0,0,0,1,1,0
user_02,2023-01-10,10006,511,257.1275659200697,2.4295805620817585,46,8,7.745016429987788,9441.714285714286,1,0,1,1,1
user_02,2023-01-11,11350,588,275.99989492357736,2.07028967471353,113,7,8.089538721694773,9749.142857142857,2,0,1,1,1
user_02,2023-01-12,8685,260,383.1736484227082,1.5889791718368595,14,5,6.184652775904601,10030.142857142857,3,0,1,1,0
user_02,2023-01-13,9589,309,218.74385639005047,0.5409238062683344,94,4,4.767857670185167,9356.0,4,0,1,0,0
user_02,2023-01-14,14691,592,19.991611463871493,2.530948992155471,111,6,6.59824937462995,10277.142857142857,5,1,0,1,1
user_02,2023-01-15,14755,169,43.55732559241563,1.9096159402600632,47,7,6.6235221029507585,10300.142857142857,6,1,0,1,0
user_02,2023-01-16,8451,238,183.58539175091946,2.758162213718018,86,8,6.0191477774157525,11075.285714285714,0,0,0,1,0
user_02,2023-01-17,8366,107,64.66857449478476,1.4307003194039098,95,6,7.175283107824049,10841.0,1,0,0,1,0
user_02,2023-01-18,6667,187,305.43162754662904,2.56562095505511,43,6,6.604515326355367,10172.0,2,0,1,1,0
user_02,2023-01-19,7967,421,205.87344684857558,2.424826318667813,21,9,5.752974299254003,10069.42857142857,3,0,1,1,1
user_02,2023-01-20,5787,364,61.522809856643114,2.9702591282024464,33,5,8.000367511508081,9526.285714285714,4,0,0,1,0
user_02,2023-01-21,12171,503,301.7059893388091,2.755279296436226,112,6,5.407733469174885,9166.285714285714,5,1,1,1,1
user_02,2023-01-22,11307,448,225.62961153340711,1.0757353845746196,67,7,5.046060580603355,8673.714285714286,6,1,1,1,1
user_02,2023-01-23,6786,140,15.57198533026698,0.10805645487427917,16,7,6.708421042894582,8435.857142857143,0,0,0,0,0
user_02,2023-01-24,10423,238,225.32985681321867,1.2825054939843352,75,6,4.889347803750314,8729.714285714286,1,0,1,1,0
user_02,2023-01-25,13230,426,338.33982018398706,1.20282528741914,77,6,3.0,9667.285714285714,2,0,1,1,1
user_02,2023-01-26,13867,208,236.45212130340659,0.5584076932600438,18,6,7.385148925212324,10510.142857142857,3,0,1,0,0
user_02,2023-01-27,3270,582,202.76817518473385,1.228236215451055,23,6,7.213381399904994,10150.57142857143,4,0,1,1,1
user_02,2023-01-28,6075,422,206.26376234258137,1.3898809598183903,52,7,3.792436274709734,9279.714285714286,5,1,1,1,1
user_02,2023-01-29,7776,412,236.17243592907732,0.18399286692984784,69,6,5.411961421541125,8775.285714285714,6,1,1,0,1
user_02,2023-01-30,6156,416,174.9927706432839,2.6482031420202663,85,7,6.820555419006373,8685.285714285714,0,0,0,1,1
user_02,2023-01-31,13180,496,169.05167880544366,0.9087927169212877,61,6,5.623823397218311,9079.142857142857,1,0,0,0,1
user_02,2023-02-01,7591,478,399.81756748763775,1.217253505845183,15,7,6.142015412255232,8273.57142857143,2,0,1,1,1
user_02,2023-02-02,11463,158,165.78788621573733,2.2614891017076557,31,7,7.40159859294643,7930.142857142857,3,0,0,1,0
user_02,2023-02-03,6722,579,16.96891928275668,0.7959784126664009,67,6,6.330166841192967,8423.285714285714,4,0,0,0,1
user_02,2023-02-04,14108,201,312.2927412803604,2.125469092478392,50,8,6.995532469083081,9570.857142857143,5,1,1,1,0
user_02,2023-02-05,4914,297,368.39780843863036,2.0837862817598563,38,7,5.540269268625773,9162.0,6,1,1,1,0
user_02,2023-02-06,4363,407,62.9305120007313,0.356623173531216,48,7,3.856632675862641,8905.857142857143,0,0,0,0,1
user_02,2023-02-07,10106,573,65.2141347726364,2.358616956783174,67,7,6.299850951770747,8466.714285714286,1,0,0,1,1
user_02,2023-02-08,7173,413,246.36476627068848,2.5298342728092074,118,8,6.575205016106566,8407.0,2,0,1,1,1
user_02,2023-02-09,10032,580,386.81411010245847,0.1550061649738833,64,6,5.951793918512937,8202.57142857143,3,0,1,0,1
user_02,2023-02-10,4855,545,221.08283028741812,1.1896610459698898,42,7,5.13722423595688,7935.857142857143,4,0,1,1,1
user_02,2023-02-11,14414,101,348.56561367634174,2.018108982626694,100,7,5.816808654282878,7979.571428571428,5,1,1,1,0
user_02,2023-02-12,14889,371,392.76227923061566,1.8839801478122942,115,8,5.360235472555867,9404.57142857143,6,1,1,1,0
user_02,2023-02-13,6197,152,122.71063980885648,1.0588755103570697,16,8,5.814570532346926,9666.57142857143,0,0,0,1,0
user_02,2023-02-14,10236,217,98.85262186455677,1.0675642777776342,49,7,5.836679192716102,9685.142857142857,1,0,0,1,0
user_02,2023-02-15,5606,266,377.77943307772136,1.9252031918956747,53,8,5.6396253534196,9461.285714285714,2,0,1,1,0
user_02,2023-02-16,11319,409,240.4410782497313,2.9710853459951156,23,5,5.951347648429548,9645.142857142857,3,0,1,1,1
user_02,2023-02-17,9361,161,207.48039775223802,0.5380940460366314,5,7,6.378666234251412,10288.857142857143,4,0,1,0,0
user_02,2023-02-18,14737,567,169.0914547575729,1.0395725038581547,75,6,4.55035478030147,10335.0,5,1,0,1,1
user_02,2023-02-19,11399,101,114.98466595890005,1.9702681904236712,21,6,6.344897008249919,9836.42857142857,6,1,0,1,0
user_02,2023-02-20,4518,329,27.333641938241684,1.2911242490723798,19,8,5.124100422283892,9596.57142857143,0,0,0,1,0
user_02,2023-02-21,5849,505,386.00614778178874,0.7526791370733075,9,8,7.763557440006718,8969.857142857143,1,0,1,0,1
user_02,2023-02-22,7195,158,239.06731308108124,2.5982869008350744,64,6,5.022437874527313,9196.857142857143,2,0,1,1,0
user_02,2023-02-23,7757,534,353.19752993190923,0.6078979024060295,21,5,5.85839018984419,8688.0,3,0,1,0,1
user_02,2023-02-24,14120,400,233.17042272170525,0.7593046175388263,35,5,5.105467310863611,9367.857142857143,4,0,1,0,0
user_02,2023-02-25,5093,205,295.76329193252474,0.6440035919176104,37,7,5.825645742097164,7990.142857142857,5,1,1,0,0
user_02,2023-02-26,6490,343,299.3537398704925,2.7436459915456766,27,7,5.507553925669482,7288.857142857143,6,1,1,1,0
user_02,2023-02-27,11089,502,235.78159579387886,1.8398750546621372,40,6,6.263487215331059,8227.57142857143,0,0,1,1,1
user_02,2023-02-28,11560,344,350.98801866179275,2.216169452179699,46,7,5.129482894152311,9043.42857142857,1,0,1,1,0
user_02,2023-03-01,8039,389,25.010518297138297,1.376821549790461,66,7,7.634195266577176,9164.0,2,0,0,1,0
user_02,2023-03-02,4629,403,133.21394872215936,2.6548929245417634,18,7,5.307268535511316,8717.142857142857,3,0,0,1,1
user_02,2023-03-03,13626,557,205.4444186177298,0.7600715101789842,90,6,7.469798926277289,8646.57142857143,4,0,1,0,1
user_02,2023-03-04,13748,489,319.8875055859445,1.0008203670871296,59,8,6.721562505126143,9883.0,5,1,1,1,1
user_02,2023-03-05,6258,440,164.53578659965754,2.6211687605466754,59,6,6.113624457494327,9849.857142857143,6,1,0,1,1
user_02,2023-03-06,12550,191,167.75584466678865,1.5002403548147478,10,7,4.686138542022623,10058.57142857143,0,0,0,1,0
user_02,2023-03-07,11326,160,187.81021681754507,0.08493382320800336,91,6,7.443632003468814,10025.142857142857,1,0,0,0,0
user_02,2023-03-08,11312,484,369.61074817029316,0.33564184964737154,28,8,6.546463764147663,10492.714285714286,2,0,1,0,1
user_02,2023-03-09,3802,551,115.67497851837993,0.9294206259674069,59,6,6.353430866486413,10374.57142857143,3,0,0,0,1
user_02,2023-03-10,3060,418,30.654322590099525,2.617907407640506,108,6,4.636627375278842,8865.142857142857,4,0,0,1,1
user_02,2023-03-11,5854,435,350.5277732569246,0.3077038877507694,8,7,3.843399303367212,7737.428571428572,5,1,1,0,1
user_02,2023-03-12,13500,525,353.7506188091885,1.034344260217941,79,8,4.869111564674085,8772.0,6,1,1,1,1
user_02,2023-03-13,14502,264,164.43744355217592,2.1657876825470384,115,7,6.918454443942414,9050.857142857143,0,0,0,1,0
user_02,2023-03-14,14281,193,64.54512042215347,0.25066301253206924,80,7,7.833922652193784,9473.0,1,0,0,0,0
user_02,2023-03-15,12928,333,243.10107323826102,0.7360569424986332,118,7,5.21007397471174,9703.857142857143,2,0,1,0,0
user_02,2023-03-16,8783,171,394.4986687805606,1.244207480902413,32,8,6.389614177370904,10415.42857142857,3,0,1,1,0
user_02,2023-03-17,9318,589,68.67756308217983,1.500338256229881,114,7,8.21920127196178,11309.42857142857,4,0,0,1,1
user_02,2023-03-18,3204,147,242.2551557293646,0.35161171704070027,28,7,6.651136241823657,10930.857142857143,5,1,1,0,0
user_02,2023-03-19,12540,381,358.26991104751147,0.6129491501969109,48,6,5.235008051243873,10793.714285714286,6,1,1,0,0
user_02,2023-03-20,10374,128,251.37058264583482,2.0658948879236267,15,7,7.758620484195133,10204.0,0,0,1,1,0
user_02,2023-03-21,6904,192,328.55534516027774,2.5299785033636493,114,6,5.797019362604343,9150.142857142857,1,0,1,1,0
user_02,2023-03-22,8057,524,353.0239507089389,1.3989292684205104,52,6,5.326953154872988,8454.285714285714,2,0,1,1,1
user_02,2023-03-23,6719,121,191.704035965815,0.5451698796844695,103,8,5.440257526404518,8159.428571428572,3,0,0,0,0
user_02,2023-03-24,7780,181,150.18757138660015,2.41144363558034,78,6,5.906387590716552,7939.714285714285,4,0,0,1,0
user_02,2023-03-25,11397,419,243.3635743520071,2.119902790402789,3,8,6.968006474940633,9110.142857142857,5,1,1,1,1
user_02,2023-03-26,11026,513,87.06695983221442,1.9850528651995694,48,7,6.24892909531666,8893.857142857143,6,1,0,1,1
user_02,2023-03-27,14767,306,19.463065464685325,1.7430452801253284,72,7,4.870349770399518,9521.42857142857,0,0,0,1,0
user_02,2023-03-28,14763,308,5.851303551070286,0.6217268993066349,43,6,5.520507032600757,10644.142857142857,1,0,0,0,0
user_02,2023-03-29,11411,489,299.9911193808283,2.7246854661009685,86,5,5.642056168598685,11123.285714285714,2,0,1,1,1
user_02,2023-03-30,3489,584,216.65856728670394,2.274801876168177,75,6,6.933232448315634,10661.857142857143,3,0,1,1,1
user_02,2023-03-31,14783,203,125.53072328976623,0.7245018839785003,58,8,6.655603912873426,11662.285714285714,4,0,0,0,0
user_02,2023-04-01,6278,435,30.78866775234963,2.088468435413776,11,5,6.596782779674976,10931.0,5,1,0,1,1
user_02,2023-04-02,3383,161,276.9435689844232,0.7921859540811563,37,8,4.468771936816623,9839.142857142857,6,1,1,0,0
user_02,2023-04-03,9111,255,185.2458855350046,0.835372639120719,26,5,4.767476685231491,9031.142857142857,0,0,0,0,0
user_02,2023-04-04,12166,306,311.21009725786126,2.2825539927923453,69,6,6.816339155938344,8660.142857142857,1,0,1,1,0
user_02,2023-04-05,3160,127,86.89235458120433,1.391970394393275,21,7,6.355889377554319,7481.428571428572,2,0,0,1,0
user_02,2023-04-06,6759,489,171.5939727363562,0.6031954561498354,119,6,6.644628246317697,7948.571428571428,3,0,0,0,1
user_02,2023-04-07,4205,480,26.90236558694714,0.28475381046500914,19,8,4.823696743076731,6437.428571428572,4,0,0,0,1
user_02,2023-04-08,14663,352,127.24177876138883,2.8834782471304954,74,7,7.4313667818311835,7635.285714285715,5,1,0,1,0
user_02,2023-04-09,9644,390,6.297165198270793,0.051449345745594344,23,7,5.599264430812609,8529.714285714286,6,1,0,0,0
user_02,2023-04-10,6839,334,2.1384643417457827,2.815241231574432,68,4,5.830848824256679,8205.142857142857,0,0,0,1,0
user_02,2023-04-11,8660,482,293.20144785134136,2.028376192764871,60,7,4.600693825198059,7704.285714285715,1,0,1,1,1
user_02,2023-04-12,9039,238,371.6558080061851,1.025715834316471,68,5,4.642209104742124,8544.142857142857,2,0,1,1,0
user_02,2023-04-13,8232,269,286.04006451348,1.7794746571184046,74,6,7.0587438299148095,8754.57142857143,3,0,1,1,0
user_02,2023-04-14,9837,309,44.02531368044609,2.7751415260290435,43,8,7.077651309529143,9559.142857142857,4,0,0,1,0
user_02,2023-04-15,5505,505,62.48262747464879,1.9078209804801327,3,6,8.236283650795986,8250.857142857143,5,1,0,1,1
user_02,2023-04-16,13669,241,24.241963085963913,2.0561860303380173,32,6,3.9496516784375504,8825.857142857143,6,1,0,1,0
user_02,2023-04-17,7627,321,364.08521394710266,1.9170964767447625,89,5,4.848985916380493,8938.42857142857,0,0,1,1,0
user_02,2023-04-18,5789,421,368.5230048851902,1.7495724128312928,71,6,5.850994800636134,8528.285714285714,1,0,1,1,1
user_02,2023-04-19,7735,439,352.389202255863,2.6487444495561663,61,8,5.195684240340007,8342.0,2,0,1,1,1
user_02,2023-04-20,9231,355,321.05612494117184,2.9917136997108082,83,8,6.074776267921969,8484.714285714286,3,0,1,1,0
user_02,2023-04-21,10431,306,338.9551722285495,0.1871822057948317,19,7,6.308450108331515,8569.57142857143,4,0,1,0,0
user_02,2023-04-22,12116,502,220.75085456847427,2.3682282657407567,70,6,5.961788972528679,9514.0,5,1,1,1,1
user_02,2023-04-23,5775,493,29.928482077989216,1.3153701457517344,83,6,5.537184313660489,8386.285714285714,6,1,0,1,1
user_02,2023-04-24,9026,209,252.23237663323692,0.6591203711742012,55,6,4.703883335750105,8586.142857142857,0,0,1,0,0
user_02,2023-04-25,11828,112,25.02593688778063,0.6315208189960289,85,8,7.500571368962668,9448.857142857143,1,0,0,0,0
user_02,2023-04-26,10357,552,191.39844650238476,2.3416680806616412,109,7,7.035847304867619,9823.42857142857,2,0,0,1,1
user_02,2023-04-27,5782,578,158.28318542951703,2.145559364340724,52,8,5.678757233882088,9330.714285714286,3,0,0,1,1
user_02,2023-04-28,3687,117,266.88493487767244,2.331147856955268,14,8,6.136821829671294,8367.285714285714,4,0,1,1,0
user_02,2023-04-29,14088,131,355.80772441750526,1.1144017878731303,90,7,5.606878810800094,8649.0,5,1,1,1,0
user_02,2023-04-30,6915,527,274.81566023299223,1.9742477542475712,98,7,5.291214919753461,8811.857142857143,6,1,1,1,1
user_02,2023-05-01,3186,444,205.54029383063917,2.7098940431271314,108,7,7.625958915362063,7977.571428571428,0,0,1,1,1
user_02,2023-05-02,4881,369,257.8980994307274,0.6894801773928553,38,6,6.961956619555378,6985.142857142857,1,0,1,0,0
user_02,2023-05-03,6262,521,341.881380037279,0.4959068584138838,66,7,5.569614523602984,6400.142857142857,2,0,1,0,1
user_02,2023-05-04,11597,195,370.84951274577975,2.9097795760355725,71,6,6.800748021323299,7230.857142857143,3,0,1,1,0
user_02,2023-05-05,14145,486,357.5940820187843,1.0124409770246945,58,7,6.48387665118804,8724.857142857143,4,0,1,1,1
user_02,2023-05-06,6416,226,88.20170537425884,0.6546226036565167,83,7,7.228980502489062,7628.857142857143,5,1,0,0,0
user_02,2023-05-07,13956,436,60.81942696979672,1.3749707837627263,14,6,5.216477815864618,8634.714285714286,6,1,0,1,1
user_02,2023-05-08,8850,208,377.86629286843805,1.829824675788155,58,5,6.998816644778151,9443.857142857143,0,0,1,1,0
user_02,2023-05-09,3886,101,304.1697246729887,1.5387664943242971,29,8,5.127846320806705,9301.714285714286,1,0,1,1,0
user_02,2023-05-10,14601,368,269.7598607255926,2.2886800066630926,111,9,6.221491623278395,10493.0,2,0,1,1,0
user_02,2023-05-11,5761,463,200.51025785029174,0.1507290294689464,51,6,6.6933246903326005,9659.285714285714,3,0,1,0,1
user_02,2023-05-12,6871,370,186.2730167049118,2.320143143346749,56,8,6.485464524646742,8620.142857142857,4,0,0,1,0
user_02,2023-05-13,6303,141,156.83743076182907,2.2523089476331672,42,5,4.572666410484535,8604.0,5,1,0,1,0
user_02,2023-05-14,12940,440,334.026378182008,2.7820655417588913,85,6,7.56461974116075,8458.857142857143,6,1,1,1,1
user_02,2023-05-15,8831,332,113.12045226819988,1.2557468565944674,87,7,6.252240396426678,8456.142857142857,0,0,0,1,0
user_02,2023-05-16,4874,458,106.19856297162893,1.8343908336769825,18,7,6.533400851237562,8597.285714285714,1,0,0,1,1
user_02,2023-05-17,14481,276,112.64641684225269,2.8900809613381138,51,5,6.579007700149264,8580.142857142857,2,0,0,1,0
user_02,2023-05-18,13939,593,317.79232714140244,0.8343874664598373,109,6,4.748621753572607,9748.42857142857,3,0,1,0,1
user_02,2023-05-19,13848,546,393.9382975868376,2.8169892662579326,113,7,4.852308610184332,10745.142857142857,4,0,1,1,1
user_02,2023-05-20,9615,474,387.2305525802934,1.340143581775561,33,8,5.627727515714401,11218.285714285714,5,1,1,1,1
user_02,2023-05-21,12497,503,301.5472330839652,1.7336733380822649,66,6,7.478723609467892,11155.0,6,1,1,1,1
user_02,2023-05-22,14956,143,164.47899555301834,1.207218777897935,94,7,7.012136460908531,12030.0,0,0,0,1,0
user_02,2023-05-23,12903,282,42.82287142167442,1.3201741395281963,65,6,4.115213640983726,13177.0,1,0,0,1,0
user_02,2023-05-24,8552,215,47.95643738908484,2.2047775421846825,96,7,7.3720614239496856,12330.0,2,0,0,1,0
user_02,2023-05-25,12175,476,156.0480938753357,1.0653949432614378,106,8,6.199810433718714,12078.0,3,0,0,1,1
user_02,2023-05-26,7059,326,226.64210356218518,1.971091494702322,66,7,6.5063669775262545,11108.142857142857,4,0,1,1,0
user_02,2023-05-27,5052,477,230.7429524530801,1.3919450945006622,55,8,5.776932964519259,10456.285714285714,5,1,1,1,1
user_02,2023-05-28,10616,459,12.977378418874785,1.9761529161810665,91,7,4.758239424518376,10187.57142857143,6,1,0,1,1
user_02,2023-05-29,9078,547,375.3262914605264,2.4562206884521522,93,7,6.757266933535405,9347.857142857143,0,0,1,1,1
user_02,2023-05-30,9686,151,10.900004780326045,1.5707594556643587,21,7,4.452696011061635,8888.285714285714,1,0,0,1,0
user_02,2023-05-31,9837,525,329.4208906447276,2.462088482300338,37,6,5.481392020969706,9071.857142857143,2,0,1,1,1
user_02,2023-06-01,7624,189,62.41432453599076,2.5037728577858163,111,6,6.55174079991092,8421.714285714286,3,0,0,1,0
user_02,2023-06-02,12454,171,323.3622955574764,2.4708708322469204,26,7,5.8131966087389975,9192.42857142857,4,0,1,1,0
user_02,2023-06-03,10984,506,212.62886107469248,0.09797718235348762,4,5,4.758766092639127,10039.857142857143,5,1,1,0,1
user_02,2023-06-04,9289,487,224.87552442581006,2.1442598293318373,12,7,5.092991841617341,9850.285714285714,6,1,1,1,1
user_02,2023-06-05,10658,338,264.7110929886554,0.2304091449432646,18,8,6.168691325339433,10076.0,0,0,1,0,0
user_02,2023-06-06,13283,459,127.860822116825,1.3145301499990658,70,7,5.643261436740972,10589.857142857143,1,0,0,1,1
user_02,2023-06-07,12343,497,111.23980602654258,0.6508687375916385,67,6,5.461840998793272,10947.857142857143,2,0,0,0,1
user_02,2023-06-08,5284,293,222.81620531001406,0.6941419091305441,23,6,4.885216095283485,10613.57142857143,3,0,1,0,0
user_02,2023-06-09,3961,363,20.085772676182103,1.3938395064269127,102,8,5.43841206462672,9400.285714285714,4,0,0,1,0
user_02,2023-06-10,11849,469,270.9752284913178,1.2853737115463864,59,5,6.752827213808473,9523.857142857143,5,1,1,1,1
user_02,2023-06-11,13589,489,377.269929184514,0.7114333979331336,107,7,6.309998983165555,10138.142857142857,6,1,1,0,1
user_02,2023-06-12,6217,370,193.60822900376164,1.542286327653779,100,8,5.749601352629914,9503.714285714286,0,0,0,1,0
user_02,2023-06-13,6177,238,285.138398344382,2.0900853343102455,62,7,7.279464931657751,8488.57142857143,1,0,1,1,0
user_02,2023-06-14,3725,553,176.22941120492294,0.3972138404893638,21,8,7.070610559979186,7257.428571428572,2,0,0,0,1
user_02,2023-06-15,3224,117,48.155031515635606,2.8155893504193914,22,7,6.949173706427673,6963.142857142857,3,0,0,1,0
user_02,2023-06-16,5931,355,366.77681928036634,2.3288714325478432,97,7,5.775254379485015,7244.571428571428,4,0,1,1,0
user_02,2023-06-17,13152,124,264.6874730575826,1.8073483258997634,97,8,5.489304730245838,7430.714285714285,5,1,1,1,0
user_02,2023-06-18,10381,272,121.8409423096762,0.7935474119665147,63,7,4.611014863827542,6972.428571428572,6,1,0,0,0
user_02,2023-06-19,8874,117,343.1820363660229,2.1934720333647517,15,6,7.00459290912649,7352.0,0,0,1,1,0
user_02,2023-06-20,9447,397,235.34088839326134,1.193053243299164,102,8,4.9788375424397,7819.142857142857,1,0,1,1,0
user_02,2023-06-21,4902,474,219.94742511048207,0.15171931147268658,11,6,6.6550406137817895,7987.285714285715,2,0,1,0,1
user_02,2023-06-22,7471,391,326.9221248852947,2.7911952605079766,79,7,5.496080528625737,8594.0,3,0,1,1,0
user_02,2023-06-23,12117,250,84.45037702321497,2.257405012759483,108,6,7.767829058405178,9477.714285714286,4,0,0,1,0
user_02,2023-06-24,8555,374,86.50021127461156,0.6257651032231522,36,6,5.830331841218778,8821.0,5,1,0,0,0
user_02,2023-06-25,7933,418,144.4298905364149,1.2253667442254477,15,7,7.210690573755903,8471.285714285714,6,1,0,1,1
user_02,2023-06-26,4810,570,321.1404835982184,0.739559716913949,117,5,5.247564762646965,7890.714285714285,0,0,1,0,1
user_02,2023-06-27,9382,434,330.42587381931423,2.019276392733651,3,8,5.626218394808971,7881.428571428572,1,0,1,1,1
user_02,2023-06-28,6748,377,268.508330091653,0.811931825945297,33,7,3.0469248993487303,8145.142857142857,2,0,1,0,0
user_02,2023-06-29,7675,246,67.6247113758865,1.0554150192310576,34,7,6.712322159580162,8174.285714285715,3,0,0,1,0
user_03,2023-01-01,3287,421,173.74459925648708,1.3393257653896462,65,8,6.209713299197367,6912.857142857143,6,1,0,1,1
user_03,2023-01-02,10469,522,373.77321550137657,2.067262961244689,0,7,5.3230048615414685,7186.285714285715,0,0,1,1,1
user_03,2023-01-03,9761,298,101.21053636810129,2.5966871495166104,107,6,5.728544264547926,7447.428571428572,1,0,0,1,0
user_03,2023-01-04,10498,592,54.03205849030428,0.45532622955330615,26,7,5.944552637886208,8260.0,2,0,0,0,1
user_03,2023-01-05,8856,432,264.4562713714786,1.9567060593973222,46,7,5.725714969287399,8184.857142857143,3,0,1,1,1
user_03,2023-01-06,9897,462,45.376326841566694,2.990727655768066,31,5,6.533485076824528,8634.714285714286,4,0,0,1,1
user_03,2023-01-07,7683,445,5.472965904272442,0.2447961600145151,97,7,5.904714652854995,8635.857142857143,5,1,0,0,1
user_03,2023-01-08,14671,510,253.36469609685085,2.416577740728171,65,7,6.937915537510655,10262.142857142857,6,1,1,1,1
user_03,2023-01-09,5172,458,200.11141408310414,0.20818225771255017,77,8,5.7604926312350555,9505.42857142857,0,0,1,0,1
user_03,2023-01-10,7427,249,57.312583481056436,2.1441565005061083,35,7,6.874176917238323,9172.0,1,0,0,1,0
user_03,2023-01-11,14180,263,245.7943110046525,1.7435862711628696,22,5,4.862312543449266,9698.0,2,0,1,1,0
user_03,2023-01-12,14367,342,237.38455308188952,0.0487303296283611,69,6,3.0,10485.285714285714,3,0,1,0,0
user_03,2023-01-13,10940,208,357.7060473025656,1.934708715877068,77,6,5.242143803994124,10634.285714285714,4,0,1,1,0
user_03,2023-01-14,5237,570,326.110532436224,2.6832131659455216,83,6,6.030031479164082,10284.857142857143,5,1,1,1,1
user_03,2023-01-15,14672,194,151.99163158615784,1.821405842650731,90,5,5.380927263482791,10285.0,6,1,0,1,0
user_03,2023-01-16,10754,522,394.93446343181836,1.3323106707198558,28,7,5.6053731878016,11082.42857142857,0,0,1,1,1
user_03,2023-01-17,10604,210,127.32163787693894,1.46710732592286,83,6,5.6009011461790745,11536.285714285714,1,0,0,1,0
user_03,2023-01-18,13948,574,47.82479910082258,1.717928559346754,19,6,7.083340437911316,11503.142857142857,2,0,0,1,1
user_03,2023-01-19,10269,574,247.6690941463347,0.5599198193930477,59,7,4.048392806459847,10917.714285714286,3,0,1,0,1
user_03,2023-01-20,8162,310,90.41327871546083,1.653152859884797,89,7,8.320040722017259,10520.857142857143,4,0,0,1,0
user_03,2023-01-21,7306,339,42.19337098441427,1.7567630516178374,94,7,5.835795895303483,10816.42857142857,5,1,0,1,0
user_03,2023-01-22,14045,197,199.25197741921696,2.0679312363080706,45,8,6.574071220894002,10726.857142857143,6,1,0,1,0
user_03,2023-01-23,3375,362,256.3862112395031,1.398544773382671,24,6,7.162458286592306,9672.714285714286,0,0,1,1,0
user_03,2023-01-24,14826,216,211.88558644334705,2.1971653397926647,79,7,6.871075728845596,10275.857142857143,1,0,1,1,0
user_03,2023-01-25,13355,217,251.24781249742873,2.7919274290558795,6,8,5.021185753918861,10191.142857142857,2,0,1,1,0
user_03,2023-01-26,11504,125,326.30776185404284,1.4001842813038512,96,7,5.020278775283193,10367.57142857143,3,0,1,1,0
user_03,2023-01-27,3272,550,180.69579039257752,1.0641856701906378,92,8,5.969614510490014,9669.0,4,0,0,1,1
user_03,2023-01-28,13857,146,246.571270948748,1.3723291676096645,37,8,5.416436527684073,10604.857142857143,5,1,1,1,0
user_03,2023-01-29,13064,309,79.05568823645206,0.5415546851772708,56,6,4.975971409113621,10464.714285714286,6,1,0,0,0
user_03,2023-01-30,5560,335,156.69698022491127,0.4879824453164554,16,6,6.689431570515133,10776.857142857143,0,0,0,0,0
user_03,2023-01-31,13310,577,145.45814356777984,0.2957826907258094,7,8,4.140220447029092,10560.285714285714,1,0,0,0,1
user_03,2023-02-01,8930,382,237.1083763480739,0.4450810118685504,27,7,6.167517612530043,9928.142857142857,2,0,1,0,0
user_03,2023-02-02,14294,359,245.76000297252955,1.5709902481638323,45,5,6.317146984710475,10326.714285714286,3,0,1,1,0
user_03,2023-02-03,10837,377,190.73555109324977,1.8902793805849902,93,6,5.388730600805182,11407.42857142857,4,0,0,1,0
user_03,2023-02-04,9396,356,129.2398806665349,2.9632486172975656,89,7,6.434632365470634,10770.142857142857,5,1,0,1,0
user_03,2023-02-05,11210,200,169.06241351558333,2.986913500784425,29,7,5.510760767000906,10505.285714285714,6,1,0,1,0
user_03,2023-02-06,3861,254,136.73891419923683,2.621624866563055,75,6,6.870248993911311,10262.57142857143,0,0,0,1,0
user_03,2023-02-07,8811,586,152.38073800939,0.16369622484809687,2,7,5.738953808119847,9619.857142857143,1,0,0,0,1
user_03,2023-02-08,12401,516,334.1490121136984,0.5906636153270507,10,8,4.265072367864938,10115.714285714286,2,0,1,0,1
user_03,2023-02-09,9103,121,87.26973183730928,2.806134483921352,41,6,6.121254683103932,9374.142857142857,3,0,0,1,0
user_03,2023-02-10,11415,319,5.732362346800501,1.4350064450116675,57,7,5.385877434991684,9456.714285714286,4,0,0,1,0
user_03,2023-02-11,8673,152,209.36054836880328,0.6803178759589371,38,6,5.789833092208099,9353.42857142857,5,1,1,0,0
user_03,2023-02-12,5395,128,154.68282281759116,0.15345061686119288,110,7,5.378298443761112,8522.714285714286,6,1,0,0,0
user_03,2023-02-13,7270,487,2.93366033447211,0.0774281785895452,7,5,6.17698631145506,9009.714285714286,0,0,0,0,1
user_03,2023-02-14,6899,433,383.91640816194007,0.1460845451997893,14,8,4.663274561124069,8736.57142857143,1,0,1,0,1
user_03,2023-02-15,12643,100,132.1565894662466,1.7676438430435666,71,8,6.744991419614082,8771.142857142857,2,0,0,1,0
user_03,2023-02-16,6917,524,66.42994093340549,0.17731746262696357,5,6,5.498634580516048,8458.857142857143,3,0,0,0,1
user_03,2023-02-17,14707,418,268.173733518767,1.925458550404306,26,6,5.93581583871118,8929.142857142857,4,0,1,1,1
user_03,2023-02-18,13720,167,70.83290215891593,0.2952725673041062,66,7,6.0569544402548985,9650.142857142857,5,1,0,0,0
user_03,2023-02-19,5653,528,94.76959755868938,0.29089701289627423,117,6,7.93515404006023,9687.0,6,1,0,0,1
user_03,2023-02-20,7270,418,312.65302322129884,1.311154565526563,110,7,6.907618276800207,9687.0,0,0,1,1,1
user_03,2023-02-21,9681,337,384.6463228184663,2.190730003073604,87,7,7.444487488946501,10084.42857142857,1,0,1,1,0
user_03,2023-02-22,10607,374,133.67708566924398,2.192611037328481,91,7,3.71028445020737,9793.57142857143,2,0,0,1,0
user_03,2023-02-23,13492,225,23.84693013786361,2.0761516591192346,97,3,7.10407060928205,10732.857142857143,3,0,0,1,0
user_03,2023-02-24,4366,409,23.670828745416728,1.8984078319845206,34,6,4.826120035591027,9255.57142857143,4,0,0,1,1
user_03,2023-02-25,14606,526,280.2902085137055,1.7670602729427347,76,8,4.778504936933435,9382.142857142857,5,1,1,1,1
user_03,2023-02-26,8014,446,228.1147754925562,0.6303215787370554,114,6,4.330199846903653,9719.42857142857,6,1,1,0,1
user_03,2023-02-27,5387,446,104.4649730043441,2.084859358029143,108,7,4.593000422036921,9450.42857142857,0,0,0,1,1
user_03,2023-02-28,14440,442,126.92219096819461,2.7358787525988997,91,6,6.119556924598485,10130.285714285714,1,0,0,1,1
user_03,2023-03-01,12713,396,198.49568876032558,0.8568779656867292,37,6,5.688648573223975,10431.142857142857,2,0,0,0,0
user_03,2023-03-02,8622,472,188.65979630023816,0.2742659754514145,17,8,6.05166097685108,9735.42857142857,3,0,0,0,1
user_03,2023-03-03,9115,252,9.025804682138894,2.584994654097303,106,6,4.5230526903546515,10413.857142857143,4,0,0,1,0
user_03,2023-03-04,7818,124,299.9439725153075,2.739124400669568,0,6,5.596632326653511,9444.142857142857,5,1,1,1,0
user_03,2023-03-05,4462,501,122.56617974041455,1.6654013602595654,5,6,6.2000148511717486,8936.714285714286,6,1,0,1,1
user_03,2023-03-06,5598,386,68.73178414306338,1.5542324941210341,115,6,7.480108791954615,8966.857142857143,0,0,0,1,0
user_03,2023-03-07,4191,108,123.52091013984614,0.8806043773759813,80,8,4.5205557768602755,7502.714285714285,1,0,0,0,0
user_03,2023-03-08,12873,210,271.626641798255,2.7952212099495246,41,7,5.6360806065103635,7525.571428571428,2,0,1,1,0
user_03,2023-03-09,10533,355,358.95428698548596,0.7685745433180649,98,6,4.637088586650025,7798.571428571428,3,0,1,0,0
user_03,2023-03-10,3548,173,364.6903507651103,0.12086683720362634,70,7,6.637338547767729,7003.285714285715,4,0,1,0,0
user_03,2023-03-11,13047,586,33.48997513813936,1.157818532810782,89,7,7.054412112219412,7750.285714285715,5,1,0,1,1
user_03,2023-03-12,10601,375,157.42213444252621,0.3921519707692719,1,7,4.952177945872307,8627.285714285714,6,1,0,0,0
user_03,2023-03-13,14638,169,146.7845628028802,0.4416812232315509,74,4,7.66431238772454,9918.714285714286,0,0,0,0,0
user_03,2023-03-14,10099,566,209.36287402698875,2.764540175722254,87,7,6.266818396295402,10762.714285714286,1,0,1,1,1
user_03,2023-03-15,9326,369,73.12535541569036,2.868875644540084,6,8,6.1103211058471905,10256.0,2,0,0,1,0
user_03,2023-03-16,8109,331,324.9562896744604,0.2472179155858446,79,5,6.084058435836936,9909.714285714286,3,0,1,0,0
user_03,2023-03-17,4030,254,314.0334628959028,0.8210953730351129,5,7,6.364140296054662,9978.57142857143,4,0,1,0,0
user_03,2023-03-18,9040,538,200.23172697233252,1.937175130053161,25,5,6.312378210466572,9406.142857142857,5,1,1,1,1
user_03,2023-03-19,9221,534,380.95470095948986,0.986467853545828,55,5,5.573731443323575,9209.0,6,1,1,0,1
user_03,2023-03-20,12836,484,239.13599473827398,0.24589720393098657,117,6,6.072874098015515,8951.57142857143,0,0,1,0,1
user_03,2023-03-21,3615,106,286.98599624476486,1.426427145698201,101,7,5.519042529583886,8025.285714285715,1,0,1,1,0
user_03,2023-03-22,8417,472,254.41893693565066,1.2053794053282734,36,8,5.848285566422771,7895.428571428572,2,0,1,1,1
user_03,2023-03-23,9146,471,373.5463771384995,1.2066712045413373,13,7,5.684913268805891,8043.571428571428,3,0,1,1,1
user_03,2023-03-24,14891,250,244.80341198378213,0.9189029906626126,113,8,6.187295549823219,9595.142857142857,4,0,1,0,0
user_03,2023-03-25,9947,346,108.22370259519656,0.7463753662175312,46,7,7.352202678867144,9724.714285714286,5,1,0,0,0
user_03,2023-03-26,13143,355,4.28611907814358,1.6327720110457524,0,7,4.325814301186097,10285.0,6,1,0,1,0
user_03,2023-03-27,10265,181,176.2659533697174,2.6397438801810433,30,6,5.893662997468685,9917.714285714286,0,0,0,1,0
user_03,2023-03-28,14831,193,166.0582615970983,1.2665767016420342,116,6,6.403191210760522,11520.0,1,0,0,1,0
user_03,2023-03-29,11633,229,372.32962999604564,1.982395589072731,93,7,6.02106019836436,11979.42857142857,2,0,1,1,0
user_03,2023-03-30,14923,547,138.00673596982645,0.16419812077495766,103,7,8.884232276573647,12804.714285714286,3,0,0,0,1
user_03,2023-03-31,10893,377,328.8912450308042,2.2585459676466186,109,4,6.767476072520033,12233.57142857143,4,0,1,1,0
user_03,2023-04-01,3512,315,123.08112535593753,0.7265239510424116,26,7,6.807461835612445,11314.285714285714,5,1,0,0,0
user_03,2023-04-02,4128,538,14.236092322590554,2.9829909080571446,79,7,6.933740292537338,10026.42857142857,6,1,0,1,1
user_03,2023-04-03,14703,117,180.88099164141548,2.217274265978859,42,7,6.0280129153588895,10660.42857142857,0,0,0,1,0
user_03,2023-04-04,3918,281,3.964278196461457,2.3341389194495976,57,6,7.005655093076597,9101.42857142857,1,0,0,1,0
user_03,2023-04-05,10942,395,111.77812292756104,2.3475004331408806,67,6,6.647408878574803,9002.714285714286,2,0,0,1,0
user_03,2023-04-06,5521,433,343.5045719354816,0.9776440278473711,41,6,7.029882539130331,7659.571428571428,3,0,1,0,1
user_03,2023-04-07,9103,510,0.2391755339181234,0.9234574500783574,112,6,4.711794393017481,7403.857142857143,4,0,0,0,1
user_03,2023-04-08,6768,538,89.56983511863581,1.0898183891966986,92,7,6.9160103197910905,7869.0,5,1,0,1,1
user_03,2023-04-09,9568,141,42.720281600945455,2.8602086381462852,111,7,4.800862765651729,8646.142857142857,6,1,0,1,0
user_03,2023-04-10,4230,209,366.3230333402689,2.1537980728203054,118,7,5.532177817167734,7150.0,0,0,1,1,0
user_03,2023-04-11,14740,297,31.14260784350784,2.866344574314202,90,6,4.8976905257587084,8696.0,1,0,0,1,0
user_03,2023-04-12,12269,267,84.91425666743653,0.3466751300418952,99,6,6.2120933530741755,8885.57142857143,2,0,0,0,0
user_03,2023-04-13,6398,207,115.5874099684234,1.1311617930050963,67,9,4.736291706020998,9010.857142857143,3,0,0,1,0
user_03,2023-04-14,3001,109,77.70942840072057,1.341603096649314,11,7,7.300526858596006,8139.142857142857,4,0,0,1,0
user_03,2023-04-15,3437,338,218.8181382462311,0.26233950539965634,17,6,5.1757288226829905,7663.285714285715,5,1,1,0,0
user_03,2023-04-16,3026,381,293.8834281060103,2.0987895990705847,54,7,6.269294752580734,6728.714285714285,6,1,1,1,0
user_03,2023-04-17,11997,218,191.09685055981438,1.4344767706675323,34,6,5.669021826386395,7838.285714285715,0,0,0,1,0
user_03,2023-04-18,5728,250,298.2870664819149,2.4778227573357547,30,4,5.4717029533370205,6550.857142857143,1,0,1,1,0
user_03,2023-04-19,9413,279,254.2581287810453,1.0678733204119215,70,6,7.867037108811227,6142.857142857143,2,0,1,1,0
user_03,2023-04-20,10099,308,170.39900778737126,2.903228474501147,110,7,7.67390158874206,6671.571428571428,3,0,0,1,0
user_03,2023-04-21,5600,131,145.00079381260525,2.471992955639935,80,6,6.493654847643151,7042.857142857143,4,0,0,1,0
user_03,2023-04-22,9257,298,165.24295909085768,0.5980364684135494,59,7,6.238480811363931,7874.285714285715,5,1,0,0,0
user_03,2023-04-23,13776,200,144.1576160216445,0.26121361673192456,40,7,5.210661494280326,9410.0,6,1,0,0,0
user_03,2023-04-24,7823,328,339.5695477904291,1.1918144185213793,61,4,5.684903266967891,8813.714285714286,0,0,1,1,0
user_03,2023-04-25,9961,467,232.6256817751955,2.1440870257072024,84,7,6.996118214911129,9418.42857142857,1,0,1,1,1
user_03,2023-04-26,11044,500,78.18320014735995,0.4986880861549762,100,8,5.840384174751788,9651.42857142857,2,0,0,0,1
user_03,2023-04-27,3156,322,1.5348582031203595,1.5060245932175464,119,6,4.010960692848984,8659.57142857143,3,0,0,1,0
user_03,2023-04-28,3996,346,297.56207492086077,2.7576240931611755,88,7,4.602502676080736,8430.42857142857,4,0,1,1,0
user_03,2023-04-29,8599,280,76.13479003801902,2.7516617754745885,18,6,5.338824365171734,8336.42857142857,5,1,0,1,0
user_03,2023-04-30,11834,462,318.52026536605285,2.4988121769559832,71,8,6.5714083877187806,8059.0,6,1,1,1,1
user_03,2023-05-01,5349,455,322.03892481645397,2.5351189466899275,61,7,4.187665416229278,7705.571428571428,0,0,1,1,1
user_03,2023-05-02,7582,447,247.68172691686195,1.4408827763740675,70,7,5.078050472934939,7365.714285714285,1,0,1,1,1
user_03,2023-05-03,10328,125,10.747061617974119,1.1414456564791076,66,6,3.4115833677958003,7263.428571428572,2,0,0,1,0
user_03,2023-05-04,12355,317,210.01973609815386,2.1218367357170016,87,3,6.423673198749563,8577.57142857143,3,0,1,1,0
user_03,2023-05-05,13151,165,8.834338120471896,1.073883583598294,76,8,7.2149735112922375,9885.42857142857,4,0,0,1,0
user_03,2023-05-06,4299,286,375.485854149614,1.4770869105588775,39,7,5.260667210643276,9271.142857142857,5,1,1,1,0
user_03,2023-05-07,14819,337,27.376283697050454,2.692191954964759,21,7,7.084429577384396,9697.57142857143,6,1,0,1,0
user_03,2023-05-08,6122,587,189.37426375000857,2.563642179606541,5,5,4.903214162550653,9808.0,0,0,0,1,1
user_03,2023-05-09,3142,291,331.07007791250874,2.2196034798012105,52,6,6.520553057732427,9173.714285714286,1,0,1,1,0
user_03,2023-05-10,7500,427,128.82701407829188,1.6792339840010249,71,4,5.1038849715634145,8769.714285714286,2,0,0,1,1
user_03,2023-05-11,14017,239,77.14822747584572,0.27814443243080966,33,6,6.3631156277445236,9007.142857142857,3,0,0,0,0
user_03,2023-05-12,14197,322,212.98836315355896,1.6932497633392432,3,7,7.011847083639415,9156.57142857143,4,0,1,1,0
user_03,2023-05-13,10288,231,233.07445862183314,0.3723221031413322,11,7,6.37955030461223,10012.142857142857,5,1,1,0,0
user_03,2023-05-14,13546,366,249.35182638396282,1.8074075113717993,72,6,5.582707893187997,9830.285714285714,6,1,1,1,0
user_03,2023-05-15,3739,109,325.25906206719395,0.7724369284311745,35,6,6.021881320571318,9489.857142857143,0,0,1,0,0
user_03,2023-05-16,10124,441,223.2684735561763,1.0410070062365997,38,7,5.198933009600176,10487.285714285714,1,0,1,1,1
user_03,2023-05-17,8413,345,344.9958487593204,0.9479914233756821,73,7,6.360647891435795,10617.714285714286,2,0,1,0,0
user_03,2023-05-18,12111,150,34.16121206508866,2.9173841700837064,119,7,4.234417197562485,10345.42857142857,3,0,0,1,0
user_03,2023-05-19,11992,542,313.20009253888077,2.2504596882945376,115,5,5.390099237128077,10030.42857142857,4,0,1,1,1
user_03,2023-05-20,11301,279,151.19761545046123,2.9435446763815265,24,6,5.420875890364254,10175.142857142857,5,1,0,1,0
user_03,2023-05-21,9401,117,40.225092833377744,1.1797844552976455,83,7,7.84389869200195,9583.0,6,1,0,1,0
user_03,2023-05-22,13861,353,126.2132722652542,0.31987085680979366,43,7,7.060592335982367,11029.0,0,0,0,0,0
user_03,2023-05-23,3942,112,280.346278897552,0.8556174080412422,18,6,5.886919664113765,10145.857142857143,1,0,1,0,0
user_03,2023-05-24,6381,307,127.21584467780795,2.77392537338591,52,7,6.7658782794806145,9855.57142857143,2,0,0,1,0
user_03,2023-05-25,8533,281,99.89767169174209,1.0298264671933448,89,8,6.399649105418968,9344.42857142857,3,0,0,1,0
user_03,2023-05-26,9737,176,344.26712871555407,2.0847551393445225,100,6,6.944006142661491,9022.285714285714,4,0,1,1,0
user_03,2023-05-27,10318,523,298.4718554209089,2.4061148108486057,14,7,5.138595365217029,8881.857142857143,5,1,1,1,1
user_03,2023-05-28,8288,280,126.48604902533202,2.5349125609203043,119,6,5.22088202963732,8722.857142857143,6,1,0,1,0
user_03,2023-05-29,8262,339,61.94302963152851,1.1189995067005891,3,6,5.674274223262912,7923.0,0,0,0,1,0
user_03,2023-05-30,4008,318,338.9077639850895,0.6180170356561197,15,4,6.994336079877929,7932.428571428572,1,0,1,0,0
user_03,2023-05-31,11075,189,326.6620972806494,2.655716636122696,91,7,4.77167760491911,8603.0,2,0,1,1,0
user_03,2023-06-01,7379,411,48.298654358672046,2.930896638379868,97,7,5.825849390250779,8438.142857142857,3,0,0,1,1
user_03,2023-06-02,5883,280,132.86900882469303,2.102425254005221,71,7,4.377066997318762,7887.571428571428,4,0,0,1,0
user_03,2023-06-03,7277,406,81.39519782212501,2.8636615272525,94,8,5.5068551442458515,7453.142857142857,5,1,0,1,1
user_03,2023-06-04,14202,108,347.8134687259919,0.5419726239339095,34,7,7.41823878290629,8298.0,6,1,1,0,0
user_03,2023-06-05,10422,528,97.01771063318829,0.8750803521647581,79,6,4.576429357818872,8606.57142857143,0,0,0,0,1
user_03,2023-06-06,5911,317,47.295356988856206,2.8618356374813283,87,7,7.000021715092823,8878.42857142857,1,0,0,1,0
user_03,2023-06-07,4173,231,280.439034945708,1.2321946304730362,70,5,7.440585080601879,7892.428571428572,2,0,1,1,0
user_03,2023-06-08,14630,267,124.28613132457897,1.5434688069361164,54,5,7.638359732270941,8928.285714285714,3,0,0,1,0
user_03,2023-06-09,14630,560,345.7465065823893,1.3706642152118005,63,4,5.965478200168689,10177.857142857143,4,0,1,1,1
user_03,2023-06-10,4334,568,166.86571159028082,2.6332482145878746,30,7,6.9313409231830025,9757.42857142857,5,1,0,1,1
user_03,2023-06-11,10060,562,201.10007664384491,2.5183597026286524,18,6,5.753616597485452,9165.714285714286,6,1,1,1,1
user_03,2023-06-12,3867,567,312.0192348160174,1.414879095585785,6,7,5.55784502976348,8229.285714285714,0,0,1,1,1
user_03,2023-06-13,7150,365,182.6922371543361,0.9876918460241836,102,6,4.722464177867045,8406.285714285714,1,0,0,0,0
user_03,2023-06-14,5738,504,38.677823915026856,2.1613702243882686,102,7,6.071864164458334,8629.857142857143,2,0,0,1,1
user_03,2023-06-15,4168,168,7.7792201472324685,0.5663820833203334,51,6,5.936876986888752,7135.285714285715,3,0,0,0,0
user_03,2023-06-16,6555,405,4.205289816661395,2.285669683132452,96,8,4.332843662822644,5981.714285714285,4,0,0,1,1
user_03,2023-06-17,13040,484,314.0759537691365,1.4622189093024227,91,7,6.1178586522475475,7225.428571428572,5,1,1,1,1
user_03,2023-06-18,14780,219,188.89939957806342,0.9729866374108999,56,5,5.373684723816993,7899.714285714285,6,1,0,0,0
user_03,2023-06-19,3551,422,292.0006884323446,1.0732642898811426,108,7,5.741919290135949,7854.571428571428,0,0,1,1,1
user_03,2023-06-20,7052,283,386.6233757522176,2.834122145017445,114,8,7.2305604288692065,7840.571428571428,1,0,1,1,0
user_03,2023-06-21,13514,310,271.88191143073357,1.7105448952640818,41,6,6.024763538095803,8951.42857142857,2,0,1,1,0
user_03,2023-06-22,14182,357,179.97746970754383,2.078726733074303,16,7,5.6920976577294,10382.0,3,0,0,1,0
user_03,2023-06-23,9567,528,22.282734446098075,0.3876714003082481,29,6,6.519902139528752,10812.285714285714,4,0,0,0,1
user_03,2023-06-24,11498,251,277.98805324859035,1.5455010851597664,56,5,3.9001267677809532,10592.0,5,1,1,1,0
user_03,2023-06-25,14034,310,135.19262018793447,2.1164700740193503,84,6,5.5880941600724485,10485.42857142857,6,1,0,1,0
user_03,2023-06-26,8053,202,204.4375285889592,1.3365534434794837,45,7,7.303433441515737,11128.57142857143,0,0,1,1,0
user_03,2023-06-27,3988,181,347.1918506923612,1.7493172718396939,33,6,5.112230488461459,10690.857142857143,1,0,1,1,0
user_03,2023-06-28,9654,492,346.82407295157896,0.7319859070574167,50,7,4.7537359860655695,10139.42857142857,2,0,1,0,1
user_03,2023-06-29,12219,266,386.648888358443,1.3303173085081321,75,7,6.929409984790816,9859.0,3,0,1,1,0
user_04,2023-01-01,3403,480,20.662942845856413,0.14788347829324933,87,5,6.167362453511703,8978.42857142857,6,1,0,0,1
user_04,2023-01-02,14049,457,305.5426000800856,1.542245762298556,65,8,6.045871444884565,9342.857142857143,0,0,1,1,1
user_04,2023-01-03,8315,426,272.5128442129735,2.1479540806251722,118,7,5.994632527606519,8525.857142857143,1,0,1,1,1
user_04,2023-01-04,6250,481,158.16730809695122,2.06156998940603,69,6,5.658825419329989,8268.285714285714,2,0,0,1,1
user_04,2023-01-05,14826,166,27.571151253859448,1.4506495523711072,16,6,6.126267736234068,9816.57142857143,3,0,0,1,0
user_04,2023-01-06,10398,187,95.50070843440963,0.6406285634710241,68,6,5.7573712121998435,9922.857142857143,4,0,0,0,0
user_04,2023-01-07,13775,585,390.5826117741641,2.8639990706372065,2,6,7.359887546588408,10145.142857142857,5,1,1,1,1
user_04,2023-01-08,6127,207,172.8924238018033,0.27446255516237617,45,7,4.95478563767929,10534.285714285714,6,1,0,0,0
user_04,2023-01-09,12959,340,24.362217294073083,2.104695796808827,76,7,4.923320872528986,10378.57142857143,0,0,0,1,0
user_04,2023-01-10,13713,121,121.63785438851353,2.4348810433345607,98,7,5.077407333172472,11149.714285714286,1,0,0,1,0
user_04,2023-01-11,4548,219,183.1852857958142,1.1903679762437527,117,7,6.1473512731432445,10906.57142857143,2,0,0,1,0
user_04,2023-01-12,5164,283,218.75246951497317,2.1433790516573454,66,6,4.417823236653873,9526.285714285714,3,0,1,1,0
user_04,2023-01-13,8185,169,72.70543910447769,1.512398525755315,56,5,4.063204711267761,9210.142857142857,4,0,0,1,0
user_04,2023-01-14,4574,244,182.03025420815376,0.4906613835905621,22,5,5.700186543031338,7895.714285714285,5,1,0,0,0
user_04,2023-01-15,4875,188,175.45960737439378,0.11627080666254741,71,6,8.09793933913243,7716.857142857143,6,1,0,0,0
user_04,2023-01-16,10406,232,13.750743340690086,1.9168890659198539,116,7,5.992417112078958,7352.142857142857,0,0,0,1,0
user_04,2023-01-17,7777,222,276.6573607893273,2.3850346107854112,96,6,8.631440405426517,6504.142857142857,1,0,1,1,0
user_04,2023-01-18,13589,496,186.90439840300104,0.32013545730706283,118,5,5.417692872068818,7795.714285714285,2,0,0,0,1
user_04,2023-01-19,6933,413,248.6074896136194,0.6595858691069306,6,6,4.567328710260347,8048.428571428572,3,0,1,0,1
user_04,2023-01-20,7566,575,244.15042391267684,2.504921357048887,25,8,6.119476340975714,7960.0,4,0,1,1,1
user_04,2023-01-21,7732,278,174.70312713883,1.3920012845892789,119,7,6.942788514140076,8411.142857142857,5,1,0,1,0
user_04,2023-01-22,13260,138,389.7757242553901,2.9268057574699573,90,8,6.358889759946853,9609.0,6,1,1,1,0
user_04,2023-01-23,11638,198,215.6764318054532,0.7652802984971382,0,6,5.928353114188352,9785.0,0,0,1,0,0
user_04,2023-01-24,4074,485,330.5561246402221,2.104497304395498,63,6,7.139612940573444,9256.0,1,0,1,1,1
user_04,2023-01-25,3229,288,378.75207853640944,0.825510337464204,35,5,5.749941544208102,7776.0,2,0,1,0,0
user_04,2023-01-26,3386,557,264.7242914297699,2.450670868512505,84,4,5.6254677406127165,7269.285714285715,3,0,1,1,1
user_04,2023-01-27,3122,243,15.91885093426102,1.7930470065703772,51,8,5.982064519424861,6634.428571428572,4,0,0,1,0
user_04,2023-01-28,13394,265,200.41609479384138,1.7182815988652602,101,7,6.500143033113884,7443.285714285715,5,1,1,1,0
user_04,2023-01-29,14462,419,133.56098861062156,0.7627774829667916,117,7,7.178948399236668,7615.0,6,1,0,0,1
user_04,2023-01-30,3604,595,233.01351097629438,2.051364602669624,9,7,6.286792897544197,6467.285714285715,0,0,1,1,1
user_04,2023-01-31,11740,441,379.1184264057828,1.189771723158989,92,6,5.781997191416862,7562.428571428572,1,0,1,1,1
user_04,2023-02-01,7468,324,216.5450553584528,0.852175167121287,90,6,7.849362141386381,8168.0,2,0,1,0,0
user_04,2023-02-02,3726,320,270.092335024815,0.6176459645349635,35,7,5.195240653381261,8216.57142857143,3,0,1,0,0
user_04,2023-02-03,5970,228,30.96462079390023,1.5385060873054262,24,6,6.9420029169365645,8623.42857142857,4,0,0,1,0
user_04,2023-02-04,3564,165,28.316574404469776,1.9811647571874764,1,7,6.449900229409393,7219.142857142857,5,1,0,1,0
user_04,2023-02-05,12583,311,256.17890959730113,0.9424861915109163,0,4,6.553388983074427,6950.714285714285,6,1,1,0,0
user_04,2023-02-06,8077,547,197.74832441830324,2.7445048499906344,64,8,7.622174918869854,7589.714285714285,0,0,0,1,1
user_04,2023-02-07,5063,158,258.3711572092157,0.6986374384554451,15,8,6.5392804508806766,6635.857142857143,1,0,1,0,0
user_04,2023-02-08,4603,398,371.2056946917524,0.496260456385228,74,5,4.6474913105592774,6226.571428571428,2,0,1,0,0
user_04,2023-02-09,6787,106,351.49860947077195,0.5900016971709218,47,6,6.489083878150742,6663.857142857143,3,0,1,0,0
user_04,2023-02-10,11867,387,270.7280174520188,0.9047606096206546,55,6,5.087189080703487,7506.285714285715,4,0,1,0,0
user_04,2023-02-11,4600,424,56.553421686536076,0.39096129951700764,106,7,7.074333004770244,7654.285714285715,5,1,0,0,1
user_04,2023-02-12,10848,501,214.91026946721524,2.031372790447692,43,7,3.2257798240151856,7406.428571428572,6,1,1,1,1
user_04,2023-02-13,8362,172,169.9133366096745,1.025246526977782,1,6,6.794301131977006,7447.142857142857,0,0,0,1,0
user_04,2023-02-14,13195,101,42.81165368441524,2.342097912514886,100,4,3.0638379699008436,8608.857142857143,1,0,0,1,0
user_04,2023-02-15,11461,346,31.320668191822996,1.7202954760669833,105,8,4.661793344495621,9588.57142857143,2,0,0,1,0
user_04,2023-02-16,7067,199,350.2740510344424,0.8142925928281597,28,7,5.033843276629583,9628.57142857143,3,0,1,0,0
user_04,2023-02-17,6932,359,250.70133941693248,0.43828969662396067,43,7,7.719040612841821,8923.57142857143,4,0,1,0,0
user_04,2023-02-18,7157,461,42.98022105156325,0.05073839976482197,81,6,5.156598451542963,9288.857142857143,5,1,0,0,1
user_04,2023-02-19,14725,452,386.17945384024847,2.7474430445722318,43,4,5.700818227572565,9842.714285714286,6,1,1,1,1
user_04,2023-02-20,5251,128,326.3823157660826,1.1349468214957783,29,6,4.188547916237461,9398.285714285714,0,0,1,1,0
user_04,2023-02-21,7675,124,283.585706849511,2.7183027860412774,34,7,5.827855726291527,8609.714285714286,1,0,1,1,0
user_04,2023-02-22,3808,271,48.15125980221353,1.7423057508432649,1,5,4.06569324255573,7516.428571428572,2,0,0,1,0
user_04,2023-02-23,4129,399,244.45660928449846,2.9512051010272735,88,6,5.389218054914129,7096.714285714285,3,0,1,1,0
user_04,2023-02-24,10734,422,398.4897972178555,1.4236006878673222,23,7,7.310191908080897,7639.857142857143,4,0,1,1,1
user_04,2023-02-25,14049,303,164.37702094004396,1.8129132594644366,102,6,4.960913357070625,8624.42857142857,5,1,0,1,0
user_04,2023-02-26,3947,145,257.48792252997833,0.8314330556200795,93,7,5.1308060214483975,7084.714285714285,6,1,1,0,0
user_04,2023-02-27,12490,360,137.351115829829,0.05729759806117751,82,5,5.690350286011939,8118.857142857143,0,0,0,0,0
user_04,2023-02-28,3701,182,207.2061395634079,0.022389421251658215,38,6,5.58009699713241,7551.142857142857,1,0,1,0,0
user_04,2023-03-01,8191,232,176.07213147887725,0.2079233191148845,48,7,5.604784998215949,8177.285714285715,2,0,0,0,0
user_04,2023-03-02,13912,206,179.2341949132306,1.4637005858379055,113,5,3.167674075015859,9574.857142857143,3,0,0,1,0
user_04,2023-03-03,13661,485,366.7024012474987,2.402454299579251,37,4,8.638175256620599,9993.0,4,0,1,1,1
user_04,2023-03-04,9985,372,185.57450538195636,0.7374557610677239,69,6,3.0,9412.42857142857,5,1,0,0,0
user_04,2023-03-05,12867,198,254.8343555418862,2.6960031046579918,47,6,6.761690336925962,10686.714285714286,6,1,1,1,0
user_04,2023-03-06,12609,282,88.18819239974793,0.49369817528800475,1,6,5.063306520189469,10703.714285714286,0,0,0,0,0
user_04,2023-03-07,13871,542,266.5629218779676,0.8562122053902674,112,6,5.358026337698166,12156.57142857143,1,0,1,0,1
user_04,2023-03-08,8579,232,385.7952900095417,0.8683091040900658,67,7,7.563900144899533,12212.0,2,0,1,0,0
user_04,2023-03-09,9865,111,31.450684395903217,0.9927442973405856,44,7,4.493758614373691,11633.857142857143,3,0,0,0,0
user_04,2023-03-10,12718,413,84.83249499095109,0.716993040634654,117,6,5.729771680972712,11499.142857142857,4,0,0,0,1
user_04,2023-03-11,8791,163,119.78308957370186,0.8065707387125151,65,6,6.270836515833954,11328.57142857143,5,1,0,0,0
user_04,2023-03-12,12410,433,296.8089807519041,0.09453912924663477,52,8,6.809718265087845,11263.285714285714,6,1,1,0,1
user_04,2023-03-13,4428,382,378.8611744025419,1.2193881538562166,43,5,6.547655771919192,10094.57142857143,0,0,1,1,0
user_04,2023-03-14,14511,401,322.04768350186595,2.5503982040551105,8,5,4.712367803554466,10186.0,1,0,1,1,1
user_04,2023-03-15,8057,315,385.9714406007304,0.8206260870058107,45,8,9.226131658919702,10111.42857142857,2,0,1,0,0
user_04,2023-03-16,4400,229,280.5454241241766,0.04311885533333293,1,7,5.696435674734085,9330.714285714286,3,0,1,0,0
user_04,2023-03-17,14100,119,199.5871776883172,0.21663955600556384,113,6,6.662781886020961,9528.142857142857,4,0,0,0,0
user_04,2023-03-18,12896,422,259.3027816311288,0.5171590863154987,12,6,6.194804915160635,10114.57142857143,5,1,1,0,1
user_04,2023-03-19,12506,431,305.0136151102139,1.754792681936165,102,7,6.495805021027571,10128.285714285714,6,1,1,1,1
user_04,2023-03-20,5868,567,200.7478124098015,1.3648706391832115,117,9,6.253967960900943,10334.0,0,0,1,1,1
user_04,2023-03-21,9159,597,104.27006309623744,0.8906870228041289,105,8,5.629774408133645,9569.42857142857,1,0,0,0,1
user_04,2023-03-22,3648,587,287.9987210509785,0.30349685883930966,76,7,6.721903485438141,8939.57142857143,2,0,1,0,1
user_04,2023-03-23,10492,313,128.02269075411638,2.2894501732366836,81,7,7.023200973347986,9809.857142857143,3,0,0,1,0
user_04,2023-03-24,7155,410,171.0167421438848,0.4825808804552937,81,7,7.105638510041112,8817.714285714286,4,0,0,0,1
user_04,2023-03-25,4176,376,374.4652166203986,1.54055360022531,80,8,6.8599814402736135,7572.0,5,1,1,1,0
user_04,2023-03-26,10860,458,136.38662538499386,2.4163988491217605,61,7,6.137519572723685,7336.857142857143,6,1,0,1,1
user_04,2023-03-27,13165,116,367.1090609977758,2.7250416307290286,119,8,6.04595939611877,8379.285714285714,0,0,1,1,0
user_04,2023-03-28,7439,440,42.50636191695833,2.3352852203441996,60,6,6.369123654337354,8133.571428571428,1,0,0,1,1
user_04,2023-03-29,13255,523,32.80429648327505,0.8954792942248898,20,6,5.292089059325924,9506.0,2,0,0,0,1
user_04,2023-03-30,9952,233,183.10584508165365,2.2785604461508324,65,7,6.734180793535136,9428.857142857143,3,0,0,1,0
user_04,2023-03-31,13195,553,114.43596881250424,2.168306028032387,100,6,6.414824482035875,10291.714285714286,4,0,0,1,1
user_04,2023-04-01,6253,298,141.01169652020693,2.16805072342346,87,7,5.081884827565481,10588.42857142857,5,1,0,1,0
user_04,2023-04-02,14683,355,49.42659496063047,0.3710725518412822,62,4,5.959428127189848,11134.57142857143,6,1,0,0,0
user_04,2023-04-03,6949,501,365.87782413482284,1.480630978768359,98,8,4.813663572890146,10246.57142857143,0,0,1,1,1
user_04,2023-04-04,14730,513,45.45841547868776,0.011755124853279786,62,7,7.010959206419032,11288.142857142857,1,0,0,0,1
user_04,2023-04-05,8085,186,46.06231496114815,1.7643781964035645,42,7,6.249365591126607,10549.57142857143,2,0,0,1,0
user_04,2023-04-06,6435,229,248.22273880938343,1.9150501953921923,85,7,6.53097566196409,10047.142857142857,3,0,1,1,0
user_04,2023-04-07,7938,511,144.6664332780171,0.3252011181498682,28,7,4.721580077642852,9296.142857142857,4,0,0,0,1
user_04,2023-04-08,9261,301,250.03662107461145,2.8385606819737834,62,7,6.94881309647162,9725.857142857143,5,1,1,1,0
user_04,2023-04-09,8330,147,334.43156031811236,0.4643581045383359,107,5,6.324688581635084,8818.285714285714,6,1,1,0,0
user_04,2023-04-10,13203,433,180.02566816630326,0.6141583618499967,34,6,4.130834238999065,9711.714285714286,0,0,0,0,1
user_04,2023-04-11,5800,436,334.5758949504493,1.5358158920457834,85,7,6.984555290964172,8436.0,1,0,1,1,1
user_04,2023-04-12,4857,357,289.2228501841319,1.523256455587993,95,8,6.613866346140781,7974.857142857143,2,0,1,1,0
user_04,2023-04-13,8463,361,102.73201509007409,0.27754986354928335,119,6,6.369331021156131,8264.57142857143,3,0,0,0,0
user_04,2023-04-14,5321,143,37.45315733345169,2.8651895613787097,103,7,6.971609563251387,7890.714285714285,4,0,0,1,0
user_04,2023-04-15,7841,262,306.91167100625205,2.77999666166061,81,8,7.045779151602366,7687.857142857143,5,1,1,1,0
user_04,2023-04-16,5165,336,277.0056051044772,0.7305850166986089,99,7,6.377883267583234,7235.714285714285,6,1,1,0,0
user_04,2023-04-17,6174,162,149.34126441273267,0.45423133180825515,97,6,4.846507574015217,6231.571428571428,0,0,0,0,0
user_04,2023-04-18,5523,561,70.57590818814012,2.8677095171645473,105,5,6.157974312251452,6192.0,1,0,0,1,1
user_04,2023-04-19,14998,466,151.48134223246373,2.5294345950892363,111,7,4.9423977992150725,7640.714285714285,2,0,0,1,1
user_04,2023-04-20,9598,465,88.42862112559673,2.1876328455025593,8,7,5.553737513299868,7802.857142857143,3,0,0,1,1
user_04,2023-04-21,3792,471,36.57050754468369,1.6705160840707232,38,7,5.66135749126982,7584.428571428572,4,0,0,1,1
user_04,2023-04-22,7419,598,14.888681827731665,2.7528020887857005,110,6,7.026142044401966,7524.142857142857,5,1,0,1,1
user_04,2023-04-23,8141,358,76.23041860687754,1.3861180285186667,47,8,4.599929276816991,7949.285714285715,6,1,0,1,0
user_04,2023-04-24,6293,357,371.3490207923167,0.1968782645334527,96,8,7.596849794605842,7966.285714285715,0,0,1,0,0
user_04,2023-04-25,10173,335,216.48150630851936,2.4115796587464677,95,6,6.669808098009338,8630.57142857143,1,0,1,1,0
user_04,2023-04-26,4823,296,40.99853167568512,1.6063948489708624,41,4,4.970188151458155,7177.0,2,0,0,1,0
user_04,2023-04-27,4222,562,127.88833973594168,2.6042944796011884,24,7,5.588278418844408,6409.0,3,0,0,1,1
user_04,2023-04-28,4325,377,313.16944570302894,1.3279645447812993,106,7,4.793596749281955,6485.142857142857,4,0,1,1,0
user_04,2023-04-29,4242,447,146.936206110912,1.5778397307043783,107,8,6.290246565667032,6031.285714285715,5,1,0,1,1
user_04,2023-04-30,13972,108,136.87456230346297,0.5833905575469412,76,6,6.06936980265807,6864.285714285715,6,1,0,0,0
user_04,2023-05-01,7210,220,143.99696751162315,0.2301701983680684,110,6,3.5954504741496103,6995.285714285715,0,0,0,0,0
user_04,2023-05-02,12112,276,15.026491817592236,2.151544341140273,117,6,5.834001629379437,7272.285714285715,1,0,0,1,0
user_04,2023-05-03,3823,459,165.77361878733257,2.2873335658173,29,7,7.293259276930151,7129.428571428572,2,0,0,1,1
user_04,2023-05-04,6306,442,167.08342678919036,0.21925527307845072,21,5,6.9138501434081645,7427.142857142857,3,0,0,0,1
user_04,2023-05-05,3191,202,207.28229287300834,0.11258597259540937,54,6,8.04217791053473,7265.142857142857,4,0,1,0,0
user_04,2023-05-06,12196,432,269.443932798678,0.19469783861522838,23,8,6.698388434306089,8401.42857142857,5,1,1,0,1
user_04,2023-05-07,11817,383,320.3210751914098,1.8963672853470692,103,7,6.988654479366518,8093.571428571428,6,1,1,1,0
user_04,2023-05-08,4736,122,374.2092091035429,2.7366227137475465,90,8,7.6380469445366,7740.142857142857,0,0,1,1,0
user_04,2023-05-09,4764,339,21.478831439722732,0.3187371254086815,12,8,5.3132846569967045,6690.428571428572,1,0,0,0,0
user_04,2023-05-10,6650,161,297.0543958726762,0.8393007926611226,113,5,5.479561014607889,7094.285714285715,2,0,1,0,0
user_04,2023-05-11,5384,397,177.1804042991731,1.6843151337993731,26,6,6.809887816973873,6962.571428571428,3,0,0,1,0
user_04,2023-05-12,8695,222,318.5142731771204,1.7492030532664309,15,7,6.7405453658744365,7748.857142857143,4,0,1,1,0
user_04,2023-05-13,7261,137,204.83543067946556,2.8220705631696954,89,6,5.45752445006018,7043.857142857143,5,1,1,1,0
user_04,2023-05-14,9222,172,124.40280146835497,2.657766343330275,95,4,6.8427060186984505,6673.142857142857,6,1,0,1,0
user_04,2023-05-15,11427,526,54.92135005664176,1.0090371801467457,119,6,7.468324133355959,7629.0,0,0,0,1,1
user_04,2023-05-16,6928,195,197.1585142338411,0.5426235732760091,30,6,5.982493550811723,7938.142857142857,1,0,0,0,0
user_04,2023-05-17,3581,503,221.08155601821605,0.3442258750145757,58,6,7.003038978762462,7499.714285714285,2,0,1,0,1
user_04,2023-05-18,12735,478,262.7260924353796,0.594618795706559,36,6,6.505021088273767,8549.857142857143,3,0,1,0,1
user_04,2023-05-19,12850,153,241.56817746489097,0.14878052466025837,112,6,7.704102078059118,9143.42857142857,4,0,1,0,0
user_04,2023-05-20,11101,311,138.91538972227912,0.7956855675080238,107,6,6.659818285944982,9692.0,5,1,0,0,0
user_04,2023-05-21,7607,501,340.7877014223367,1.0698267386231584,61,7,7.190746116025247,9461.285714285714,6,1,1,1,1
user_04,2023-05-22,11073,366,259.00791822806525,2.9068331915228733,61,7,7.3658653351859895,9410.714285714286,0,0,1,1,0
user_04,2023-05-23,12063,537,299.8457137551094,2.182689106296602,66,4,4.595760433738411,10144.285714285714,1,0,1,1,1
user_04,2023-05-24,5739,531,334.69187445751436,0.4910269911891836,112,6,6.7881435439709445,10452.57142857143,2,0,1,0,1
user_04,2023-05-25,14939,376,52.25375262294389,1.1155103536992583,24,8,6.43830370476835,10767.42857142857,3,0,0,1,0
user_04,2023-05-26,3966,477,336.44292357554804,0.10789726864023841,34,7,6.0978271747079225,9498.285714285714,4,0,1,0,1
user_04,2023-05-27,4558,182,273.2702252959272,0.15699857190198852,79,5,6.992922543518905,8563.57142857143,5,1,1,0,0
user_04,2023-05-28,10710,485,83.7670683287417,1.6112503667703106,33,8,5.964822583496443,9006.857142857143,6,1,0,1,1
user_04,2023-05-29,12638,176,363.1003200964952,2.1893115347210435,18,7,7.198532627121187,9230.42857142857,0,0,1,1,0
user_04,2023-05-30,6581,302,370.47719456585065,0.02729454384232799,70,4,5.999477476331972,8447.285714285714,1,0,1,0,0
user_04,2023-05-31,6777,374,249.36469253450585,2.9116640121854878,56,6,4.245211257877613,8595.57142857143,2,0,1,1,0
user_04,2023-06-01,6808,226,268.79045517082045,0.7220447691776561,9,5,3.9253599624536317,7434.0,3,0,1,0,0
user_04,2023-06-02,11128,151,103.48202812971468,0.07768821074845544,30,4,5.446304846864527,8457.142857142857,4,0,0,0,0
user_04,2023-06-03,8622,441,61.93655785898198,1.0685818303841383,115,7,7.2604729623530595,9037.714285714286,5,1,0,1,1
user_04,2023-06-04,3665,538,219.905820506408,1.3570591154361487,55,6,5.553679484765655,8031.285714285715,6,1,1,1,1
user_04,2023-06-05,10951,219,108.27344172069245,1.1114743111785428,87,8,6.253729020508514,7790.285714285715,0,0,0,1,0
user_04,2023-06-06,3597,223,200.72815021620437,1.3129389079728062,112,4,7.438826379454222,7364.0,1,0,1,1,0
user_04,2023-06-07,11002,338,246.4962597322449,1.4486356023475309,98,6,5.489839186349783,7967.571428571428,2,0,1,1,0
user_04,2023-06-08,5986,500,178.54183177197038,1.6520714744119402,86,5,7.388200938854161,7850.142857142857,3,0,0,1,1
user_04,2023-06-09,4353,462,327.43729214924315,2.6988017842897074,75,7,5.227225606505621,6882.285714285715,4,0,1,1,1
user_04,2023-06-10,3804,233,269.1303554232337,1.591272660981728,104,5,3.670558348877424,6194.0,5,1,1,1,0
user_04,2023-06-11,5098,315,45.29248930365015,1.2190992158323843,117,4,6.4158368362860605,6398.714285714285,6,1,0,1,0
user_04,2023-06-12,5763,521,277.1513710786609,1.667612442596878,38,7,7.312915039716136,5657.571428571428,0,0,1,1,1
user_04,2023-06-13,8260,245,379.1453767996275,0.20791351805624614,72,6,4.4938745223111685,6323.714285714285,1,0,1,0,0
user_04,2023-06-14,5433,329,90.69369075934458,1.8059440589233573,69,6,4.4412130049761585,5528.142857142857,2,0,0,1,0
user_04,2023-06-15,11795,237,75.8222034147762,2.676713746614319,113,6,6.815765164989993,6358.0,3,0,0,1,0
user_04,2023-06-16,11791,101,95.74793453681853,1.2539055240416612,25,7,5.765375702621146,7420.571428571428,4,0,0,1,0
user_04,2023-06-17,12280,389,143.6003072317055,2.4250734674942214,84,7,6.417465089821295,8631.42857142857,5,1,0,1,0
user_04,2023-06-18,3789,503,60.79207298962048,0.39095396427387274,96,7,7.22222770835484,8444.42857142857,6,1,0,0,1
user_04,2023-06-19,4231,379,209.26320032239306,2.6234253098509273,65,6,6.698919685080789,8225.57142857143,0,0,1,1,0
user_04,2023-06-20,3946,262,123.74742483200514,2.0823949619287108,57,7,4.838881143843164,7609.285714285715,1,0,0,1,0
user_04,2023-06-21,3386,599,319.5794248286824,2.409111482302415,75,7,7.357340466746175,7316.857142857143,2,0,1,1,1
user_04,2023-06-22,4439,125,264.7441248860022,1.0665893914560227,105,8,6.456688010730399,6266.0,3,0,1,1,0
user_04,2023-06-23,3307,190,121.10704304697002,1.3780380305184683,48,7,5.181401300609198,5054.0,4,0,0,1,0
user_04,2023-06-24,4915,267,135.6949362115468,1.4945961586850562,21,8,5.198426061921321,4001.8571428571427,5,1,0,1,0
user_04,2023-06-25,9382,106,187.44072404860393,1.773903446769734,114,8,6.366649812147294,4800.857142857143,6,1,0,1,0
user_04,2023-06-26,12148,480,384.61748915244385,2.421784947978751,19,7,5.824234396074688,5931.857142857143,0,0,1,1,1
user_04,2023-06-27,12719,231,265.78026283730384,2.126397794718462,76,8,5.034723660400442,7185.142857142857,1,0,1,1,0
user_04,2023-06-28,6064,586,190.84392707757044,2.9836927700535743,84,6,6.338543025740517,7567.714285714285,2,0,0,1,1
user_04,2023-06-29,5367,140,234.9391164972112,0.522632025214173,107,8,7.193311005927126,7700.285714285715,3,0,1,0,0
user_05,2023-01-01,6262,108,114.73865825888,0.841365194280166,50,8,7.637652508399121,8122.428571428572,6,1,0,0,0
user_05,2023-01-02,5211,519,244.292711857848,0.7928992583212648,35,8,6.9149333898817025,8164.714285714285,0,0,1,0,1
user_05,2023-01-03,6541,303,171.93250300520103,0.861773084631203,41,7,6.2571384658080955,7758.857142857143,1,0,0,0,0
user_05,2023-01-04,9912,394,220.9285989497112,1.7966492842719515,59,7,6.3550256179349285,7439.428571428572,2,0,1,1,0
user_05,2023-01-05,5401,330,330.35529057072586,0.9105117274438567,64,6,6.866946165910587,6394.0,3,0,1,0,0
user_05,2023-01-06,3539,322,399.27802179111427,0.5637778736213862,16,5,7.159613588425281,6033.285714285715,4,0,1,0,0
user_05,2023-01-07,8087,198,214.1653342045871,2.3651985928347377,80,7,7.261013976580008,6421.857142857143,5,1,1,1,0
user_05,2023-01-08,5756,297,20.828962488507898,0.03846494853181748,19,7,6.013264643083973,6349.571428571428,6,1,0,0,0
user_05,2023-01-09,9499,153,374.29970460982014,1.7928395727973814,85,6,6.019081627779768,6962.142857142857,0,0,1,1,0
user_05,2023-01-10,6349,425,93.64106598825623,0.17977546596324434,31,7,7.043845994807079,6934.714285714285,1,0,0,0,1
user_05,2023-01-11,10083,107,374.0634289506485,1.089967716258672,18,6,3.8220322678053122,6959.142857142857,2,0,1,1,0
user_05,2023-01-12,5492,425,28.694137498969987,0.6802758522015478,111,7,4.523536358378198,6972.142857142857,3,0,0,0,1
user_05,2023-01-13,10581,252,363.8346780215109,1.9016683854973255,25,7,6.240202428563956,7978.142857142857,4,0,1,1,0
user_05,2023-01-14,10593,268,80.25283605862938,2.145410330433527,88,7,6.091093606255913,8336.142857142857,5,1,0,1,0
user_05,2023-01-15,10586,268,33.16583255779246,1.8600040004322251,53,5,4.17787587702116,9026.142857142857,6,1,0,1,0
user_05,2023-01-16,6167,537,307.50567228846415,0.7967627949220797,104,7,4.024036700108381,8550.142857142857,0,0,1,0,1
user_05,2023-01-17,5185,530,372.69256990152985,0.6206156262668634,44,9,5.771799420497789,8383.857142857143,1,0,1,0,1
user_05,2023-01-18,10848,550,190.81929007174185,2.5046982850931743,13,6,5.578405937442397,8493.142857142857,2,0,0,1,1
user_05,2023-01-19,11210,299,15.113802638271867,1.9301091752092816,66,6,5.360714182685942,9310.0,3,0,0,1,0
user_05,2023-01-20,5568,289,361.3344026090821,0.20907209019035888,95,6,5.045945545895412,8593.857142857143,4,0,1,0,0
user_05,2023-01-21,7810,535,151.74623928167463,2.7325026809692616,39,8,4.593056599486831,8196.285714285714,5,1,0,1,1
user_05,2023-01-22,9979,238,15.823002625045257,1.2091162737213965,75,8,6.423004907890475,8109.571428571428,6,1,0,1,0
user_05,2023-01-23,11297,432,204.63624425861968,0.4767743005325147,87,6,5.39971342403721,8842.42857142857,0,0,1,0,1
user_05,2023-01-24,5625,365,302.8756478727878,0.9169454905085503,72,4,6.124752099663935,8905.285714285714,1,0,1,0,0
user_05,2023-01-25,5399,132,305.31796479891267,0.4095090362507465,12,5,4.7094772727087095,8126.857142857143,2,0,1,0,0
user_05,2023-01-26,8122,224,327.7592923865971,1.0794747019096995,79,7,6.036782833174235,7685.714285714285,3,0,1,1,0
user_05,2023-01-27,12522,345,159.88782038977104,2.861110879475124,14,6,4.791409475757658,8679.142857142857,4,0,0,1,0
user_05,2023-01-28,14462,370,79.57191191801533,1.8050598258613952,101,6,6.781565553882175,9629.42857142857,5,1,0,1,0
user_05,2023-01-29,9300,322,151.60233327127978,1.0607253708968252,87,8,4.617982431307563,9532.42857142857,6,1,0,1,0
user_05,2023-01-30,8985,412,121.28327750386995,1.2883436912361077,88,7,5.633512019921934,9202.142857142857,0,0,0,1,1
user_05,2023-01-31,14580,370,139.50449895843536,2.081629605964848,53,7,6.8588947966598734,10481.42857142857,1,0,0,1,0
user_05,2023-02-01,9722,109,138.2480675603158,1.8645219334142524,90,6,4.680381691566668,11099.0,2,0,0,1,0
user_05,2023-02-02,5130,156,154.87330966237374,1.0383255004932228,110,6,5.218727500305606,10671.57142857143,3,0,0,1,0
user_05,2023-02-03,9265,140,111.86954261857727,0.5745639661504445,22,4,5.889994501298949,10206.285714285714,4,0,0,0,0
user_05,2023-02-04,8938,419,299.06072982599113,1.652071634084384,64,7,6.773197782016463,9417.142857142857,5,1,1,1,1
user_05,2023-02-05,11812,306,16.027634539306668,2.9529659364421237,32,7,4.660008930425115,9776.0,6,1,0,1,0
user_05,2023-02-06,12580,463,345.3720058087069,2.7508833393074656,93,8,4.452126538976914,10289.57142857143,0,0,1,1,1
user_05,2023-02-07,8130,419,7.195252628955062,2.7983138397182845,88,6,5.96397896424556,9368.142857142857,1,0,0,1,1
user_05,2023-02-08,11808,582,187.09947014986543,0.8183816780995373,93,6,6.74698084010471,9666.142857142857,2,0,0,0,1
user_05,2023-02-09,3256,445,364.3296881321584,2.829930335622449,89,7,5.055012849248369,9398.42857142857,3,0,1,1,1
user_05,2023-02-10,9766,282,135.1268173286256,1.1642962060324715,1,7,4.877263374631321,9470.0,4,0,0,1,0
user_05,2023-02-11,14798,167,389.1846539808166,0.6643526741197351,92,7,7.023056555252239,10307.142857142857,5,1,1,0,0
user_05,2023-02-12,13585,436,3.5994629133023093,0.7734326220700127,115,8,5.766294988291541,10560.42857142857,6,1,0,0,1
user_05,2023-02-13,11855,336,261.59768856809933,1.855755447216346,14,6,6.201932201065956,10456.857142857143,0,0,1,1,0
user_05,2023-02-14,10195,164,50.841045508296155,1.070169507926719,62,5,6.882300379545694,10751.857142857143,1,0,0,1,0
user_05,2023-02-15,6653,203,128.61673295914855,2.994702077486161,118,6,5.896413146594219,10015.42857142857,2,0,0,1,0
user_05,2023-02-16,6129,204,97.8980318547709,2.6444574587667313,38,6,5.822154224596577,10425.857142857143,3,0,0,1,0
user_05,2023-02-17,7394,562,63.380976072305195,2.3630305210072624,75,7,5.617269070071556,10087.0,4,0,0,1,1
user_05,2023-02-18,6239,399,313.7119259818276,1.7517796175932239,89,4,5.673987504183151,8864.285714285714,5,1,1,1,0
user_05,2023-02-19,10741,597,378.04897949795475,0.8480020816234771,89,7,6.16286008386499,8458.0,6,1,1,0,1
user_05,2023-02-20,9229,333,367.1034570540643,0.5923464512733951,30,7,5.5299285004113,8082.857142857143,0,0,1,0,0
user_05,2023-02-21,3179,389,373.43725748050065,2.1598786181084386,119,4,6.010947816347044,7080.571428571428,1,0,1,1,0
user_05,2023-02-22,9943,535,262.251764845727,0.7177765882543917,84,5,8.650988427871933,7550.571428571428,2,0,1,0,1
user_05,2023-02-23,7477,370,292.3712143732133,0.863155303470088,83,5,4.778192906836535,7743.142857142857,3,0,1,0,0
user_05,2023-02-24,14254,534,284.44872680611434,0.15589829439354075,55,6,6.933583770400274,8723.142857142857,4,0,1,0,1
user_05,2023-02-25,8372,112,327.140265365933,1.0387981246042455,20,5,8.05849195482289,9027.857142857143,5,1,1,1,0
user_05,2023-02-26,12116,372,392.57903817165175,0.4042417953927222,92,6,4.0245923830893915,9224.285714285714,6,1,1,0,0
user_05,2023-02-27,14009,188,200.77423231234425,1.815213760313231,98,8,6.796133664923762,9907.142857142857,0,0,1,1,0
user_05,2023-02-28,10407,458,354.6461955957422,0.7891085326167908,36,6,5.658178179753865,10939.714285714286,1,0,1,0,1
user_05,2023-03-01,8769,201,45.04369173968827,2.801962255537852,29,7,4.628355356046116,10772.0,2,0,0,1,0
user_05,2023-03-02,4785,330,182.52672822038494,0.5123047800100107,47,7,4.952842431309735,10387.42857142857,3,0,0,0,0
user_05,2023-03-03,7298,424,285.8809265529031,2.813113846138103,90,7,5.623433378508989,9393.714285714286,4,0,1,1,1
user_05,2023-03-04,3364,189,358.03406910652586,2.9161604238704646,72,7,4.0584195061629496,8678.285714285714,5,1,1,1,0
user_05,2023-03-05,14878,223,113.87510461770867,2.662824988481865,27,6,6.506803093759506,9072.857142857143,6,1,0,1,0
user_05,2023-03-06,8006,101,327.771141468146,2.7167464127193965,70,5,6.398048216509262,8215.285714285714,0,0,1,1,0
user_05,2023-03-07,4088,475,128.97992388425985,1.3206651787684955,106,7,7.625875305541717,7312.571428571428,1,0,0,1,1
user_05,2023-03-08,14600,263,392.8540737744602,2.949059994229075,20,6,5.396161702506813,8145.571428571428,2,0,1,1,0
user_05,2023-03-09,7725,297,0.1606176101359491,2.4176735075905627,85,6,5.385782158057026,8565.57142857143,3,0,0,1,0
user_05,2023-03-10,11831,530,358.257661225534,0.37845928886345037,31,4,5.617406617112622,9213.142857142857,4,0,1,0,1
user_05,2023-03-11,7593,436,120.58247456426719,0.2836690343231647,0,6,6.098933787028884,9817.285714285714,5,1,0,0,1
user_05,2023-03-12,12632,456,83.12953658353433,1.512210239245273,48,8,6.622663193945146,9496.42857142857,6,1,0,1,1
user_05,2023-03-13,9411,168,384.74594973919943,1.6422192180036759,64,6,4.766898694985144,9697.142857142857,0,0,1,1,0
user_05,2023-03-14,5460,533,255.75456858163918,0.38710922666827474,59,7,5.3236668485557495,9893.142857142857,1,0,1,0,1
user_05,2023-03-15,10345,392,386.74622011735744,1.579784827769368,79,7,5.681153644505269,9285.285714285714,2,0,1,1,0
user_05,2023-03-16,12280,187,379.56648727548605,0.7379992209203855,16,5,6.183446576218135,9936.0,3,0,1,0,0
user_05,2023-03-17,13778,313,85.82592803713993,2.214452264525069,90,7,8.118975146918098,10214.142857142857,4,0,0,1,0
user_05,2023-03-18,7332,326,207.3971899768962,1.056926652627535,73,7,6.035522430777957,10176.857142857143,5,1,1,1,0
user_05,2023-03-19,3382,116,205.03048636968467,0.8033229438123525,104,7,7.47799396726546,8855.42857142857,6,1,1,0,0
user_05,2023-03-20,12840,134,198.51805020025589,1.6333839964475056,25,5,5.761766324944382,9345.285714285714,0,0,0,1,0
user_05,2023-03-21,3667,548,261.9082854408353,1.170258116340641,65,6,3.66182754630673,9089.142857142857,1,0,1,1,1
user_05,2023-03-22,9604,558,75.63106151133954,2.702723190800972,1,6,5.343044763079164,8983.285714285714,2,0,0,1,1
user_05,2023-03-23,13576,586,65.44336833748487,1.0883013994124275,12,6,5.15709443567569,9168.42857142857,3,0,0,1,1
user_05,2023-03-24,7711,441,394.8400343696466,1.6834506373055231,49,6,4.3255305395467545,8301.714285714286,4,0,1,1,1
user_05,2023-03-25,7092,275,324.1036522069148,1.6097345700858607,91,7,6.820553502887897,8267.42857142857,5,1,1,1,0
user_05,2023-03-26,13846,367,228.96309038710604,1.213558573374705,68,5,4.803442071383314,9762.285714285714,6,1,1,1,0
user_05,2023-03-27,12305,551,178.67548869786594,0.7624418403834432,20,5,6.409738632769092,9685.857142857143,0,0,0,0,1
user_05,2023-03-28,6138,212,34.36415528112819,2.1423574227747477,103,7,4.9172150517308335,10038.857142857143,1,0,0,1,0
user_05,2023-03-29,4074,280,147.08340325101727,0.30185993166777025,66,7,6.645972162819537,9248.857142857143,2,0,0,0,0
user_05,2023-03-30,5176,390,73.36213944389587,1.2949806424313501,58,7,6.064503556917797,8048.857142857143,3,0,0,1,0
user_05,2023-03-31,3600,516,14.069852612638645,2.7354647809102284,89,7,6.455398170978215,7461.571428571428,4,0,0,1,1
user_05,2023-04-01,10400,250,67.28443697341663,2.5007223289372105,94,4,5.552800606930017,7934.142857142857,5,1,0,1,0
user_05,2023-04-02,7695,366,348.533436936113,2.99671409928923,59,6,6.196843520168629,7055.428571428572,6,1,1,1,0
user_05,2023-04-03,6757,532,338.22047819875985,1.832878498296764,13,7,6.166781444402497,6262.857142857143,0,0,1,1,1
user_05,2023-04-04,12611,154,333.2024860804344,2.094521582144715,32,5,6.3129963045348285,7187.571428571428,1,0,1,1,0
user_05,2023-04-05,9860,151,266.9662122135324,0.03829627955369208,94,6,6.211280724441552,8014.142857142857,2,0,1,0,0
user_05,2023-04-06,12183,496,271.46403753075884,1.262689586277678,68,6,6.093733303173853,9015.142857142857,3,0,1,1,1
user_05,2023-04-07,11661,592,134.7390805788611,1.7084471644097754,17,5,8.507331899615652,10166.714285714286,4,0,0,1,1
user_05,2023-04-08,9107,224,267.5013017799255,1.6286343970824155,33,7,5.327611694649748,9982.0,5,1,1,1,0
user_05,2023-04-09,7729,381,272.58404617010876,0.7608468829156925,89,6,5.363216085067284,9986.857142857143,6,1,1,0,0
user_05,2023-04-10,12900,347,45.143257885104894,1.8284032900998661,61,7,5.321847538802441,10864.42857142857,0,0,0,1,0
user_05,2023-04-11,5690,214,288.46370728555087,1.9733663401085584,15,6,6.885902323111208,9875.714285714286,1,0,1,1,0
user_05,2023-04-12,8873,507,338.3861024394133,1.2825171111400984,111,6,6.231913182562447,9734.714285714286,2,0,1,1,1
user_05,2023-04-13,7512,515,196.94303781179588,0.1098890927964582,83,6,6.842175565148868,9067.42857142857,3,0,0,0,1
user_05,2023-04-14,3992,357,308.7131756273391,1.2537224513862282,104,4,5.75288220633236,7971.857142857143,4,0,1,1,0
user_05,2023-04-15,11899,449,241.49771542530257,0.31579548744127584,81,6,8.053818690086596,8370.714285714286,5,1,1,0,1
user_05,2023-04-16,3734,520,179.83956240309493,0.5658967392722245,44,8,6.287914819563174,7800.0,6,1,0,0,1
user_05,2023-04-17,14373,454,252.34041545804467,1.0487555873531762,30,7,5.524264187785329,8010.428571428572,0,0,1,1,1
user_05,2023-04-18,12784,265,293.26120924263415,0.28217946068576616,115,5,5.3614141748549695,9023.857142857143,1,0,1,0,0
user_05,2023-04-19,5239,419,67.43961937361473,1.7423904895604272,42,7,7.212368117901903,8504.714285714286,2,0,0,1,1
user_05,2023-04-20,5708,377,0.5137702107205655,0.36047777620686583,16,7,5.430851801327466,8247.0,3,0,0,0,0
user_05,2023-04-21,4146,132,29.670478237724886,0.5760487529038465,54,7,6.138405434154061,8269.0,4,0,0,0,0
user_05,2023-04-22,4159,486,92.5256729049174,2.2045515614988034,54,8,4.763001098637938,7163.285714285715,5,1,0,1,1
user_05,2023-04-23,8664,210,128.07246697137543,2.0107619281330775,15,7,7.255808310485574,7867.571428571428,6,1,0,1,0
user_05,2023-04-24,5484,418,355.2836772856596,2.5218108683195757,21,6,6.145871565151675,6597.714285714285,0,0,1,1,1
user_05,2023-04-25,10743,446,175.21346267905872,2.5831001999167214,4,6,7.284795423834306,6306.142857142857,1,0,0,1,1
user_05,2023-04-26,6285,149,149.15060368087114,0.4367025294997072,81,6,7.6589403034315655,6455.571428571428,2,0,0,0,0
user_05,2023-04-27,4040,155,130.2324530076046,2.9507918992163225,13,7,4.9426773971879,6217.285714285715,3,0,0,1,0
user_05,2023-04-28,12353,572,389.7397826096123,0.13878575201999988,54,8,7.9630858846815045,7389.714285714285,4,0,1,0,1
user_05,2023-04-29,6683,148,127.83577050399933,1.7754237229899776,119,8,6.2902091184213065,7750.285714285715,5,1,0,1,0
user_05,2023-04-30,4728,564,75.94106410838765,0.3305163607608993,94,7,6.4920069103154345,7188.0,6,1,0,0,1
user_05,2023-05-01,9212,180,126.63922416422761,2.013664669038953,18,8,6.3901539400134535,7720.571428571428,0,0,0,1,0
user_05,2023-05-02,9476,176,69.84436679290478,0.966781181458454,71,9,6.598099155047466,7539.571428571428,1,0,0,0,0
user_05,2023-05-03,11606,452,385.8761915313844,0.22069006264729696,86,8,6.603478041667984,8299.714285714286,2,0,1,0,1
user_05,2023-05-04,10399,294,37.462981042989796,2.3042681352559997,74,7,5.502645628585907,9208.142857142857,3,0,0,1,0
user_05,2023-05-05,3329,319,352.44205934262635,0.7699850696877433,35,6,4.933283373638131,7919.0,4,0,1,0,0
user_05,2023-05-06,4388,189,359.02487738126405,0.7939485149962845,76,7,7.280332303871728,7591.142857142857,5,1,1,0,0
user_05,2023-05-07,3781,203,19.664331662019265,0.09317062810546684,46,6,5.985038735059926,7455.857142857143,6,1,0,0,0
user_05,2023-05-08,6080,152,130.67560901269934,1.3115161486805316,45,8,5.959666089785956,7008.428571428572,0,0,0,1,0
user_05,2023-05-09,4329,223,372.333145670323,0.016046966082668535,21,5,5.877676617867255,6273.142857142857,1,0,1,0,0
user_05,2023-05-10,9250,287,210.98258548869288,0.4233783548979656,71,8,5.646021506678924,5936.571428571428,2,0,1,0,0
user_05,2023-05-11,8876,568,206.57773676112862,2.180933758585293,71,6,6.349923715249393,5719.0,3,0,1,1,1
user_05,2023-05-12,11370,387,150.95504998991052,1.3342676946060377,115,7,5.773583268654738,6867.714285714285,4,0,0,1,0
user_05,2023-05-13,12470,575,207.75907411338704,1.6950975749278494,45,6,4.767423945384518,8022.285714285715,5,1,1,1,1
user_05,2023-05-14,13695,368,156.61483984065168,2.1399651885038167,56,7,6.142359242935861,9438.57142857143,6,1,0,1,0
user_05,2023-05-15,14704,368,287.6091281734404,1.5116663903738206,28,7,5.7834462328914915,10670.57142857143,0,0,1,1,0
user_05,2023-05-16,8794,301,136.41914913224943,2.4099137205541004,34,7,6.604413162563681,11308.42857142857,1,0,0,1,0
user_05,2023-05-17,3227,380,255.38202826085748,0.8604472416210935,6,7,5.779886268745171,10448.0,2,0,1,0,0
user_05,2023-05-18,3768,478,219.57300979973505,0.6579612036341462,3,7,5.129272228356259,9718.285714285714,3,0,1,0,1
user_05,2023-05-19,8263,123,181.54744799837442,2.0116215195182727,46,7,5.433985417263228,9274.42857142857,4,0,0,1,0
user_05,2023-05-20,3797,117,102.78091980338795,0.06272853700570491,102,6,5.6240642800864205,8035.428571428572,5,1,0,0,0
user_05,2023-05-21,4892,158,101.39750130287615,2.8216119033088427,60,8,6.6110873521401015,6777.857142857143,6,1,0,1,0
user_05,2023-05-22,12065,153,180.65559820753515,2.5701898395176923,34,5,4.807587246643516,6400.857142857143,0,0,0,1,0
user_05,2023-05-23,14695,259,50.20967249115036,2.4408471779421577,117,6,6.614335884627453,7243.857142857143,1,0,0,1,0
user_05,2023-05-24,6157,161,335.4196828099172,1.4132511884517758,104,6,5.898364152270947,7662.428571428572,2,0,1,1,0
user_05,2023-05-25,12089,539,328.2943363262921,1.8436230546639463,50,7,5.16016212921961,8851.142857142857,3,0,1,1,1
user_05,2023-05-26,13118,370,334.62095646784553,1.5369010827463994,36,6,5.6228821263065525,9544.714285714286,4,0,1,1,0
user_05,2023-05-27,14882,477,115.95227181354386,0.04354528358282639,55,6,4.902856350371186,11128.285714285714,5,1,0,0,1
user_05,2023-05-28,10624,234,239.88176536324008,2.3294606439470003,6,7,6.973905119993228,11947.142857142857,6,1,1,1,0
user_05,2023-05-29,8229,320,261.51116918246254,1.161150035804661,3,6,6.234091361457764,11399.142857142857,0,0,1,1,0
user_05,2023-05-30,4115,582,41.864253563158506,2.467943781581668,15,6,4.358619884397903,9887.714285714286,1,0,0,1,1
user_05,2023-05-31,11047,340,201.42802976142198,2.404927769494102,115,7,6.790015408978179,10586.285714285714,2,0,1,1,0
user_05,2023-06-01,14144,559,103.07825927567187,2.6547802405349,105,5,6.761419292404198,10879.857142857143,3,0,0,1,1
user_05,2023-06-02,11107,292,396.83687481152805,0.39105503914437534,24,6,5.9786546978275865,10592.57142857143,4,0,1,0,0
user_05,2023-06-03,6109,238,214.9975014692938,0.14789898722750983,0,7,7.520686245632645,9339.285714285714,5,1,1,0,0
user_05,2023-06-04,9572,334,257.43048909592807,0.3242324809991649,70,7,6.4977883094177775,9189.0,6,1,1,0,0
user_05,2023-06-05,8261,455,307.7002236966347,1.7901689703186512,119,6,5.860481766100138,9193.57142857143,0,0,1,1,1
user_05,2023-06-06,13268,544,143.73559620631488,1.4260772030426057,22,6,5.6686477009121505,10501.142857142857,1,0,0,1,1
user_05,2023-06-07,7253,271,291.5482037954383,2.7957381977923674,28,7,6.686602273869781,9959.142857142857,2,0,1,1,0
user_05,2023-06-08,7350,307,267.73934030511845,2.4947217777313577,93,6,6.7418222943901265,8988.57142857143,3,0,1,1,0
user_05,2023-06-09,3755,522,187.3844948348346,1.7949182270880564,4,8,7.6070466831269625,7938.285714285715,4,0,0,1,1
user_05,2023-06-10,10378,253,93.60211486414794,0.25316384368496114,52,7,6.911027308999928,8548.142857142857,5,1,0,0,0
user_05,2023-06-11,10548,148,368.69066778066457,2.272407152169309,105,8,7.223632937563066,8687.57142857143,6,1,1,1,0
user_05,2023-06-12,3994,190,178.88549631751403,0.92918766525399,63,6,7.466782556898976,8078.0,0,0,0,0,0
user_05,2023-06-13,4287,384,54.792888923811134,2.0605994812047297,20,6,5.650704531794779,6795.0,1,0,0,1,0
user_05,2023-06-14,5529,486,83.80768972501285,1.3659862494258066,113,5,7.127686294516429,6548.714285714285,2,0,0,1,1
user_05,2023-06-15,9364,372,369.02896196232,1.7054166064704588,55,6,6.160514868332252,6836.428571428572,3,0,1,1,0
user_05,2023-06-16,7867,340,254.6771657431767,0.663713459420051,117,6,6.839827834939234,7423.857142857143,4,0,1,0,0
user_05,2023-06-17,7587,120,82.4788317020809,0.7495613882349887,31,7,5.527147207021954,7025.142857142857,5,1,0,0,0
user_05,2023-06-18,9305,456,4.268915139533647,2.32967241535566,70,7,4.641825078522406,6847.571428571428,6,1,0,1,1
user_05,2023-06-19,11664,546,340.4015067188996,2.3316127420525565,87,6,7.807590322192308,7943.285714285715,0,0,1,1,1
user_05,2023-06-20,8154,292,348.0786761968969,0.4159575873399112,82,7,6.075673540613386,8495.714285714286,1,0,1,0,0
user_05,2023-06-21,6675,100,143.3450142631314,0.5495947353799046,4,7,6.8222321820393415,8659.42857142857,2,0,0,0,0
user_05,2023-06-22,4203,103,379.4616323611963,0.5092754946214075,100,5,5.764726090027561,7922.142857142857,3,0,1,0,0
user_05,2023-06-23,3144,439,228.2658315923156,1.3067674740381272,33,6,5.4815730126936675,7247.428571428572,4,0,1,1,1
user_05,2023-06-24,8672,569,222.06389191606192,2.1912487950592068,9,6,5.851806458617485,7402.428571428572,5,1,1,1,1
user_05,2023-06-25,13768,543,85.52048426509313,0.31654093920360327,79,5,6.892287009725122,8040.0,6,1,0,0,1
user_05,2023-06-26,6397,173,91.88092614485375,0.7191272347273341,76,8,6.431345099877763,7287.571428571428,0,0,0,0,0
user_05,2023-06-27,14228,358,33.21550312407457,0.5731556061260485,62,6,5.87348110304605,8155.285714285715,1,0,0,0,0
user_05,2023-06-28,7931,255,241.75228763312325,0.595628576604605,99,7,7.568005031043319,8334.714285714286,2,0,1,0,0
user_05,2023-06-29,5575,537,389.4970328153974,1.9900878328694787,21,6,7.1105061419766535,8530.714285714286,3,0,1,1,1
user_06,2023-01-01,11594,499,237.9813955123242,2.381680085286216,22,4,5.690687586497993,9737.857142857143,6,1,1,1,1
user_06,2023-01-02,13874,317,335.55515965030975,0.09696979597827093,97,8,6.08292055930958,10481.0,0,0,1,0,0
user_06,2023-01-03,10876,279,272.5842450068685,0.19060716727175575,67,7,6.331470896330895,10067.857142857143,1,0,1,0,0
user_06,2023-01-04,8097,224,281.4113360726122,1.9345681302891804,5,6,6.548126328727291,10310.714285714286,2,0,1,1,0
user_06,2023-01-05,12304,286,213.68816397249893,2.471405249761614,103,6,6.509689231224656,10035.857142857143,3,0,1,1,0
user_06,2023-01-06,13057,133,153.98348905502286,1.2068840342289562,15,6,3.0,10768.142857142857,4,0,0,1,0
user_06,2023-01-07,8712,274,36.500663647619234,0.05850794283156069,94,6,5.718835957535442,11216.285714285714,5,1,0,0,0
user_06,2023-01-08,7675,127,321.02429926065116,1.4591748842666814,54,6,6.721226543748737,10656.42857142857,6,1,1,1,0
user_06,2023-01-09,3234,182,89.52723442257154,1.0213232402982553,11,6,4.9092114022435425,9136.42857142857,0,0,0,1,0
user_06,2023-01-10,5939,109,7.890298585270195,0.4055491625142902,49,7,4.754965540748643,8431.142857142857,1,0,0,0,0
user_06,2023-01-11,13951,315,232.96038594717592,2.0669999549657048,79,7,4.730534733987187,9267.42857142857,2,0,1,1,0
user_06,2023-01-12,13257,264,150.90079428627817,1.9922223635995024,109,6,6.660919387155108,9403.57142857143,3,0,0,1,0
user_06,2023-01-13,4894,365,324.3312453449084,2.9429589083960495,79,5,6.993334501607768,8237.42857142857,4,0,1,1,0
user_06,2023-01-14,3723,381,225.13209488584116,0.9401030833718346,11,6,5.330079355561516,7524.714285714285,5,1,1,0,0
user_06,2023-01-15,3270,548,67.30417773520165,1.74495399801902,58,8,4.045319004401247,6895.428571428572,6,1,0,1,1
user_06,2023-01-16,9908,192,44.413969209543815,1.3282948705856836,52,7,6.8680652424114665,7848.857142857143,0,0,0,1,0
user_06,2023-01-17,13638,296,143.96561448614537,2.0034186599598507,2,6,7.786597023926696,8948.714285714286,1,0,0,1,0
user_06,2023-01-18,14417,403,100.72588080365267,2.9430884673452287,56,5,5.665727316705594,9015.285714285714,2,0,0,1,1
user_06,2023-01-19,7747,275,13.895978977912593,0.95963873000329,73,8,4.420494582912728,8228.142857142857,3,0,0,0,0
user_06,2023-01-20,10494,471,136.99008767452167,0.32388734433250665,70,8,6.812610303893278,9028.142857142857,4,0,0,0,1
user_06,2023-01-21,11521,310,13.459889359610644,0.4233289449979478,108,4,6.8070464166066875,10142.142857142857,5,1,0,0,0
user_06,2023-01-22,3625,598,338.9186982141976,1.323823010250206,41,7,6.0110952203195795,10192.857142857143,6,1,1,1,1
user_06,2023-01-23,14825,263,28.36647657542781,0.5680826273755883,11,4,6.662164807777368,10895.285714285714,0,0,0,0,0
user_06,2023-01-24,8932,458,191.76631945084077,1.5411115968676667,85,6,4.976746776624416,10223.0,1,0,0,1,1
user_06,2023-01-25,3414,214,203.41555659908317,1.4302616265249846,81,6,6.652326535828232,8651.142857142857,2,0,1,1,0
user_06,2023-01-26,7570,157,343.1062193489769,1.484948384137383,102,4,4.597133842792145,8625.857142857143,3,0,1,1,0
user_06,2023-01-27,12309,472,330.12336096919296,0.37782192314250174,107,7,4.744200558821396,8885.142857142857,4,0,1,0,1
user_06,2023-01-28,4900,269,314.32339369774,1.3873704511954439,71,6,4.385373042890456,7939.285714285715,5,1,1,1,0
user_06,2023-01-29,13457,206,65.44960008409353,0.3747594322219002,79,5,6.592555307928769,9343.857142857143,6,1,0,0,0
user_06,2023-01-30,3107,171,187.14378505366395,1.939863400972666,13,6,7.268377953894445,7669.857142857143,0,0,0,1,0
user_06,2023-01-31,10248,367,333.35104977266553,1.0440808895661577,40,6,6.245038664315406,7857.857142857143,1,0,1,1,0
user_06,2023-02-01,10091,179,181.34824224166292,1.5513626643399914,97,4,5.91696056362101,8811.714285714286,2,0,0,1,0
user_06,2023-02-02,6038,385,243.08392329080183,1.6144112031326547,113,7,5.392176107384376,8592.857142857143,3,0,1,1,0
user_06,2023-02-03,5274,522,169.375521959917,1.5447825265820163,44,5,6.651883947936968,7587.857142857143,4,0,0,1,1
user_06,2023-02-04,11283,121,390.21093160836074,0.9997252216521829,24,6,6.547663282007484,8499.714285714286,5,1,1,0,0
user_06,2023-02-05,14375,350,231.06457468786544,1.0734398391078286,92,6,6.600938380711726,8630.857142857143,6,1,1,1,0
user_06,2023-02-06,8289,474,233.333163995407,1.6151525606892996,102,5,6.192651532648025,9371.142857142857,0,0,1,1,1
user_06,2023-02-07,14648,295,392.2592878256198,1.0508171120079828,86,4,5.499785484249123,9999.714285714286,1,0,1,1,0
user_06,2023-02-08,5984,230,151.3095574731492,1.4195179548928694,95,6,5.237582049397085,9413.0,2,0,0,1,0
user_06,2023-02-09,4074,478,394.343376164375,0.925897945571852,0,6,6.135053165812226,9132.42857142857,3,0,1,0,1
user_06,2023-02-10,13271,571,167.97547413929527,0.5755083438030317,99,5,5.408698553303462,10274.857142857143,4,0,0,0,1
user_06,2023-02-11,4780,144,261.6092310635042,1.2486510930969432,60,8,6.200698694288878,9345.857142857143,5,1,1,1,0
user_06,2023-02-12,12869,548,314.26664077778247,2.020550360451777,87,6,6.6334657903986205,9130.714285714286,6,1,1,1,1
user_06,2023-02-13,7183,196,81.51041367642549,2.2286964422952957,44,5,5.369750704995564,8972.714285714286,0,0,0,1,0
user_06,2023-02-14,13938,344,101.06520086851293,1.3103315079699591,26,8,7.176456022364263,8871.285714285714,1,0,0,1,0
user_06,2023-02-15,8397,452,312.78104678886075,0.4669439782847724,28,5,5.915289567137147,9216.0,2,0,1,0,1
user_06,2023-02-16,8134,263,288.23456774825496,2.29728996314262,70,8,6.067203452710212,9796.0,3,0,1,1,0
user_06,2023-02-17,3756,576,346.99080939838905,0.8626501182763296,33,7,6.210815077959191,8436.714285714286,4,0,1,0,1
user_06,2023-02-18,3258,591,221.65148648418253,1.826168826534649,79,8,6.675618650928991,8219.285714285714,5,1,1,1,1
user_06,2023-02-19,3784,472,144.0648612855166,2.904623783110099,80,5,6.936102435196951,6921.428571428572,6,1,0,1,1
user_06,2023-02-20,4193,138,127.72675200854961,0.7566072064779926,56,7,4.684582091196567,6494.285714285715,0,0,0,0,0
user_06,2023-02-21,12035,161,317.5373171471445,1.9840811809839172,70,7,5.709546083772211,6222.428571428572,1,0,1,1,0
user_06,2023-02-22,5196,587,387.4554661201102,0.284723729298234,34,7,7.459654829585509,5765.142857142857,2,0,1,0,1
user_06,2023-02-23,7526,191,54.50022603679115,2.662689215448574,83,8,6.530093119087627,5678.285714285715,3,0,0,1,0
user_06,2023-02-24,9629,385,343.7331278895007,1.784498141662512,35,7,7.197168027247853,6517.285714285715,4,0,1,1,0
user_06,2023-02-25,14659,320,38.27604642320046,2.7437533056652432,108,6,6.866986672534625,8146.0,5,1,0,1,0
user_06,2023-02-26,12923,126,102.79669412437902,1.9924582951634462,51,8,6.331918447707888,9451.57142857143,6,1,0,1,0
user_06,2023-02-27,10018,142,216.8133380388808,2.7571148310860134,68,7,5.781293641991444,10283.714285714286,0,0,1,1,0
user_06,2023-02-28,4278,101,112.2838969858376,2.9979488045691385,69,7,6.988028917939601,9175.57142857143,1,0,0,1,0
user_06,2023-03-01,10496,199,88.61086076094682,1.3906435177767655,62,7,6.621307957410252,9932.714285714286,2,0,0,1,0
user_06,2023-03-02,9158,274,123.87278332518056,0.43509820124966536,101,8,6.406906725856632,10165.857142857143,3,0,0,0,0
user_06,2023-03-03,12978,430,211.85781081405338,1.0433102928133133,117,6,5.896123103028195,10644.285714285714,4,0,1,1,1
user_06,2023-03-04,8913,378,329.3074612459089,2.638190979917653,88,6,6.8220660780325275,9823.42857142857,5,1,1,1,0
user_06,2023-03-05,3329,247,147.85724704900858,0.9879159385937979,52,6,5.631550124633972,8452.857142857143,6,1,0,0,0
user_06,2023-03-06,8703,585,383.3310745925547,0.2931218261602755,14,7,7.141989228395758,8265.0,0,0,1,0,1
user_06,2023-03-07,14010,470,254.57149750113962,2.502334749798975,95,5,6.706484760581456,9655.285714285714,1,0,1,1,1
user_06,2023-03-08,11437,210,96.03388077465755,2.6837936200529153,37,7,6.668989218103826,9789.714285714286,2,0,0,1,0
user_06,2023-03-09,13634,210,143.2579124783222,1.1359271502122823,95,6,8.981793493755024,10429.142857142857,3,0,0,1,0
user_06,2023-03-10,8239,392,370.8825859163324,1.7657582920477628,11,6,5.998828823808786,9752.142857142857,4,0,1,1,0
user_06,2023-03-11,4816,352,191.58822458138854,2.690982234557022,89,6,7.0015304243744,9166.857142857143,5,1,0,1,0
user_06,2023-03-12,5322,286,359.52614992253865,2.793361355830052,77,6,6.557137618403482,9451.57142857143,6,1,1,1,0
user_06,2023-03-13,11401,145,25.443598470600293,0.6632366210803258,46,6,5.57693939897422,9837.0,0,0,0,0,0
user_06,2023-03-14,14419,436,213.49016546857777,0.43150341297093264,19,8,5.094815092850894,9895.42857142857,1,0,1,0,1
user_06,2023-03-15,5514,359,259.41081072968115,0.9282974129084497,38,8,5.149115910961101,9049.285714285714,2,0,1,0,0
user_06,2023-03-16,5955,229,4.82797412024718,1.5568120927942708,80,4,3.665977141399029,7952.285714285715,3,0,0,1,0
user_06,2023-03-17,5280,365,251.0024616807065,2.353224349854611,96,4,6.660897171119577,7529.571428571428,4,0,1,1,0
user_06,2023-03-18,6809,463,115.79914604788786,1.9923772178500512,116,5,7.20949449364478,7814.285714285715,5,1,0,1,1
user_06,2023-03-19,3508,575,353.33988040884157,1.4871510302348265,80,5,6.939116819603513,7555.142857142857,6,1,1,1,1
user_06,2023-03-20,13525,303,332.87646092302305,1.8701711610811427,48,6,7.85121352500147,7858.571428571428,0,0,1,1,0
user_06,2023-03-21,3602,299,322.5611276986297,1.530741299409437,19,7,6.210246220002293,6313.285714285715,1,0,1,1,0
user_06,2023-03-22,13282,107,170.4461115323118,0.8626603692627747,34,6,5.903239896813111,7423.0,2,0,0,0,0
user_06,2023-03-23,12330,559,201.89579015214068,0.4486479556708336,66,7,6.373032891526288,8333.714285714286,3,0,1,0,1
user_06,2023-03-24,14435,584,78.7733949763481,2.3318867275172206,27,4,6.541444099389738,9641.57142857143,4,0,0,1,1
user_06,2023-03-25,11823,290,83.95713692199887,1.4756278783824712,46,4,6.763425554485366,10357.857142857143,5,1,0,1,0
user_06,2023-03-26,6955,509,236.1523860815443,0.21035413724096896,36,7,5.642009565586664,10850.285714285714,6,1,1,0,1
user_06,2023-03-27,10380,578,105.29846993221774,1.6687091820773183,11,7,5.276091810845727,10401.0,0,0,0,1,1
user_06,2023-03-28,10614,461,324.79259627428405,0.9585643554224275,52,6,5.967206865552059,11402.714285714286,1,0,1,0,1
user_06,2023-03-29,13857,518,73.97040750912697,0.34076195213602467,57,6,7.714164357415557,11484.857142857143,2,0,0,0,1
user_06,2023-03-30,10635,210,193.44360270066653,0.4734921785433691,92,4,4.3040379916227405,11242.714285714286,3,0,0,0,0
user_06,2023-03-31,3561,473,274.6601693416149,2.5240703139155958,117,6,6.07727262767366,9689.285714285714,4,0,1,1,1
user_06,2023-04-01,14471,400,242.13745117769218,0.26124614877428587,77,7,6.960305168086668,10067.57142857143,5,1,1,0,0
user_06,2023-04-02,6060,466,142.89678726805448,1.7311600251406327,66,7,6.936001747278522,9939.714285714286,6,1,0,1,1
user_06,2023-04-03,14367,314,351.41229968286234,0.9055039826786854,74,7,6.122058879572729,10509.285714285714,0,0,1,0,0
user_06,2023-04-04,12524,483,24.62267103999971,1.9662470904085652,37,8,6.097155787086248,10782.142857142857,1,0,0,1,1
user_06,2023-04-05,4949,344,19.663409448571034,1.720498754805648,33,5,5.767443552222169,9509.57142857143,2,0,0,1,0
user_06,2023-04-06,10849,373,396.8967659444488,1.9578402052420605,9,6,5.96974733827458,9540.142857142857,3,0,1,1,0
user_06,2023-04-07,10432,187,192.73490143050327,0.3730359523272322,118,6,6.2351704369785805,10521.714285714286,4,0,0,0,0
user_06,2023-04-08,4629,554,95.50635760158931,2.506694395713705,45,7,7.709207154352963,9115.714285714286,5,1,0,1,1
user_06,2023-04-09,11194,127,259.6322408075538,1.0507098429812303,34,7,5.328279210741923,9849.142857142857,6,1,1,1,0
user_06,2023-04-10,5654,578,85.72002892915145,1.7553649827813742,105,5,6.848203171497215,8604.42857142857,0,0,0,1,1
user_06,2023-04-11,13795,541,2.9091230776037147,0.18273668061458126,88,6,5.501048876274082,8786.0,1,0,0,0,1
user_06,2023-04-12,11609,574,392.18831911322843,1.481541044224684,102,7,4.2223190376297985,9737.42857142857,2,0,1,1,1
user_06,2023-04-13,8718,120,377.34291948395264,1.0952510198532022,12,8,3.801439260642989,9433.0,3,0,1,1,0
user_06,2023-04-14,11269,129,274.94976707911906,0.3347469393997242,101,7,6.732080951433023,9552.57142857143,4,0,1,0,0
user_06,2023-04-15,13985,227,33.521663638024314,1.448683309795796,88,8,6.659828297731147,10889.142857142857,5,1,0,1,0
user_06,2023-04-16,13155,339,344.84162938059205,2.5175770286146153,24,7,6.295391756928632,11169.285714285714,6,1,1,1,0
user_06,2023-04-17,5685,415,43.31574259316673,1.2626317492296186,102,5,7.602211388731676,11173.714285714286,0,0,0,1,1
user_06,2023-04-18,8373,279,35.2024110045809,2.680603750495311,103,4,5.288489029384761,10399.142857142857,1,0,0,1,0
user_06,2023-04-19,11534,139,106.4633544204706,0.6453617911381228,4,5,4.477665681718256,10388.42857142857,2,0,0,0,0
user_06,2023-04-20,6535,417,329.6377961937497,0.015972571713192774,6,6,6.310543579930937,10076.57142857143,3,0,1,0,1
user_06,2023-04-21,10145,442,313.982246114603,0.5761009570844885,72,7,6.599146086888705,9916.0,4,0,1,0,1
user_06,2023-04-22,8878,595,228.53581138123084,0.20025076455227075,48,7,7.559048578637362,9186.42857142857,5,1,1,0,1
user_06,2023-04-23,6932,119,67.29233728147324,2.081536158816799,85,6,5.256941900068987,8297.42857142857,6,1,0,1,0
user_06,2023-04-24,9344,316,309.45895802213363,1.3668491219005219,30,8,5.843522623876842,8820.142857142857,0,0,1,1,0
user_06,2023-04-25,10540,372,183.46318379694813,1.9269589529272328,63,7,6.243139574311877,9129.714285714286,1,0,0,1,0
user_06,2023-04-26,13164,440,316.3092254928136,1.1217836091203515,51,8,6.86528975613525,9362.57142857143,2,0,1,1,1
user_06,2023-04-27,5416,220,340.85909912000466,1.677557639939545,111,9,5.936254714496034,9202.714285714286,3,0,1,1,0
user_06,2023-04-28,8733,475,146.7831327267981,0.2516938818867279,96,7,5.776129865506384,9001.0,4,0,0,0,1
user_06,2023-04-29,7960,449,15.54947880667572,1.9768283818042283,50,7,4.999587218193874,8869.857142857143,5,1,0,1,1
user_06,2023-04-30,3978,141,349.0296077190578,1.5229101679690418,119,7,5.051251304732,8447.857142857143,6,1,1,1,0
user_06,2023-05-01,3757,118,333.3097220115031,1.362812173081276,108,8,6.651269567977353,7649.714285714285,0,0,1,1,0
user_06,2023-05-02,9539,109,393.8577477493465,0.4147960316306132,20,6,4.347587609703195,7506.714285714285,1,0,1,0,0
user_06,2023-05-03,13178,409,158.891011826493,1.713960046299308,99,6,6.462962360705783,7508.714285714285,2,0,0,1,1
user_06,2023-05-04,14114,341,335.90588961544114,2.9915107542771735,14,7,6.262803486469669,8751.285714285714,3,0,1,1,0
user_06,2023-05-05,7694,198,368.99955852100123,2.557998459305162,63,7,6.560680373481806,8602.857142857143,4,0,1,1,0
user_06,2023-05-06,6909,293,110.44745297738325,2.7910999737045885,8,7,4.261677995028859,8452.714285714286,5,1,0,1,0
user_06,2023-05-07,8546,441,264.0475611984696,2.508237825500515,33,7,6.931115908390934,9105.285714285714,6,1,1,1,1
user_06,2023-05-08,12592,240,135.18799169619152,1.4095363049510248,113,5,5.582331312279005,10367.42857142857,0,0,0,1,0
user_06,2023-05-09,3376,560,341.6065334675146,2.4073794460121114,114,6,5.884002927678466,9487.0,1,0,1,1,1
user_06,2023-05-10,6465,251,349.52872846490135,0.3594742761278017,115,7,4.1085761081500936,8528.0,2,0,1,0,0
user_06,2023-05-11,6881,250,54.167539927131216,0.8738812416165158,16,7,5.068998288367559,7494.714285714285,3,0,0,0,0
user_06,2023-05-12,3246,533,211.1088836275508,1.620087576782063,66,8,5.425409969311958,6859.285714285715,4,0,1,1,1
user_06,2023-05-13,8767,154,344.86118331724873,2.667391607114575,93,4,6.863571359135812,7124.714285714285,5,1,1,1,0
user_06,2023-05-14,7300,366,166.3144248276732,1.803247996179647,119,7,4.362751814035335,6946.714285714285,6,1,0,1,0
user_06,2023-05-15,12915,506,271.69880052970984,0.7568368787305093,27,4,7.15469376671672,6992.857142857143,0,0,1,0,1
user_06,2023-05-16,4308,126,246.94170039522683,1.2147324428095319,105,8,6.08528406873324,7126.0,1,0,1,1,0
user_06,2023-05-17,12090,587,142.05270561028652,1.2214928954013748,1,6,5.9912650241024,7929.571428571428,2,0,0,1,1
user_06,2023-05-18,6424,167,67.6415601682606,0.3784073588872955,41,6,5.2267937956378425,7864.285714285715,3,0,0,0,0
user_06,2023-05-19,12377,300,43.290658706219446,2.799931141045016,77,6,6.277552513493532,9168.714285714286,4,0,0,1,0
user_06,2023-05-20,9208,464,114.25063987343083,0.8127276697406135,4,7,7.317097273597118,9231.714285714286,5,1,0,0,1
user_06,2023-05-21,11194,520,92.74384555313935,2.3938295677598997,7,6,5.587320479051425,9788.0,6,1,0,1,1
user_06,2023-05-22,3951,133,183.79332042006612,2.9753366350040795,12,7,7.819771787312598,8507.42857142857,0,0,0,1,0
user_06,2023-05-23,5398,242,177.1748486937744,1.797880698931436,111,6,5.676528600153934,8663.142857142857,1,0,0,1,0
user_06,2023-05-24,6650,481,370.7226836440162,1.1261320616979593,53,6,5.933438451455543,7886.0,2,0,1,1,1
user_06,2023-05-25,12839,585,214.74728718824085,2.7323847915298467,39,7,5.165728656932035,8802.42857142857,3,0,1,1,1
user_06,2023-05-26,11736,304,106.55105657200954,2.6983592536615055,18,5,7.108532720008254,8710.857142857143,4,0,0,1,0
user_06,2023-05-27,3730,396,48.136176097220805,0.2956118015032221,83,7,5.669830332059059,7928.285714285715,5,1,0,0,0
user_06,2023-05-28,9762,523,7.552351430493864,0.3015910760755077,26,7,7.234850537734538,7723.714285714285,6,1,0,0,1
user_06,2023-05-29,13644,593,365.9544600486016,1.4675895539418469,109,7,6.130452414971742,9108.42857142857,0,0,1,1,1
user_06,2023-05-30,10803,378,99.41429757083715,0.9124657634563953,46,7,5.485061293566727,9880.57142857143,1,0,0,0,0
user_06,2023-05-31,10896,459,51.88250319601075,1.3612612807510605,14,6,5.473074993843345,10487.142857142857,2,0,0,1,1
user_06,2023-06-01,8008,227,314.5287224544308,1.6996920096904213,68,7,4.917915741672465,9797.0,3,0,1,1,0
user_06,2023-06-02,7486,482,89.96238822072895,0.22983229278333972,55,7,6.869457629704822,9189.857142857143,4,0,0,0,1
user_06,2023-06-03,6909,435,167.18781743461082,2.8287381341752695,111,7,6.70759182197462,9644.0,5,1,0,1,1
user_06,2023-06-04,8123,143,186.9429153326447,1.879456919912272,113,8,4.903227056544817,9409.857142857143,6,1,0,1,0
user_06,2023-06-05,4487,434,267.3954483933616,1.8897615121837785,69,6,6.813574608846807,8101.714285714285,0,0,1,1,1
user_06,2023-06-06,14226,171,25.633835041626483,0.5385007814830519,25,6,6.9410209153742155,8590.714285714286,1,0,0,0,0
user_06,2023-06-07,7675,227,139.03992578346038,2.138315380550713,0,6,6.12645921906069,8130.571428571428,2,0,0,1,0
user_06,2023-06-08,12143,418,147.95545025924994,1.9456024771000273,26,6,8.415749392050083,8721.285714285714,3,0,0,1,1
user_06,2023-06-09,4028,181,184.94471365909334,0.22299465408103758,79,6,4.489072270126316,8227.285714285714,4,0,0,0,0
user_06,2023-06-10,4440,142,212.04622601412612,0.4132887881955589,100,8,6.058212727085056,7874.571428571428,5,1,1,0,0
user_06,2023-06-11,5945,169,184.38783688501584,2.0220041132095607,92,6,5.447107128563294,7563.428571428572,6,1,0,1,0
user_06,2023-06-12,13927,270,241.68219194532168,2.639556144116148,56,7,3.9466156164590784,8912.0,0,0,1,1,0
user_06,2023-06-13,3615,482,328.88446212308173,0.8868068325126639,52,7,6.314338683131431,7396.142857142857,1,0,1,0,1
user_06,2023-06-14,14015,349,274.70711823886785,1.5602480496497517,82,6,6.073098077211651,8301.857142857143,2,0,1,1,0
user_06,2023-06-15,12275,566,321.0716650823676,2.427098098521996,52,9,5.1225114278050405,8320.714285714286,3,0,1,1,1
user_06,2023-06-16,13281,466,31.9425698329026,2.333953277965363,78,6,7.665603213686527,9642.57142857143,4,0,0,1,1
user_06,2023-06-17,10377,336,119.19191786490782,0.035614040008077885,26,7,3.7581036452251713,10490.714285714286,5,1,0,0,0
user_06,2023-06-18,10686,299,325.1027413188638,1.9944001316012547,113,8,5.0883826978460975,11168.0,6,1,1,1,0
user_06,2023-06-19,12429,458,3.2432787544852903,0.027757567307707065,112,6,6.611076716370975,10954.0,0,0,0,0,1
user_06,2023-06-20,6842,190,336.60628962484924,0.0330853454974086,30,6,5.50627241394178,11415.0,1,0,1,0,0
user_06,2023-06-21,14572,442,203.36239065785082,0.4721355446066027,56,6,5.011262681580182,11494.57142857143,2,0,1,0,1
user_06,2023-06-22,12692,368,239.27297821680096,0.7932128937889361,101,6,7.413549404673922,11554.142857142857,3,0,1,0,0
user_06,2023-06-23,9412,513,12.135698727327293,2.9957945038096296,84,6,5.82880459129597,11001.42857142857,4,0,0,1,1
user_06,2023-06-24,6046,526,280.4564525534308,0.8719289079195933,80,7,6.759500037516122,10382.714285714286,5,1,1,0,1
user_06,2023-06-25,10541,537,286.09474139305325,0.5135542315053758,33,8,5.828480888571026,10362.0,6,1,1,0,1
user_06,2023-06-26,13393,341,129.27762612973447,0.956091771856192,35,6,4.28489985667713,10499.714285714286,0,0,0,0,0
user_06,2023-06-27,13171,352,102.50196955562902,1.1405849939255326,20,5,7.979178251113823,11403.857142857143,1,0,0,1,0
user_06,2023-06-28,3131,423,183.0582464134161,0.7760453214042853,29,7,5.4849045164819605,9769.42857142857,2,0,0,0,1
user_06,2023-06-29,3015,121,290.0372495946169,0.3629993025361993,96,7,7.652615060970564,8387.0,3,0,1,0,0
user_07,2023-01-01,4088,364,149.4538608370897,2.066302547877455,66,8,6.461078032296435,7626.428571428572,6,1,0,1,0
user_07,2023-01-02,4186,537,249.50135374769312,0.01689393824416119,70,7,3.7224373931509156,7360.714285714285,0,0,1,0,1
user_07,2023-01-03,8079,338,139.39119031826212,0.5375390238759677,68,8,5.304510710902592,7009.0,1,0,0,0,0
user_07,2023-01-04,11785,153,222.73776525382502,2.787062657150403,36,7,5.224393395397609,6779.285714285715,2,0,1,1,0
user_07,2023-01-05,3613,550,64.12361580622755,1.6335938787135242,76,8,7.479527203518518,5413.857142857143,3,0,0,1,1
user_07,2023-01-06,14859,109,256.9235823164073,0.8282582654677869,117,7,6.153599135254167,7089.285714285715,4,0,1,0,0
user_07,2023-01-07,6124,317,184.2739893928535,2.6724723945318827,27,6,6.589024169925716,7533.428571428572,5,1,0,1,0
user_07,2023-01-08,10202,174,167.3533350853086,1.3225653381075477,72,7,5.559725363149196,8406.857142857143,6,1,0,1,0
user_07,2023-01-09,12379,579,116.11780627956585,2.3596309677301424,81,6,4.2031414790673765,9577.285714285714,0,0,0,1,1
user_07,2023-01-10,13713,205,330.7614176107874,0.29401624461282516,64,8,7.3491351051134295,10382.142857142857,1,0,1,0,0
user_07,2023-01-11,14329,104,330.69105935851286,0.3207595931394641,93,7,6.308852648787154,10745.57142857143,2,0,1,0,0
user_07,2023-01-12,12735,596,276.2804157996664,1.6020831911541533,61,6,6.264290210153251,12048.714285714286,3,0,1,1,1
user_07,2023-01-13,11871,292,329.8892656307681,1.2064691455319025,10,7,4.986148103054048,11621.857142857143,4,0,1,1,0
user_07,2023-01-14,4385,245,63.08144850379676,0.7568072688025378,98,7,4.27892247903953,11373.42857142857,5,1,0,0,0
user_07,2023-01-15,3170,312,61.36703176435496,1.2634075687274984,59,4,4.8774519094955835,10368.857142857143,6,1,0,1,0
user_07,2023-01-16,8228,173,178.37892212822953,0.6739821003152143,17,7,3.6423081059569107,9775.857142857143,0,0,0,0,0
user_07,2023-01-17,14069,493,96.76230903670313,1.1955060864119411,8,6,6.701109124798477,9826.714285714286,1,0,0,1,1
user_07,2023-01-18,6132,524,309.5744515294689,2.4414873947785294,50,7,7.057489279302178,8655.714285714286,2,0,1,1,1
user_07,2023-01-19,9487,344,361.36310234511717,0.313114374248487,64,7,7.022435931928159,8191.714285714285,3,0,1,0,0
user_07,2023-01-20,4817,220,368.57345160978133,1.2692265683894486,93,6,6.733270450968704,7184.0,4,0,1,1,0
user_07,2023-01-21,13402,374,238.14228900412476,2.616613586996685,67,7,6.8662147581572714,8472.142857142857,5,1,1,1,0
user_07,2023-01-22,7161,430,365.36517526561283,0.8266700103636863,68,6,5.659487955288823,9042.285714285714,6,1,1,0,1
user_07,2023-01-23,9321,518,193.4372192417316,1.5031421333832546,73,6,6.0290946734122945,9198.42857142857,0,0,0,1,1
user_07,2023-01-24,11566,475,333.19282987937504,2.961503518890613,92,6,5.495366257710765,8840.857142857143,1,0,1,1,1
user_07,2023-01-25,7589,275,89.95471209021271,1.5583463591737128,89,7,4.8558535229724775,9049.0,2,0,0,1,0
user_07,2023-01-26,13049,105,224.09658551322102,0.7650109575032271,2,6,4.211833918554667,9557.857142857143,3,0,1,0,0
user_07,2023-01-27,14733,192,231.0943080643368,1.545253128515355,82,6,4.233164635438441,10974.42857142857,4,0,1,1,0
user_07,2023-01-28,6201,274,205.29542883858366,1.7615373844070903,19,7,6.007727893175685,9945.714285714286,5,1,1,1,0
user_07,2023-01-29,14768,497,327.947259010802,1.6618252015639126,89,5,5.452096959814496,11032.42857142857,6,1,1,1,1
user_07,2023-01-30,4408,189,109.9161057687199,0.32819977638100184,66,6,7.149137048468535,10330.57142857143,0,0,0,0,0
user_07,2023-01-31,7098,278,92.37666583949778,2.2305076073372256,106,7,4.572661810926643,9692.285714285714,1,0,0,1,0
user_07,2023-02-01,10543,494,364.6472822013713,1.5064860322909603,79,6,5.31768892779287,10114.285714285714,2,0,1,1,1
user_07,2023-02-02,7668,593,75.2164370355143,2.5789966429994253,101,6,5.983836165381234,9345.57142857143,3,0,0,1,1
user_07,2023-02-03,7402,135,29.432517795876343,1.887340859736357,43,7,6.101585358173041,8298.285714285714,4,0,0,1,0
user_07,2023-02-04,11135,209,65.16663720064764,1.0104573329023707,103,6,5.8039067893230625,9003.142857142857,5,1,0,1,0
user_07,2023-02-05,4803,174,299.2647196114785,1.4089627708548706,61,7,6.902532960075325,7579.571428571428,6,1,1,1,0
user_07,2023-02-06,13494,486,255.12887170376408,0.028034860458732602,67,7,6.068013909976041,8877.57142857143,0,0,1,0,1
user_07,2023-02-07,6774,397,139.6641546262999,2.0109589019446283,76,7,5.700303943335686,8831.285714285714,1,0,0,1,0
user_07,2023-02-08,8346,221,307.3871182656535,0.6649419438526775,75,6,6.173015562847638,8517.42857142857,2,0,1,0,0
user_07,2023-02-09,10226,474,290.30841878311094,1.9711955475988363,14,8,4.770982063446814,8882.857142857143,3,0,1,1,1
user_07,2023-02-10,5181,280,394.4111712785719,0.5412714662441113,113,7,5.0204678900696935,8565.57142857143,4,0,1,0,0
user_07,2023-02-11,7422,514,205.7615474984738,0.7703085466137395,116,5,5.905114243806925,8035.142857142857,5,1,1,0,1
user_07,2023-02-12,7145,503,263.5466667688088,1.9413337829222836,71,6,6.012365095136532,8369.714285714286,6,1,1,1,1
user_07,2023-02-13,6628,364,205.6123277903478,1.719447743943737,0,6,5.469615980945568,7388.857142857143,0,0,1,1,0
user_07,2023-02-14,14464,321,388.59368601692427,1.3991808520811415,88,7,6.82610983669387,8487.42857142857,1,0,1,1,0
user_07,2023-02-15,10401,240,394.5528686515569,1.600769190331226,35,8,5.275138916199948,8781.0,2,0,1,1,0
user_07,2023-02-16,7260,314,305.9544640661185,0.06646988824873057,89,8,6.883114551658483,8357.285714285714,3,0,1,0,0
user_07,2023-02-17,7052,481,190.1664948416057,2.983350265636753,28,6,7.387352362011728,8624.57142857143,4,0,0,1,1
user_07,2023-02-18,14200,339,4.8499000350979315,0.7475234917270995,27,7,5.088490031323128,9592.857142857143,5,1,0,0,0
user_07,2023-02-19,11527,150,314.90012106774515,1.2262231102743677,105,8,6.532730787759542,10218.857142857143,6,1,1,1,0
user_07,2023-02-20,4896,227,249.18915507523826,0.020356658930482774,91,8,6.218611486534706,9971.42857142857,0,0,1,0,0
user_07,2023-02-21,12637,248,31.410874376629128,1.6816180572503128,108,7,6.6923145736407,9710.42857142857,1,0,0,1,0
user_07,2023-02-22,5521,481,291.35447444029296,1.9312455973287699,36,8,5.236345346575668,9013.285714285714,2,0,1,1,1
user_07,2023-02-23,13769,412,105.3454475992317,0.6295940318373635,65,7,5.444713897398964,9943.142857142857,3,0,0,0,1
user_07,2023-02-24,7289,257,169.15058738671155,1.6972546926737473,85,7,5.6017169664574515,9977.0,4,0,0,1,0
user_07,2023-02-25,9617,130,321.55388349410134,0.5521231044643402,86,7,6.766808385393519,9322.285714285714,5,1,1,0,0
user_07,2023-02-26,6763,371,387.569149487497,1.7198300662596104,25,7,7.536686415622371,8641.714285714286,6,1,1,1,0
user_07,2023-02-27,9605,406,164.50095939154764,2.7898264806870126,31,6,8.193602615610072,9314.42857142857,0,0,0,1,1
user_07,2023-02-28,13773,207,84.81114020089157,0.08862590583447982,113,6,6.0348922180111035,9476.714285714286,1,0,0,0,0
user_07,2023-03-01,10008,352,254.7768042442521,0.7029152980115337,15,7,5.680023470648975,10117.714285714286,2,0,1,0,0
user_07,2023-03-02,8270,543,121.40404995124459,0.32582220703947773,29,4,6.607271615407699,9332.142857142857,3,0,0,0,1
user_07,2023-03-03,8399,215,31.560731796480425,0.2740615960993099,55,7,4.24215655060069,9490.714285714286,4,0,0,0,0
user_07,2023-03-04,7481,348,204.97142055066254,2.0181408345013088,46,7,7.3918058916191,9185.57142857143,5,1,1,1,0
user_07,2023-03-05,4913,301,302.6819640445878,2.000716160052631,51,5,8.713619777528997,8921.285714285714,6,1,1,1,0
user_07,2023-03-06,14329,379,196.71625304946724,1.6963690982223247,108,6,4.739084650514995,9596.142857142857,0,0,0,1,0
user_07,2023-03-07,14977,526,332.6393185764306,2.7974753393330394,104,6,4.637805108617347,9768.142857142857,1,0,1,1,1
user_07,2023-03-08,6029,386,246.41541133598284,0.37271011666742704,23,5,5.731860860758236,9199.714285714286,2,0,1,0,0
user_07,2023-03-09,7242,473,223.2927001118644,0.9743967461410816,109,6,7.321316202803404,9052.857142857143,3,0,1,0,1
user_07,2023-03-10,13589,244,188.44414199910156,2.456213971363956,16,6,5.514321255424953,9794.285714285714,4,0,0,1,0
user_07,2023-03-11,14446,451,133.1648384925613,0.5284617375085802,13,8,6.686709204348565,10789.285714285714,5,1,0,0,1
user_07,2023-03-12,10189,231,239.16439690533298,1.469681233152522,33,6,5.759699194851752,11543.0,6,1,1,1,0
user_07,2023-03-13,11585,509,299.69453224098686,2.80904084241325,59,7,4.3633525381787415,11151.0,0,0,1,1,1
user_07,2023-03-14,5453,579,2.1356567878754174,2.954614698340806,63,8,5.259725708991247,9790.42857142857,1,0,0,1,1
user_07,2023-03-15,5853,288,397.2904269122197,0.034716596265810806,45,6,7.345935007838316,9765.285714285714,2,0,1,0,0
user_07,2023-03-16,11391,480,0.3772170109961337,2.2714517409223176,3,8,5.910336078460366,10358.0,3,0,0,1,1
user_07,2023-03-17,4764,375,209.97363369738702,1.4313893021870499,108,7,6.852143076402508,9097.285714285714,4,0,1,1,0
user_07,2023-03-18,6835,282,233.2780647532184,0.6898842462031026,78,7,5.6602851483570955,8010.0,5,1,1,0,0
user_07,2023-03-19,4043,165,359.942912739678,2.4552079424934705,44,6,5.360211109010467,7132.0,6,1,1,1,0
user_07,2023-03-20,13994,538,209.25204516248974,1.8990867162232274,6,7,6.324177308596996,7476.142857142857,0,0,1,1,1
user_07,2023-03-21,13648,415,262.3185119598879,1.49107094333162,13,8,5.85712177720871,8646.857142857143,1,0,1,1,1
user_07,2023-03-22,11050,545,90.80051973536824,0.6638297731985521,51,7,5.438419384817302,9389.285714285714,2,0,0,0,1
user_07,2023-03-23,14760,148,107.51251926464165,1.5967374214253423,22,5,6.723037939579864,9870.57142857143,3,0,0,1,0
user_07,2023-03-24,3947,122,204.7608485078496,0.9588543765242137,32,7,6.453943159757019,9753.857142857143,4,0,1,0,0
user_07,2023-03-25,10182,478,250.00778166724166,0.7577056774130608,112,7,7.376827361965034,10232.0,5,1,1,0,1
user_07,2023-03-26,3362,482,344.493364754695,0.4364743417434791,65,7,6.908022662536191,10134.714285714286,6,1,1,0,1
user_07,2023-03-27,10750,309,92.93421836960727,1.8718367242841651,99,9,5.747288140028415,9671.285714285714,0,0,0,1,0
user_07,2023-03-28,11275,145,226.8652351653569,1.6602886834911823,89,6,5.808071929590899,9332.285714285714,1,0,1,1,0
user_07,2023-03-29,8051,277,207.71203295810855,2.573855836207009,67,6,4.68280444164731,8903.857142857143,2,0,1,1,0
user_07,2023-03-30,7147,315,318.23273461691315,1.2511657086981167,117,8,6.977847564654331,7816.285714285715,3,0,1,1,0
user_07,2023-03-31,12867,182,156.66661715152355,2.7464306436549943,48,7,3.838403866761463,9090.57142857143,4,0,0,1,0
user_07,2023-04-01,10381,124,207.55581266043257,0.41975693168098227,72,7,5.7728622197556145,9119.0,5,1,1,0,0
user_07,2023-04-02,4550,277,275.8542967660484,1.4079698911304104,37,6,7.985380395260293,9288.714285714286,6,1,1,1,0
user_07,2023-04-03,7459,372,150.3839638562655,1.920146390790169,67,6,5.681665944583724,8818.57142857143,0,0,0,1,0
user_07,2023-04-04,11559,164,7.428287506039544,2.665928008088865,47,4,6.7705010183921015,8859.142857142857,1,0,0,1,0
user_07,2023-04-05,6889,534,239.171770727932,0.6353978657446432,50,7,7.334331826852043,8693.142857142857,2,0,1,0,1
user_07,2023-04-06,8358,571,191.2388075272886,1.5156794334050219,48,7,5.008472958895368,8866.142857142857,3,0,0,1,1
user_07,2023-04-07,8196,161,313.6247119313915,1.8675476052381481,100,4,7.027510594800878,8198.857142857143,4,0,1,1,0
user_07,2023-04-08,3105,230,95.31511057922724,2.625366172054351,7,6,5.681526766311643,7159.428571428572,5,1,0,1,0
user_07,2023-04-09,12137,592,166.29369932935495,1.138892602456903,84,7,7.136191374642542,8243.285714285714,6,1,0,1,1
user_07,2023-04-10,13683,400,33.538287201792414,1.041141077861331,119,7,4.273765215987933,9132.42857142857,0,0,0,1,0
user_07,2023-04-11,14164,578,190.21060865047735,0.9545256285261094,5,7,5.443957933084622,9504.57142857143,1,0,0,0,1
user_07,2023-04-12,7250,112,335.61966723174294,2.794266582258658,84,4,5.510429352969329,9556.142857142857,2,0,1,1,0
user_07,2023-04-13,14784,485,94.25761576856874,2.6835697107329177,109,8,7.16257366818784,10474.142857142857,3,0,0,1,1
user_07,2023-04-14,8088,144,376.9337979740148,2.4692625870206415,98,7,4.125107935952467,10458.714285714286,4,0,1,1,0
user_07,2023-04-15,6291,574,172.93355995146612,2.937785596825927,4,8,5.628943285199615,10913.857142857143,5,1,0,1,1
user_07,2023-04-16,10913,504,144.18521165970222,1.2912657242639005,57,6,5.840251502008414,10739.0,6,1,0,1,1
user_07,2023-04-17,11861,305,57.47664290469356,1.5671197919004032,5,7,6.982726959911422,10478.714285714286,0,0,0,1,0
user_07,2023-04-18,11756,198,313.00480328233175,1.6325464626939024,91,7,6.618959206980479,10134.714285714286,1,0,1,1,0
user_07,2023-04-19,14774,550,147.19403087471466,0.23289565574938542,60,6,6.281211682584066,11209.57142857143,2,0,0,0,1
user_07,2023-04-20,11702,112,123.79263167794679,2.9292396671521685,8,5,5.78604457081245,10769.285714285714,3,0,0,1,0
user_07,2023-04-21,9935,325,221.87747425882313,0.24101059970846272,32,7,6.346312710224886,11033.142857142857,4,0,1,0,0
user_07,2023-04-22,9733,435,11.45247753426113,0.5991848403337097,102,5,6.922702318524627,11524.857142857143,5,1,0,0,1
user_07,2023-04-23,3755,248,116.03690598029917,1.8403364177039707,12,6,6.5117309642699075,10502.285714285714,6,1,0,1,0
user_07,2023-04-24,11046,380,100.02270340406128,1.2511461849627028,83,5,5.387406451059973,10385.857142857143,0,0,0,1,0
user_07,2023-04-25,3296,193,182.18846829174703,2.488567245865124,112,5,5.977969927483059,9177.285714285714,1,0,0,1,0
user_07,2023-04-26,7382,165,212.54433267810674,0.6037510936535089,83,6,5.680449357704696,8121.285714285715,2,0,1,0,0
user_07,2023-04-27,14076,201,261.1039023904501,2.3081873305224065,37,6,7.121188142569904,8460.42857142857,3,0,1,1,0
user_07,2023-04-28,8413,499,242.5267789498128,1.095075912116469,96,6,5.783093005259364,8243.0,4,0,1,1,1
user_07,2023-04-29,14050,146,253.19977753877117,0.1590773130894323,3,6,7.912554689431941,8859.714285714286,5,1,1,0,0
user_07,2023-04-30,7778,120,7.699585539557585,2.4756448372555293,84,6,6.99821765597173,9434.42857142857,6,1,0,1,0
user_07,2023-05-01,8521,248,218.14514085345667,0.1536190475709872,73,6,4.1365972540544345,9073.714285714286,0,0,1,0,0
user_07,2023-05-02,6063,323,114.71829167541591,2.907747416467526,56,7,5.603675585851371,9469.0,1,0,0,1,0
user_07,2023-05-03,4659,185,16.788201362426804,0.5302706022703823,40,6,5.386397235976666,9080.0,2,0,0,0,0
user_07,2023-05-04,7993,127,32.89328860424021,1.2547922427077272,90,6,4.225768708664237,8211.0,3,0,0,1,0
user_07,2023-05-05,10933,137,138.44439483764606,2.240179311603095,102,7,5.667090670013321,8571.0,4,0,0,1,0
user_07,2023-05-06,11527,252,268.1414558647196,2.9699418449675425,85,6,4.011110645088214,8210.57142857143,5,1,1,1,0
user_07,2023-05-07,7899,522,329.10000590604926,2.7931770926616,58,4,7.53653415631817,8227.857142857143,6,1,1,1,1
user_07,2023-05-08,6022,124,0.40891983777919805,1.8005458329429769,50,7,5.009737029738181,7870.857142857143,0,0,0,1,0
user_07,2023-05-09,12709,432,57.94113090729765,1.7445914228313317,108,8,6.6765074764399746,8820.285714285714,1,0,0,1,1
user_07,2023-05-10,10240,427,364.58160138193574,0.485138334990324,54,8,7.427328651594769,9617.57142857143,2,0,1,0,1
user_07,2023-05-11,11753,274,336.22134270050566,2.047934646879394,50,7,5.9136621417532735,10154.714285714286,3,0,1,1,0
user_07,2023-05-12,11986,531,142.17467228981255,0.7545391190292025,50,6,5.840158077818625,10305.142857142857,4,0,0,0,1
user_07,2023-05-13,4904,462,41.492065816997666,2.5077287466178646,75,6,5.204575208245194,9359.0,5,1,0,1,1
user_07,2023-05-14,9512,311,240.05619328537074,2.13278891024365,90,7,6.736078756044877,9589.42857142857,6,1,1,1,0
user_07,2023-05-15,4082,545,14.90155224567844,0.07904199658175282,56,7,6.940539193629264,9312.285714285714,0,0,0,0,1
user_07,2023-05-16,14245,154,255.82483921358423,0.20159271225712128,54,7,5.132956772478653,9531.714285714286,1,0,1,0,0
user_07,2023-05-17,7942,266,132.04471914209645,0.9668924202087255,8,7,6.1931146336900245,9203.42857142857,2,0,0,0,0
user_07,2023-05-18,8309,111,285.628470456934,2.6026718623366154,37,5,5.408695361121055,8711.42857142857,3,0,1,1,0
user_07,2023-05-19,10188,244,1.2697192738012841,2.878717762887197,118,7,5.149024919318435,8454.57142857143,4,0,0,1,0
user_07,2023-05-20,9611,300,362.14927530497096,1.2284122256663315,62,6,5.972239863355337,9127.0,5,1,1,1,0
user_07,2023-05-21,14062,465,160.75948318238665,1.727157915993613,90,4,5.337044182240351,9777.0,6,1,0,1,1
user_07,2023-05-22,3800,447,227.99312761812644,1.0035629224298919,39,5,5.7565896974320925,9736.714285714286,0,0,1,1,1
user_07,2023-05-23,13668,140,282.045258655598,2.5508962097153756,78,7,7.223606883457626,9654.285714285714,1,0,1,1,0
user_07,2023-05-24,12357,350,118.72008202073556,1.0627971639828773,20,8,5.329122379240319,10285.0,2,0,0,1,0
user_07,2023-05-25,12451,147,114.85273487485732,0.5511850210243121,43,8,4.669773744358662,10876.714285714286,3,0,0,0,0
user_07,2023-05-26,8164,392,128.69481194331112,0.2250662666787545,37,6,7.284104695178898,10587.57142857143,4,0,0,0,0
user_07,2023-05-27,12634,285,101.60845963822509,2.5791863505066974,58,6,5.020311460686267,11019.42857142857,5,1,0,1,0
user_07,2023-05-28,6619,427,77.4801171142808,0.6251510370264761,64,6,5.564098530909567,9956.142857142857,6,1,0,0,1
user_07,2023-05-29,4916,450,348.4748185401271,2.2449564033674725,47,6,6.486590679735057,10115.57142857143,0,0,1,1,1
user_07,2023-05-30,4928,200,237.64858659967527,2.403024729593748,56,4,4.9348439859046405,8867.0,1,0,1,1,0
user_07,2023-05-31,11455,571,361.110419105818,2.8868746250177604,16,5,5.314614887659539,8738.142857142857,2,0,1,1,1
user_07,2023-06-01,8431,273,246.91643042104707,1.2154730160508227,15,7,5.882827995025624,8163.857142857143,3,0,1,1,0
user_07,2023-06-02,11296,281,302.0375869192586,2.252434144123317,46,6,3.354605854305972,8611.285714285714,4,0,1,1,0
user_07,2023-06-03,14704,243,211.41594414251514,0.8723758326655425,21,8,6.182106032057327,8907.0,5,1,1,0,0
user_07,2023-06-04,14898,173,337.7705332480347,1.7074247113628047,100,7,3.6351446272084877,10089.714285714286,6,1,1,1,0
user_07,2023-06-05,6097,480,225.92732558407883,1.4115152369769817,9,9,4.675083980577536,10258.42857142857,0,0,1,1,1
user_07,2023-06-06,7040,170,1.3551391930556544,0.7358702809309289,8,4,5.739330856083187,10560.142857142857,1,0,0,0,0
user_07,2023-06-07,14223,448,29.420191590511678,0.6682449731375657,103,8,6.943715505756044,10955.57142857143,2,0,0,0,1
user_07,2023-06-08,11102,395,114.1111987763519,1.4277800920948898,58,7,5.450729663879731,11337.142857142857,3,0,0,1,0
user_07,2023-06-09,4452,245,123.42659903556678,2.975680449427935,59,7,5.429530982011781,10359.42857142857,4,0,0,1,0
user_07,2023-06-10,3244,344,28.580552243768942,0.09738042528682922,54,7,5.407336699344993,8722.285714285714,5,1,0,0,0
user_07,2023-06-11,8281,326,264.87435428473344,0.34854232503567284,46,4,6.388834157792458,7777.0,6,1,1,0,0
user_07,2023-06-12,5840,327,231.39294389234357,1.0973145568890659,81,7,5.5428258528569705,7740.285714285715,0,0,1,1,0
user_07,2023-06-13,11636,575,292.5415887109512,1.5733481834167562,32,7,5.618862303326581,8396.857142857143,1,0,1,1,1
user_07,2023-06-14,8930,469,145.68088905980642,0.6297954950204532,23,6,5.405496304050993,7640.714285714285,2,0,0,0,1
user_07,2023-06-15,6034,439,17.79087552126399,2.256368514745882,55,6,4.691940727873408,6916.714285714285,3,0,0,1,1
user_07,2023-06-16,14221,141,242.47741496965617,1.6732942772941852,28,6,4.171237176844706,8312.285714285714,4,0,1,1,0
user_07,2023-06-17,4620,372,74.41362454851146,2.8036109449236095,104,6,5.122624215419959,8508.857142857143,5,1,0,1,0
user_07,2023-06-18,4104,292,47.03984663948071,2.8449281412911,1,8,5.736838727940174,7912.142857142857,6,1,0,1,0
user_07,2023-06-19,3804,386,80.90927269681214,0.6418013484031417,5,6,6.415904270257855,7621.285714285715,0,0,0,0,0
user_07,2023-06-20,6371,525,197.53437626076936,0.9363583960176136,28,7,6.961500094303968,6869.142857142857,1,0,0,0,1
user_07,2023-06-21,14049,273,92.9062903190101,2.692448654386274,73,6,7.12884748754939,7600.428571428572,2,0,0,1,0
user_07,2023-06-22,9980,267,52.2793014993252,0.5201194702725246,64,7,5.297750457636856,8164.142857142857,3,0,0,0,0
user_07,2023-06-23,6696,505,140.48680785539523,2.5117199985463783,111,7,7.031543707851702,7089.142857142857,4,0,0,1,1
user_07,2023-06-24,8643,342,148.96026641414247,2.3291741059581783,65,6,4.623399968461184,7663.857142857143,5,1,0,1,0
user_07,2023-06-25,9818,377,101.84373171812236,2.8465915376843896,95,5,6.640888324513621,8480.142857142857,6,1,0,1,0
user_07,2023-06-26,5835,205,197.6171467742933,0.16565288025121694,67,7,7.926285854855394,8770.285714285714,0,0,0,0,0
user_07,2023-06-27,8571,268,369.89899034574466,2.5555104264567996,116,7,6.5416640245159385,9084.57142857143,1,0,1,1,0
user_07,2023-06-28,9541,364,229.98139729185655,2.669793167670294,84,6,5.529786821468271,8440.57142857143,2,0,1,1,0
user_07,2023-06-29,7959,221,209.07890585534798,1.6501162229958117,85,8,6.20849197057558,8151.857142857143,3,0,1,1,0
user_08,2023-01-01,4326,369,284.7811952262202,1.4797304878003419,13,7,6.892784378226988,7813.285714285715,6,1,1,1,0
user_08,2023-01-02,8834,360,283.49143196195985,0.40329324850720205,78,6,3.663240644679691,7840.571428571428,0,0,1,0,0
user_08,2023-01-03,7299,572,269.1671297147906,1.2973420788156411,81,7,6.415583039833964,7480.714285714285,1,0,1,1,1
user_08,2023-01-04,5105,117,248.8667696694431,1.7556609881728658,75,4,6.828965609481268,7376.428571428572,2,0,1,1,0
user_08,2023-01-05,9764,143,162.0408508188482,2.885981729600468,108,6,7.248376364198185,7546.857142857143,3,0,0,1,0
user_08,2023-01-06,4171,571,237.19539551300394,2.2677537438754127,119,7,7.0481167592691545,6779.714285714285,4,0,1,1,1
user_08,2023-01-07,5795,132,121.09902818849298,1.4838540453300966,81,7,4.028518700010085,6470.571428571428,5,1,0,1,0
user_08,2023-01-08,9953,570,316.8676544911858,1.4842717187574128,3,5,5.231233589961479,7274.428571428572,6,1,1,1,1
user_08,2023-01-09,6004,430,72.00721802032271,1.3008181002286052,59,8,5.891093504861668,6870.142857142857,0,0,0,1,1
user_08,2023-01-10,12357,370,286.7190866797483,1.7847480627566146,81,7,5.80198619975085,7592.714285714285,1,0,1,1,0
user_08,2023-01-11,13774,205,322.00451963268944,0.6902577252600056,99,7,5.457132405247463,8831.142857142857,2,0,1,0,0
user_08,2023-01-12,12343,131,387.7021854878723,0.16824050779101263,5,5,5.807046010400232,9199.57142857143,3,0,1,0,0
user_08,2023-01-13,5413,108,124.41668202279357,0.9600329677411902,48,6,7.052255933743964,9377.0,4,0,0,0,0
user_08,2023-01-14,4145,498,392.6738023748195,1.0502139368248589,61,8,5.229575200862121,9141.285714285714,5,1,1,1,1
user_08,2023-01-15,11045,517,341.1824454694995,0.9451679079559633,114,6,5.581406392027732,9297.285714285714,6,1,1,0,1
user_08,2023-01-16,6761,265,262.9976919939768,0.5838577629736955,118,6,5.703347804903167,9405.42857142857,0,0,1,0,0
user_08,2023-01-17,9563,195,1.067267203714506,2.6814256296498917,51,6,6.84911329560641,9006.285714285714,1,0,0,1,0
user_08,2023-01-18,4672,376,351.47903353043034,1.0706659868412034,93,4,6.454914751080022,7706.0,2,0,1,1,0
user_08,2023-01-19,12988,214,245.85712757395441,2.5476574340823146,99,8,6.816612153634701,7798.142857142857,3,0,1,1,0
user_08,2023-01-20,3676,182,356.2982367398885,1.7643155947259936,56,5,6.831211103199756,7550.0,4,0,1,1,0
user_08,2023-01-21,12034,434,56.23393249955879,2.6090706037786364,61,7,3.7747040972232244,8677.0,5,1,0,1,1
user_08,2023-01-22,9321,476,101.46778364867859,2.6249311758723533,118,7,6.210404713971319,8430.714285714286,6,1,0,1,1
user_08,2023-01-23,11130,440,13.588528533180355,2.5273731831323625,78,8,5.412262030680101,9054.857142857143,0,0,0,1,1
user_08,2023-01-24,6989,432,378.0759044508026,1.8255138389123595,43,5,5.643290761823587,8687.142857142857,1,0,1,1,1
user_08,2023-01-25,7200,261,184.45671115227995,0.9335008943143074,36,8,5.377248863870811,9048.285714285714,2,0,0,0,0
user_08,2023-01-26,4500,451,261.84859831882204,2.4068664490910625,73,8,6.8209819347379,7835.714285714285,3,0,1,1,1
user_08,2023-01-27,9608,447,344.49975407322603,2.4393151413325316,100,6,5.500489580300492,8683.142857142857,4,0,1,1,1
user_08,2023-01-28,6521,318,220.81295033594,1.072129210343887,43,4,5.844819367747666,7895.571428571428,5,1,1,1,0
user_08,2023-01-29,5451,389,163.28872903529282,0.8215275572977775,29,8,3.087865620620884,7342.714285714285,6,1,0,0,0
user_08,2023-01-30,5006,345,156.8118139214365,2.7147885509454457,97,7,7.061250713604522,6467.857142857143,0,0,0,1,0
user_08,2023-01-31,4896,303,16.005252214049737,0.9969297322198789,66,7,6.517440657726286,6168.857142857143,1,0,0,0,0
user_08,2023-02-01,14965,278,395.7333147313101,0.8176429436790873,83,7,5.923106294564339,7278.142857142857,2,0,1,0,0
user_08,2023-02-02,13908,166,253.6308244834262,0.07233551797919346,113,4,6.5789098180691346,8622.142857142857,3,0,1,0,0
user_08,2023-02-03,11163,550,173.44903476066955,1.7085356080332637,12,7,5.853625591050518,8844.285714285714,4,0,0,1,1
user_08,2023-02-04,8228,584,45.931612688547794,2.869661901998554,75,7,6.5144760705317495,9088.142857142857,5,1,0,1,1
user_08,2023-02-05,12664,175,179.17696687086573,2.553846636649593,85,6,6.589328047074422,10118.57142857143,6,1,0,1,0
user_08,2023-02-06,7353,317,359.99331075146165,2.0645233101667904,9,4,8.025091083491953,10453.857142857143,0,0,1,1,0
user_08,2023-02-07,4195,598,344.96174091723566,2.562803077972592,20,6,7.611114982411957,10353.714285714286,1,0,1,1,1
user_08,2023-02-08,8906,403,248.55384322953157,0.5354522230412544,78,7,6.1726966501188025,9488.142857142857,2,0,1,0,1
user_08,2023-02-09,14202,451,199.40578439562282,1.0500208929320398,13,7,4.533094054648081,9530.142857142857,3,0,0,1,1
user_08,2023-02-10,11191,541,337.332941956775,2.154018630322944,118,8,7.352244141646079,9534.142857142857,4,0,1,1,1
user_08,2023-02-11,4532,450,112.02128224662258,0.8211018884657876,72,7,4.81796244094316,9006.142857142857,5,1,0,0,1
user_08,2023-02-12,11166,345,153.03552946836803,0.9774900598121834,82,7,6.5401027871297295,8792.142857142857,6,1,0,0,0
user_08,2023-02-13,5493,207,140.6539893351395,0.1886273463434629,7,8,5.486670813322496,8526.42857142857,0,0,0,0,0
user_08,2023-02-14,4226,360,195.22406250786517,2.823421005437521,83,8,6.677701094066044,8530.857142857143,1,0,0,1,0
user_08,2023-02-15,3429,168,366.18919502940605,2.3299202231178686,88,4,5.671934795805505,7748.428571428572,2,0,1,1,0
user_08,2023-02-16,4361,261,110.02177907220015,2.504585754199187,108,6,5.382188083773645,6342.571428571428,3,0,0,1,0
user_08,2023-02-17,11573,322,114.36817665585278,1.2814730421031313,89,4,6.926268764122587,6397.142857142857,4,0,0,1,0
user_08,2023-02-18,4465,272,336.7900101625085,0.031091167041531254,22,7,4.710374932575785,6387.571428571428,5,1,1,0,0
user_08,2023-02-19,8660,542,223.35684653146947,0.09328386582916803,100,5,6.506526218339656,6029.571428571428,6,1,1,0,1
user_08,2023-02-20,6333,166,200.8050497599002,1.7649233081417721,82,5,4.9200432572801995,6149.571428571428,0,0,1,1,0
user_08,2023-02-21,11820,504,139.22814834445606,1.039502662097235,37,8,6.302676893422974,7234.428571428572,1,0,0,1,1
user_08,2023-02-22,5807,394,131.40362173514526,2.8573537894391556,0,4,7.169645022120437,7574.142857142857,2,0,0,1,0
user_08,2023-02-23,12245,214,328.4288892228075,1.6375782030592867,58,7,6.304492201680144,8700.42857142857,3,0,1,1,0
user_08,2023-02-24,8274,176,81.7866880790302,2.7980457070815064,29,7,5.146279180784393,8229.142857142857,4,0,0,1,0
user_08,2023-02-25,5415,346,55.510353645052305,0.9000914417864899,118,8,5.233896938147049,8364.857142857143,5,1,0,0,0
user_08,2023-02-26,14885,213,98.12419919439196,2.897374590320903,37,6,4.049587798342593,9254.142857142857,6,1,0,1,0
user_08,2023-02-27,9997,470,235.0676205893041,0.9538179891204684,103,7,5.876107636764799,9777.57142857143,0,0,1,0,1
user_08,2023-02-28,12280,101,173.1404427182684,0.5930128106228069,1,7,5.249452810996951,9843.285714285714,1,0,0,0,0
user_08,2023-03-01,10316,186,43.26414089407287,1.5266287542280041,15,6,8.240926556205793,10487.42857142857,2,0,0,1,0
user_08,2023-03-02,4076,446,378.8350187902222,1.8087264342740568,113,7,7.403142549962902,9320.42857142857,3,0,1,1,1
user_08,2023-03-03,11250,358,306.4487005380521,0.20504285456907345,37,6,6.514377136613857,9745.57142857143,4,0,1,0,0
user_08,2023-03-04,13073,235,63.044539625147245,1.770936031472285,58,6,5.6425849518293,10839.57142857143,5,1,0,1,0
user_08,2023-03-05,9037,115,348.64673853154005,1.0893861314689077,0,7,5.785338178318707,10004.142857142857,6,1,1,1,0
user_08,2023-03-06,9820,292,74.10720886103502,2.8930133046330173,78,7,6.296572676694308,9978.857142857143,0,0,0,1,0
user_08,2023-03-07,12690,514,387.18777820810186,0.9601660651664347,57,4,7.328646411544644,10037.42857142857,1,0,1,0,1
user_08,2023-03-08,4634,530,34.97963374755466,1.6737023364315278,64,6,7.369094582762852,9225.714285714286,2,0,0,1,1
user_08,2023-03-09,12867,567,180.04970905409553,2.2329111520120986,28,7,4.656773352051681,10481.57142857143,3,0,0,1,1
user_08,2023-03-10,9416,493,242.02859407230673,2.06588786970163,52,8,4.355259157502443,10219.57142857143,4,0,1,1,1
user_08,2023-03-11,7861,258,392.3373472895594,1.068759128696404,52,8,7.588447176240112,9475.0,5,1,1,1,0
user_08,2023-03-12,3149,122,101.55360438442726,2.290895746641402,2,5,5.865138063134078,8633.857142857143,6,1,0,1,0
user_08,2023-03-13,11486,219,169.8288407361428,2.5044080038634995,26,4,6.374172541108817,8871.857142857143,0,0,0,1,0
user_08,2023-03-14,11445,428,202.39333166282537,1.195924005589152,61,6,6.259801210594865,8694.0,1,0,1,1,1
user_08,2023-03-15,9042,362,232.20771067054807,1.7836503034351345,11,4,6.881058892057434,9323.714285714286,2,0,1,1,0
user_08,2023-03-16,11499,361,332.52962851409984,1.0951370804283405,96,6,7.457859179856809,9128.285714285714,3,0,1,1,0
user_08,2023-03-17,8821,415,131.98772557787746,2.4245047415663272,108,6,6.293690336850415,9043.285714285714,4,0,0,1,1
user_08,2023-03-18,3318,581,132.91162815679866,2.7021774303719504,63,5,6.245212173468355,8394.285714285714,5,1,0,1,1
user_08,2023-03-19,4602,308,193.68522630391624,2.4949201205079925,108,7,7.410325955950498,8601.857142857143,6,1,0,1,0
user_08,2023-03-20,5481,384,106.91803283060182,0.8326399778940727,8,6,5.360561219328492,7744.0,0,0,0,0,0
user_08,2023-03-21,11107,325,224.38259979885848,0.4278001614890713,38,6,7.151665583047476,7695.714285714285,1,0,1,0,0
user_08,2023-03-22,13334,116,273.33451251208555,0.7873809342020501,9,7,5.422597807770561,8308.857142857143,2,0,1,0,0
user_08,2023-03-23,3371,347,243.94749399421508,2.1783182051082557,101,7,7.490137522099841,7147.714285714285,3,0,1,1,0
user_08,2023-03-24,12965,216,230.7043389743697,0.49660587808159806,98,5,4.452495039947772,7739.714285714285,4,0,1,0,0
user_08,2023-03-25,6411,384,289.16602116917414,2.068421698220292,56,7,7.454605539068863,8181.571428571428,5,1,1,1,0
user_08,2023-03-26,5379,129,21.336065202073407,1.1957989881553674,77,7,3.9664993300094946,8292.57142857143,6,1,0,1,0
user_08,2023-03-27,3302,537,142.1068872229334,0.3277846697725717,53,6,6.599275795221258,7981.285714285715,0,0,0,0,1
user_08,2023-03-28,8020,343,69.643699013294,1.134454839877383,70,7,6.4480783410128915,7540.285714285715,1,0,0,1,0
user_08,2023-03-29,13467,570,7.151393613927226,0.6486986831729737,33,6,4.828764552770762,7559.285714285715,2,0,0,0,1
user_08,2023-03-30,7522,283,230.60631619545512,2.8915285547815786,80,6,5.036239401624483,8152.285714285715,3,0,1,1,0
user_08,2023-03-31,11949,589,362.5016946951473,1.519115020635436,83,7,3.9979470155226418,8007.142857142857,4,0,1,1,1
user_08,2023-04-01,9470,557,29.22345841311258,1.3867657285323014,115,7,6.014108356253125,8444.142857142857,5,1,0,1,1
user_08,2023-04-02,8381,381,381.2710153052557,0.5408703918469218,38,7,5.780382632919315,8873.0,6,1,1,0,0
user_08,2023-04-03,7622,136,344.3721930314784,2.4649397914935003,71,4,5.468588598861575,9490.142857142857,0,0,1,1,0
user_08,2023-04-04,13041,450,172.80991985349664,2.42509407053045,92,6,6.377451708759076,10207.42857142857,1,0,0,1,1
user_08,2023-04-05,6118,184,323.3529724957798,1.5615813384274908,80,4,6.650741037066465,9157.57142857143,2,0,1,1,0
user_08,2023-04-06,7251,541,100.29273040082178,2.6836165567217733,94,6,6.064377206560724,9118.857142857143,3,0,0,1,1
user_08,2023-04-07,3653,162,345.22175724637964,1.5766490104506887,39,6,6.70737857514197,7933.714285714285,4,0,1,1,0
user_08,2023-04-08,14120,168,349.11853003177714,2.3909629642769565,17,7,4.848773342492856,8598.0,5,1,1,1,0
user_08,2023-04-09,7111,210,334.5892766663885,2.8498650279966125,33,7,6.819837622064976,8416.57142857143,6,1,1,1,0
user_08,2023-04-10,8362,185,51.40159140048386,0.2632017817880967,98,7,5.346969424541945,8522.285714285714,0,0,0,0,0
user_08,2023-04-11,14480,515,10.001645140236848,2.3573464511812627,63,6,6.391698016010473,8727.857142857143,1,0,0,1,1
user_08,2023-04-12,14705,522,229.19745764543714,1.375131117415982,81,7,4.191704671500485,9954.57142857143,2,0,1,1,1
user_08,2023-04-13,3135,589,31.03823279045961,0.43526833991741476,69,7,4.476141362552595,9366.57142857143,3,0,0,0,1
user_08,2023-04-14,7571,144,334.3937796373899,0.36813133179054347,7,6,5.724354146491293,9926.285714285714,4,0,1,0,0
user_08,2023-04-15,7681,519,271.3440359131608,0.8585587400524018,56,7,6.140074847959827,9006.42857142857,5,1,1,0,1
user_08,2023-04-16,9017,192,355.877490131024,1.8260625836484023,94,7,5.8121628003849315,9278.714285714286,6,1,1,1,0
user_08,2023-04-17,3827,335,215.39866029802388,2.675414658255306,57,6,7.202249003361171,8630.857142857143,0,0,1,1,0
user_08,2023-04-18,11754,519,333.22277650568543,2.0643416287831666,13,7,5.452178575756778,8241.42857142857,1,0,1,1,1
user_08,2023-04-19,13384,595,14.75731556430726,0.6594021358857712,118,7,7.080325540900442,8052.714285714285,2,0,0,0,1
user_08,2023-04-20,10804,549,354.79482780932796,0.5950694047479992,93,4,6.653478981951741,9148.285714285714,3,0,1,0,1
user_08,2023-04-21,3377,271,291.70656233465337,0.9865358646269689,107,6,5.169844445022318,8549.142857142857,4,0,1,0,0
user_08,2023-04-22,10831,381,354.0477283630584,0.1348063573581787,28,6,5.988820884522118,8999.142857142857,5,1,1,0,0
user_08,2023-04-23,4622,498,133.10821841967208,1.1463445935285557,3,5,4.3244195503759055,8371.285714285714,6,1,0,1,1
user_08,2023-04-24,10011,326,46.98482911855359,2.068693233155895,111,7,4.714879141686968,9254.714285714286,0,0,0,1,0
user_08,2023-04-25,4473,581,207.44601265413363,2.3042219574318596,75,7,5.528082165985495,8214.57142857143,1,0,1,1,1
user_08,2023-04-26,3617,228,41.5495161115242,2.13043511278951,83,7,6.285259612008901,6819.285714285715,2,0,0,1,0
user_08,2023-04-27,4139,512,333.35652564184164,2.7874087011653046,62,6,5.4168028421162795,5867.142857142857,3,0,1,1,1
user_08,2023-04-28,12042,535,325.62077056857186,0.49396406476808874,85,7,5.572388602404007,7105.0,4,0,1,0,1
user_08,2023-04-29,6936,554,374.3485167857832,2.602932098736,53,7,6.684896309941714,6548.571428571428,5,1,1,1,1
user_08,2023-04-30,9506,336,347.4025882741564,1.918273920529713,24,6,5.289984557108448,7246.285714285715,6,1,1,1,0
user_08,2023-05-01,13478,237,78.10933329886431,0.12743629989540284,116,7,7.030384693888993,7741.571428571428,0,0,0,0,0
user_08,2023-05-02,8000,340,285.94238968016367,2.184313477103227,56,7,7.236487381496637,8245.42857142857,1,0,1,1,0
user_08,2023-05-03,6357,463,169.21447163287397,2.538829364008876,99,6,4.662757584081155,8636.857142857143,2,0,0,1,1
user_08,2023-05-04,8931,515,90.01615961767975,1.4303856717011496,89,6,4.90181361622185,9321.42857142857,3,0,0,1,1
user_08,2023-05-05,9614,273,397.26831583933307,2.9844390879113165,62,7,5.212079420899602,8974.57142857143,4,0,1,1,0
user_08,2023-05-06,9050,471,386.78055693353906,0.9005765529169932,45,7,6.241227963942401,9276.57142857143,5,1,1,0,1
user_08,2023-05-07,13956,523,137.14749581096598,2.319926010592791,47,5,6.606762150206407,9912.285714285714,6,1,0,1,1
user_08,2023-05-08,11303,186,75.39521997545546,2.417858905132449,46,5,5.660604319568888,9601.57142857143,0,0,0,1,0
user_08,2023-05-09,7822,157,314.7842907941636,1.3854196020588598,17,7,6.3831640232150715,9576.142857142857,1,0,1,1,0
user_08,2023-05-10,7292,420,337.46090261139904,0.7833805420843676,103,8,6.224950844439153,9709.714285714286,2,0,1,0,1
user_08,2023-05-11,8966,220,392.8160350363928,0.18910095749928468,83,7,6.581670072888794,9714.714285714286,3,0,1,0,0
user_08,2023-05-12,3366,387,381.6522412230301,2.7070381692827596,81,5,6.482533709821185,8822.142857142857,4,0,1,1,0
user_08,2023-05-13,10485,475,250.57974729124456,2.4838029745555703,65,7,6.030785990176296,9027.142857142857,5,1,1,1,1
user_08,2023-05-14,11026,359,314.2471016074575,2.179814293132988,20,7,6.13931963072956,8608.57142857143,6,1,1,1,0
user_08,2023-05-15,6940,157,249.769970873757,2.476826017522782,107,6,6.57744099941937,7985.285714285715,0,0,1,1,0
user_08,2023-05-16,14984,535,196.24387532469578,0.6500599311161781,76,8,5.1950243407498915,9008.42857142857,1,0,0,0,1
user_08,2023-05-17,12815,562,177.62579656821248,0.19297109169985704,8,6,5.8220202511673875,9797.42857142857,2,0,0,0,1
user_08,2023-05-18,9659,590,276.7274344500203,0.36485447045894814,23,6,5.165118242628515,9896.42857142857,3,0,1,0,1
user_08,2023-05-19,9731,407,191.15092226122306,1.289648274374544,29,8,6.709249225088313,10805.714285714286,4,0,0,1,1
user_08,2023-05-20,3740,403,246.3105258790609,0.390985093769077,58,4,6.401433236944378,9842.142857142857,5,1,1,0,1
user_08,2023-05-21,7349,544,274.4999743430029,0.9543322272249508,61,8,5.606648875177127,9316.857142857143,6,1,1,0,1
user_08,2023-05-22,9989,539,342.66120632252483,1.780839649708152,17,7,6.121319232256558,9752.42857142857,0,0,1,1,1
user_08,2023-05-23,3518,368,155.2197080233657,0.5568121918662995,99,5,6.329699604589016,8114.428571428572,1,0,0,0,0
user_08,2023-05-24,6865,569,111.08625569622905,0.5636698508175423,116,6,6.995615164025244,7264.428571428572,2,0,0,0,1
user_08,2023-05-25,6276,113,219.66227631609567,2.165559481599337,81,8,6.225804193406816,6781.142857142857,3,0,1,1,0
user_08,2023-05-26,6317,488,35.181203347491596,2.1149110014216177,30,7,5.387577109099132,6293.428571428572,4,0,0,1,1
user_08,2023-05-27,9335,312,181.20590015207537,2.633275026578199,111,4,5.650593885377614,7092.714285714285,5,1,0,1,0
user_08,2023-05-28,11817,549,349.2975782965284,1.1186109920425815,50,6,7.113193124576977,7731.0,6,1,1,1,1
user_08,2023-05-29,6155,256,323.00101004552914,1.9906707586756829,118,7,6.079579546556561,7183.285714285715,0,0,1,1,0
user_08,2023-05-30,4364,160,235.70870449483468,0.8270576907081009,68,7,6.490823451876647,7304.142857142857,1,0,1,0,0
user_08,2023-05-31,3629,339,12.454295172227825,2.902204890705689,63,7,5.234449535378607,6841.857142857143,2,0,0,1,0
user_08,2023-06-01,5899,522,271.9942040512854,2.1599676930981726,89,6,6.7431321798582005,6788.0,3,0,1,1,1
user_08,2023-06-02,4505,343,179.582174991295,2.937744836105956,42,6,6.621233522755957,6529.142857142857,4,0,0,1,0
user_08,2023-06-03,13287,236,105.3771037587237,0.6160196380171695,22,6,5.307418822609534,7093.714285714285,5,1,0,0,0
user_08,2023-06-04,14089,115,341.9667834239084,2.9227275765652094,74,7,5.065160331427588,7418.285714285715,6,1,1,1,0
user_08,2023-06-05,7721,258,383.0816428025949,0.09048411452051686,43,7,7.04402512944238,7642.0,0,0,1,0,0
user_08,2023-06-06,4003,111,340.4367528928578,1.6716571347901317,65,6,8.113514302797945,7590.428571428572,1,0,1,1,0
user_08,2023-06-07,3938,526,9.653111477021437,1.8312355822817132,42,5,5.237059316667885,7634.571428571428,2,0,0,1,1
user_08,2023-06-08,6857,422,260.1462241981783,2.2709842784689664,72,6,4.378796090429049,7771.428571428572,3,0,1,1,1
user_08,2023-06-09,8091,381,6.930388702278822,1.7247317646213185,85,7,6.9907108466240855,8283.714285714286,4,0,0,1,0
user_08,2023-06-10,7146,468,171.3371177739842,0.9941824168279121,81,7,5.513103142510776,7406.428571428572,5,1,0,0,1
user_08,2023-06-11,5824,326,368.18892024555527,2.171952795744454,61,8,7.472630250663058,6225.714285714285,6,1,1,1,0
user_08,2023-06-12,12094,372,20.68835302186138,0.6331149906258462,1,6,7.982470450168927,6850.428571428572,0,0,0,0,0
user_08,2023-06-13,9601,152,219.70050855115772,0.8190863870275781,5,6,6.4417606496494795,7650.142857142857,1,0,1,0,0
user_08,2023-06-14,9168,494,349.2142406104547,2.228192591289958,94,4,5.034659460473281,8397.285714285714,2,0,1,1,1
user_08,2023-06-15,9734,543,115.71296977678517,2.5490259222033744,114,4,5.982719863938704,8808.285714285714,3,0,0,1,1
user_08,2023-06-16,14950,199,107.00474294154665,2.460178097238761,49,8,5.874253702504228,9788.142857142857,4,0,0,1,0
user_08,2023-06-17,8933,222,351.05554863511003,0.8991884541627746,20,7,6.337009800898991,10043.42857142857,5,1,1,0,0
user_08,2023-06-18,10250,280,82.7611579403623,2.38692403465637,21,6,5.664221382259578,10675.714285714286,6,1,0,1,0
user_08,2023-06-19,12850,137,139.06869658756455,2.288566433689115,9,6,6.239232166900042,10783.714285714286,0,0,0,1,0
user_08,2023-06-20,10017,493,180.8730741446777,2.323650982421075,20,6,6.062833572919341,10843.142857142857,1,0,0,1,1
user_08,2023-06-21,13416,171,51.76120023942716,0.7549933051364123,112,7,5.154447823645386,11450.0,2,0,0,0,0
user_08,2023-06-22,3282,107,117.78563953646409,0.040979650305876025,70,8,7.165369853766109,10528.285714285714,3,0,0,0,0
user_08,2023-06-23,8489,388,378.60096856128405,0.739563887518105,45,7,6.31805154817896,9605.285714285714,4,0,1,0,0
user_08,2023-06-24,9276,343,221.36001073336598,1.0868789949494586,37,7,7.136455574324845,9654.285714285714,5,1,1,1,0
user_08,2023-06-25,5614,154,323.83490832382114,1.6609356539977045,84,4,5.853013349835019,8992.0,6,1,1,1,0
user_08,2023-06-26,14026,228,281.140329358413,1.8421308209176908,51,7,5.961009063613975,9160.0,0,0,1,1,0
user_08,2023-06-27,10914,235,201.026790715759,0.5268743439865146,4,7,7.00227103567561,9288.142857142857,1,0,1,0,0
user_08,2023-06-28,7723,212,246.75431330432644,1.5270065506102146,2,6,8.04013388599692,8474.857142857143,2,0,1,1,0
user_08,2023-06-29,13801,221,272.99162649474476,0.3047236327061441,56,6,4.729884343754169,9977.57142857143,3,0,1,0,0
user_09,2023-01-01,11128,289,134.44339568845726,1.1376357187069033,111,7,5.174645343038094,10354.57142857143,6,1,0,1,0
user_09,2023-01-02,10101,140,245.97367116685896,2.931563217397255,99,8,5.971183398411377,10472.42857142857,0,0,1,1,0
user_09,2023-01-03,7941,401,359.291677265132,1.0011445454273789,71,7,6.391830010172796,10804.857142857143,1,0,1,1,1
user_09,2023-01-04,8246,411,13.269663102309526,0.3135226879281723,0,6,6.610489604092195,9979.142857142857,2,0,0,0,1
user_09,2023-01-05,14540,592,3.122677795556106,2.081051444913615,21,5,8.461695017184823,10497.142857142857,3,0,0,1,1
user_09,2023-01-06,7523,316,392.6908869526636,1.2331276962627915,73,4,5.907974207671774,10468.57142857143,4,0,1,1,0
user_09,2023-01-07,10177,501,316.5190983135782,1.945119227154184,21,4,7.219493022566629,9950.857142857143,5,1,1,1,1
user_09,2023-01-08,6597,260,326.2209016128513,1.8538033665338811,119,5,5.124554144145903,9303.57142857143,6,1,1,1,0
user_09,2023-01-09,4523,473,394.29788080401175,0.6416872091243753,63,6,5.768725734637424,8506.714285714286,0,0,1,0,1
user_09,2023-01-10,3098,340,170.9802132969942,1.2310127830073125,116,3,5.842337425523905,7814.857142857143,1,0,0,1,0
user_09,2023-01-11,6927,552,377.6894697895147,1.7685161525262763,14,7,4.218575100448369,7626.428571428572,2,0,1,1,1
user_09,2023-01-12,3040,451,68.95845731938107,2.1589917767901348,7,6,4.924896951883245,5983.571428571428,3,0,0,1,1
user_09,2023-01-13,10524,499,86.21731404181814,1.2589642345770153,60,6,5.724051739645738,6412.285714285715,4,0,0,1,1
user_09,2023-01-14,7735,442,364.82578115055566,0.5838889416096739,86,5,5.06544493971808,6063.428571428572,5,1,1,0,1
user_09,2023-01-15,3000,162,163.5255560293641,2.0783445192850305,18,7,7.15658165159424,5549.571428571428,6,1,0,1,0
user_09,2023-01-16,4234,548,264.76709206317054,1.4009982585996608,119,6,6.211562060278955,5508.285714285715,0,0,1,1,1
user_09,2023-01-17,8161,453,214.84829931469596,0.634718419467907,82,6,7.46646793314532,6231.571428571428,1,0,1,0,1
user_09,2023-01-18,11921,321,172.67897825637317,0.7560170136341485,19,7,5.991178533096846,6945.0,2,0,0,0,0
user_09,2023-01-19,5912,204,168.23622966275767,2.295006971975169,90,6,4.693098771051282,7355.285714285715,3,0,0,1,0
user_09,2023-01-20,14632,531,364.70173280059083,2.2527851805501666,61,7,6.063541904560937,7942.142857142857,4,0,1,1,1
user_09,2023-01-21,5025,220,200.3021098963944,1.468682718682817,87,7,6.7518080657722095,7555.0,5,1,1,1,0
user_09,2023-01-22,14328,317,384.29513555978855,0.3598686232445758,73,6,7.07147593025456,9173.285714285714,6,1,1,0,0
user_09,2023-01-23,4895,180,1.4864401087935963,0.7817936591153285,47,6,6.78146741424745,9267.714285714286,0,0,0,0,0
user_09,2023-01-24,11945,597,399.47939273651474,0.21513156265479805,114,6,6.360351475776344,9808.285714285714,1,0,1,0,1
user_09,2023-01-25,13419,111,226.12107658418017,0.8102872568509367,62,8,6.744769130986442,10022.285714285714,2,0,1,0,0
user_09,2023-01-26,11849,224,218.60205524532788,2.1029089637343614,4,5,5.624780769866102,10870.42857142857,3,0,1,1,0
user_09,2023-01-27,14273,264,222.5676524448598,1.552831432238475,10,7,5.956720412111866,10819.142857142857,4,0,1,1,0
user_09,2023-01-28,12967,530,193.34172122355957,0.9950707550201568,113,6,5.61301188229112,11953.714285714286,5,1,0,0,1
user_09,2023-01-29,5256,514,48.45542953956059,0.018262592926770016,0,7,5.628720670475916,10657.714285714286,6,1,0,0,1
user_09,2023-01-30,7517,505,227.01431458252807,2.3736127607642135,58,6,4.4658753065511485,11032.285714285714,0,0,1,1,1
user_09,2023-01-31,12457,337,115.5549197496907,0.5166549666210981,4,6,6.983050148678951,11105.42857142857,1,0,0,0,0
user_09,2023-02-01,6269,381,87.0663504263753,0.41008522346710885,35,7,5.7678325954402565,10084.0,2,0,0,0,0
user_09,2023-02-02,9940,194,132.12440215873863,2.0445436063270135,3,6,5.8975752860398725,9811.285714285714,3,0,0,1,0
user_09,2023-02-03,13638,306,332.0555609106614,2.5593341674711088,79,6,5.961198831374214,9720.57142857143,4,0,1,1,0
user_09,2023-02-04,14165,154,202.71335263292562,2.5200254967719964,68,6,4.898844858875577,9891.714285714286,5,1,1,1,0
user_09,2023-02-05,4299,405,119.65211825249776,1.8798752846292368,13,7,4.926809725932951,9755.0,6,1,0,1,1
user_09,2023-02-06,3949,115,392.9930604244428,1.996214377914762,60,6,5.2484671417021405,9245.285714285714,0,0,1,1,0
user_09,2023-02-07,3370,257,108.17364799287516,0.8909846734182494,62,8,6.911510526864909,7947.142857142857,1,0,0,0,0
user_09,2023-02-08,7021,416,336.884032084104,1.9445041469386304,4,5,4.850034219386888,8054.571428571428,2,0,1,1,1
user_09,2023-02-09,14716,140,133.22931842117663,1.6956354598717143,29,8,6.896399340504383,8736.857142857143,3,0,0,1,0
user_09,2023-02-10,10166,272,102.09248676742617,0.267749254909752,54,7,7.405907551640276,8240.857142857143,4,0,0,0,0
user_09,2023-02-11,8893,449,166.05780154731508,2.397870017712644,68,7,6.369925613004391,7487.714285714285,5,1,0,1,1
user_09,2023-02-12,13055,543,53.78281630682578,0.868215392113238,60,6,4.5823305986343,8738.57142857143,6,1,0,0,1
user_09,2023-02-13,13148,588,314.0368815699961,0.8815108668658816,82,7,4.864581544797134,10052.714285714286,0,0,1,0,1
user_09,2023-02-14,9811,497,311.64167493545864,2.1743679035863064,68,6,6.047034364008503,10972.857142857143,1,0,1,1,1
user_09,2023-02-15,12106,387,237.7895419650476,1.03466752251955,44,6,6.1553674531356775,11699.285714285714,2,0,1,1,0
user_09,2023-02-16,9322,520,34.18672059499252,1.1439319198562337,95,6,5.153960327372365,10928.714285714286,3,0,0,1,1
user_09,2023-02-17,6975,113,306.0253725462256,2.843751236803491,42,6,5.767228562684378,10472.857142857143,4,0,1,1,0
user_09,2023-02-18,9590,253,250.22257588899558,1.4856455780146387,6,9,7.831177135565888,10572.42857142857,5,1,1,1,0
user_09,2023-02-19,9647,214,190.35700433179628,1.4122806650031068,99,7,3.6792984165343188,10085.57142857143,6,1,0,1,0
user_09,2023-02-20,6680,375,346.49344914356897,2.6712666113374954,42,8,5.538036484081635,9161.57142857143,0,0,1,1,0
user_09,2023-02-21,14771,237,394.54516067875244,1.566070252993046,64,7,6.762808689573295,9870.142857142857,1,0,1,1,0
user_09,2023-02-22,11089,364,376.25462032249726,0.6051136721593253,105,9,5.477957234259007,9724.857142857143,2,0,1,0,0
user_09,2023-02-23,12445,310,196.04769445071278,0.08657374000837359,12,6,5.675324496760165,10171.0,3,0,0,0,0
user_09,2023-02-24,14479,330,285.87669356590277,1.7035162390179173,41,6,4.240041117850749,11243.0,4,0,1,1,0
user_09,2023-02-25,8015,533,81.62922336072276,2.080185007795133,103,7,6.188491822966368,11018.0,5,1,0,1,1
user_09,2023-02-26,11172,322,215.69221093459325,2.3813004210892617,114,7,7.301102063024093,11235.857142857143,6,1,1,1,0
user_09,2023-02-27,8269,567,42.99945484377163,2.5868976509223716,28,6,6.110418046946119,11462.857142857143,0,0,0,1,1
user_09,2023-02-28,8885,229,301.27988076569176,0.8830444995461343,109,6,5.41820398069966,10622.0,1,0,1,0,0
user_09,2023-03-01,5607,498,158.98157026681073,0.6312614512245547,110,7,7.059476167426843,9838.857142857143,2,0,0,0,1
user_09,2023-03-02,14930,209,85.60001977444594,2.1494695899977265,85,5,7.477720295302075,10193.857142857143,3,0,0,1,0
user_09,2023-03-03,10101,400,334.3796443646273,2.807716755959448,114,7,5.180513261349331,9568.42857142857,4,0,1,1,0
user_09,2023-03-04,6089,518,350.8109085046549,0.5429191919340068,103,4,7.700543175313815,9293.285714285714,5,1,1,0,1
user_09,2023-03-05,4165,490,264.7562218803601,1.6512911638413614,105,7,5.313948699473451,8292.285714285714,6,1,1,1,1
user_09,2023-03-06,8465,303,224.10803023878918,0.2540284657280697,3,7,7.234169858791375,8320.285714285714,0,0,1,0,0
user_09,2023-03-07,12537,443,87.11964604656863,0.9816000661167875,31,6,6.485436036740489,8842.0,1,0,0,0,1
user_09,2023-03-08,10252,518,33.388777816561934,0.01690427958428742,6,6,5.787468974156309,9505.57142857143,2,0,0,0,1
user_09,2023-03-09,10110,553,7.774062072920795,0.33211706641953265,88,5,6.847130877356364,8817.0,3,0,0,0,1
user_09,2023-03-10,6299,244,268.39293650780735,2.009500016448866,28,7,5.555309972847128,8273.857142857143,4,0,1,1,0
user_09,2023-03-11,7260,320,217.1608525910477,1.300066860653644,51,6,6.175673712491779,8441.142857142857,5,1,1,1,0
user_09,2023-03-12,6198,325,329.1922501257162,1.7597682016634681,2,6,3.7400986325415237,8731.57142857143,6,1,1,1,0
user_09,2023-03-13,11689,533,71.30992332881631,2.773290275352787,22,6,5.106009525530402,9192.142857142857,0,0,0,1,1
user_09,2023-03-14,4686,295,7.3277370414174925,1.1686594068782858,16,6,6.334198943171766,8070.571428571428,1,0,0,1,0
user_09,2023-03-15,7731,389,117.08977513590875,0.5230701229526149,116,7,5.892555118205751,7710.428571428572,2,0,0,0,0
user_09,2023-03-16,12856,496,192.4204509905273,2.0220785373783983,2,7,3.422068807725508,8102.714285714285,3,0,0,1,1
user_09,2023-03-17,7045,200,306.02742975081486,0.4756679048749862,87,7,5.821831909703428,8209.285714285714,4,0,1,0,0
user_09,2023-03-18,4566,263,22.19628842842427,0.007582649495726845,35,6,6.514758020180083,7824.428571428572,5,1,0,0,0
user_09,2023-03-19,3378,493,58.73926762937045,1.653094058040471,16,4,5.726372389606732,7421.571428571428,6,1,0,1,1
user_09,2023-03-20,8270,527,69.41476785555341,1.1199149703686624,94,7,6.2340659910556795,6933.142857142857,0,0,0,1,1
user_09,2023-03-21,14025,254,76.93726259000857,0.81216827458795,73,7,7.46233768216336,8267.285714285714,1,0,0,0,0
user_09,2023-03-22,11948,484,61.54002214691072,1.4354725796856553,11,6,4.5917732316925495,8869.714285714286,2,0,0,1,1
user_09,2023-03-23,10259,212,211.00580795541794,1.0026458801122795,94,6,8.257856300257647,8498.714285714286,3,0,1,1,0
user_09,2023-03-24,6574,245,133.69854966285254,2.8795302802155556,52,8,6.116661751169503,8431.42857142857,4,0,0,1,0
user_09,2023-03-25,11468,576,71.48244837304354,1.7548083550171434,118,6,6.879467186811136,9417.42857142857,5,1,0,1,1
user_09,2023-03-26,13715,399,210.78522633019662,1.6606763815117813,83,6,6.2239949689010485,10894.142857142857,6,1,1,1,0
user_09,2023-03-27,6587,427,321.50078972163266,1.6589267580523193,27,6,5.712062305039343,10653.714285714286,0,0,1,1,1
user_09,2023-03-28,10454,549,381.4625803853085,2.3508682273302894,106,6,7.831528629638028,10143.57142857143,1,0,1,1,1
user_09,2023-03-29,9387,277,348.7505521595418,1.185676952167399,51,6,6.56563290188672,9777.714285714286,2,0,1,1,0
user_09,2023-03-30,9094,301,339.1161081451497,2.591600267964625,4,7,7.366133238946735,9611.285714285714,3,0,1,1,0
user_09,2023-03-31,11903,569,130.33763632997108,1.7226858429829872,8,6,6.794866712688109,10372.57142857143,4,0,0,1,1
user_09,2023-04-01,10386,159,150.35314146599862,1.5965098825685429,5,7,6.402516209735321,10218.0,5,1,0,1,0
user_09,2023-04-02,12037,152,375.7923550859502,1.2856915134170919,51,7,4.139099230789239,9978.285714285714,6,1,1,1,0
user_09,2023-04-03,8293,163,316.4456472805758,1.6600010172683113,63,8,4.509260620284464,10222.0,0,0,1,1,0
user_09,2023-04-04,8547,525,212.07742180018934,2.7043937284341215,56,7,4.895974366527614,9949.57142857143,1,0,1,1,1
user_09,2023-04-05,9452,133,86.37024037558301,2.6534139407265824,76,5,7.050458280306959,9958.857142857143,2,0,0,1,0
user_09,2023-04-06,10019,340,168.3040831105843,2.120083141027544,55,7,8.458450343001417,10091.0,3,0,0,1,0
user_09,2023-04-07,14887,280,11.051902323366036,2.4715215455135815,17,7,4.955672322635676,10517.285714285714,4,0,0,1,0
user_09,2023-04-08,6262,102,388.4020734558568,2.650159461147067,48,7,6.843309628306109,9928.142857142857,5,1,1,1,0
user_09,2023-04-09,14840,376,14.064285315455471,0.5052238470300899,29,7,5.814449516985262,10328.57142857143,6,1,0,0,0
user_09,2023-04-10,6342,521,142.21414609216342,2.6993245036779783,56,6,6.034769014593269,10049.857142857143,0,0,0,1,1
user_09,2023-04-11,9242,132,153.4036097970956,2.8207025786186684,23,6,5.875281841763514,10149.142857142857,1,0,0,1,0
user_09,2023-04-12,11550,307,6.869196264947819,2.842954959243267,73,7,6.166774105158289,10448.857142857143,2,0,0,1,0
user_09,2023-04-13,6544,333,397.8796636499399,2.205551830653971,31,6,6.570940993942198,9952.42857142857,3,0,1,1,0
user_09,2023-04-14,13792,220,305.4204936237541,2.8806186215594196,85,7,6.353219181830795,9796.0,4,0,1,1,0
user_09,2023-04-15,14593,245,381.316958546516,2.0260638810259777,81,7,5.562348057946628,10986.142857142857,5,1,1,1,0
user_09,2023-04-16,11022,420,271.8962231425483,0.7808495914950704,37,8,5.172735762724787,10440.714285714286,6,1,1,0,1
user_09,2023-04-17,6556,407,290.54280708563306,1.3682097903120383,3,6,6.134515671594616,10471.285714285714,0,0,1,1,1
user_09,2023-04-18,11583,331,170.40032420096378,1.934150513444229,14,6,5.064803792863352,10805.714285714286,1,0,0,1,0
user_09,2023-04-19,9068,125,369.23432769577175,1.6950248479584937,66,7,5.477585271622491,10451.142857142857,2,0,1,1,0
user_09,2023-04-20,12582,159,12.992528814357884,2.46255991408399,40,6,5.380248343328919,11313.714285714286,3,0,0,1,0
user_09,2023-04-21,9015,332,144.65813110200781,1.8041286343294813,78,7,3.6048637810007436,10631.285714285714,4,0,0,1,0
user_09,2023-04-22,9548,564,211.83136660570017,2.6478432829915635,57,7,6.498111995644542,9910.57142857143,5,1,1,1,1
user_09,2023-04-23,9177,101,261.42429021807715,2.518112590613671,51,8,5.682391370017402,9647.0,6,1,1,1,0
user_09,2023-04-24,4277,498,118.76500316617262,2.47076947251189,13,6,5.595776709624814,9321.42857142857,0,0,0,1,1
user_09,2023-04-25,9348,190,42.52232852518056,2.720227117717662,55,6,5.593766241633524,9002.142857142857,1,0,0,1,0
user_09,2023-04-26,6010,464,81.9284988303418,0.9042747353956754,53,8,4.008100202842876,8565.285714285714,2,0,0,0,1
user_09,2023-04-27,7224,546,7.279836860421085,2.4065342985734164,44,6,5.620450465232324,7799.857142857143,3,0,0,1,1
user_09,2023-04-28,7333,379,191.71043211755529,2.186132055269336,99,7,6.052672209815219,7559.571428571428,4,0,0,1,0
user_09,2023-04-29,6682,410,261.93254335760145,0.13019008246815555,65,6,6.025666455053712,7150.142857142857,5,1,1,0,1
user_09,2023-04-30,4681,306,225.93966839982977,2.1100228635567975,22,7,4.817850751198202,6507.857142857143,6,1,1,1,0
user_09,2023-05-01,13142,324,398.0211009916989,2.813450895697686,108,7,5.776333428196556,7774.285714285715,0,0,1,1,0
user_09,2023-05-02,13318,535,290.69622609172785,2.8329967072448747,86,7,5.853368225956398,8341.42857142857,1,0,1,1,1
user_09,2023-05-03,13254,423,281.3522742320551,0.8973483948358731,103,6,5.348313081308797,9376.285714285714,2,0,1,0,1
user_09,2023-05-04,6436,466,158.26796563852642,0.565796793814776,91,5,7.216723492497946,9263.714285714286,3,0,0,0,1
user_09,2023-05-05,5162,251,316.1130941491367,0.8664501771528645,53,6,5.3256541734037,8953.57142857143,4,0,1,0,0
user_09,2023-05-06,13283,305,37.2855703570794,0.13779009668726994,112,6,6.542382113499823,9896.57142857143,5,1,0,0,0
user_09,2023-05-07,4333,185,168.64787916887406,1.1830324297005212,13,6,7.0450561452312055,9846.857142857143,6,1,0,1,0
user_09,2023-05-08,13687,594,227.52749270659797,1.6760443318117013,24,5,6.113897571998479,9924.714285714286,0,0,1,1,1
user_09,2023-05-09,3292,308,1.919929926948294,1.5273410774666374,37,6,6.005087032181477,8492.42857142857,1,0,0,1,0
user_09,2023-05-10,8171,473,336.13449528843324,0.44490520442324133,12,6,5.570494155263221,7766.285714285715,2,0,1,0,1
user_09,2023-05-11,12483,237,12.88614418014915,1.3876048298871182,51,7,6.784211303442357,8630.142857142857,3,0,0,1,0
user_09,2023-05-12,8129,237,348.33304851414005,0.01763870802735279,23,8,5.340675865222832,9054.0,4,0,1,0,0
user_09,2023-05-13,11587,501,108.18764224660353,0.13990770138477115,97,6,6.6719388688465955,8811.714285714286,5,1,0,0,1
user_09,2023-05-14,13529,267,258.64289473571733,0.8157886123724618,99,8,6.944042148149085,10125.42857142857,6,1,1,0,0
user_09,2023-05-15,4146,330,134.43135509689523,0.5093308192743664,80,4,7.677625442156135,8762.42857142857,0,0,0,0,0
user_09,2023-05-16,8983,334,117.39143094360576,0.6344109601492396,75,7,5.635645090113471,9575.42857142857,1,0,0,0,0
user_09,2023-05-17,3225,284,115.12784535046023,0.7452168157405645,98,4,6.193465370988239,8868.857142857143,2,0,0,0,0
user_09,2023-05-18,6528,402,240.52334552588164,2.1365639459384766,22,7,6.298828801411863,8018.142857142857,3,0,1,1,1
user_09,2023-05-19,9013,384,69.77862647637703,1.0586335449963555,89,5,6.582739626660119,8144.428571428572,4,0,0,1,0
user_09,2023-05-20,7231,403,8.851469768632647,1.6945353066514546,64,4,6.0849729626358275,7522.142857142857,5,1,0,1,1
user_09,2023-05-21,5431,474,0.5334557963168063,0.9715488922375345,71,8,4.205391258157457,6365.285714285715,6,1,0,0,1
user_09,2023-05-22,12368,411,271.19801502355796,2.6476479433930447,111,7,8.157714304437967,7539.857142857143,0,0,1,1,1
user_09,2023-05-23,4985,320,372.7610737682413,1.5381696032206564,84,4,5.802548968442404,6968.714285714285,1,0,1,1,0
user_09,2023-05-24,12458,485,50.44642829785331,1.3118880515006701,17,7,4.132436063561244,8287.714285714286,2,0,0,1,1
user_09,2023-05-25,10097,327,131.64766147904263,1.7143159544460524,40,4,7.257487657589456,8797.57142857143,3,0,0,1,0
user_09,2023-05-26,4222,246,203.95703029234872,2.589080844448871,108,5,6.815594244596163,8113.142857142857,4,0,1,1,0
user_09,2023-05-27,4705,105,142.62248947534252,2.4985674258537633,101,7,7.27725495097409,7752.285714285715,5,1,0,1,0
user_09,2023-05-28,9497,451,79.07915541743225,1.09218861538998,77,7,5.6058755294422085,8333.142857142857,6,1,0,1,1
user_09,2023-05-29,3307,436,8.136332427040394,2.173894010698181,19,7,7.341432818013137,7038.714285714285,0,0,0,1,1
user_09,2023-05-30,14377,574,191.47471899223646,1.2182288771011,49,8,4.485426490941443,8380.42857142857,1,0,0,1,1
user_09,2023-05-31,6439,329,1.0429853570534942,1.884718302111697,118,4,8.211403575930202,7520.571428571428,2,0,0,1,0
user_09,2023-06-01,11168,500,71.72510912992229,2.43935337590694,26,6,7.629318517441612,7673.571428571428,3,0,0,1,1
user_09,2023-06-02,4963,116,123.44307265417464,1.8220691504332314,111,8,6.842372479019654,7779.428571428572,4,0,0,1,0
user_09,2023-06-03,7446,186,161.80769870025017,1.661114168666116,11,7,6.286384960925076,8171.0,5,1,0,1,0
user_09,2023-06-04,13983,394,292.18668045774825,1.232028744848101,94,6,3.7823909198479853,8811.857142857143,6,1,1,1,0
user_09,2023-06-05,11441,591,137.94951347728392,1.947133401804642,38,7,5.859199540358488,9973.857142857143,0,0,0,1,1
user_09,2023-06-06,4305,337,315.0807530795791,2.099307130444315,52,6,5.922517225668114,8535.0,1,0,1,1,0
user_09,2023-06-07,13362,424,351.59692310346,2.2640475626044236,46,7,6.956860781725683,9524.0,2,0,1,1,1
user_09,2023-06-08,7154,318,153.58405052695142,2.312695212956408,107,7,4.814078400813144,8950.57142857143,3,0,0,1,0
user_09,2023-06-09,10911,188,361.13080469072867,0.8278324422379388,84,7,3.5625302635594074,9800.285714285714,4,0,1,0,0
user_09,2023-06-10,6989,513,307.63746927859336,1.1817989359387413,81,7,6.294418977684048,9735.0,5,1,1,1,1
user_09,2023-06-11,7743,347,250.35465773219366,2.4534699747613686,14,6,4.317986768229671,8843.57142857143,6,1,1,1,0
user_09,2023-06-12,5892,306,26.236345865854858,2.1152397845513753,10,7,4.389918755221131,8050.857142857143,0,0,0,1,0
user_09,2023-06-13,4570,424,25.880132201595394,2.2016102616385247,20,6,4.579382502985043,8088.714285714285,1,0,0,1,1
user_09,2023-06-14,8848,261,176.98837079740736,0.46635687646937185,76,6,3.9454179751380827,7443.857142857143,2,0,0,0,0
user_09,2023-06-15,6747,181,171.5879922870029,2.594370665999686,71,4,6.193032628832447,7385.714285714285,3,0,0,1,0
user_09,2023-06-16,10645,354,111.77406812542526,0.723095213710833,63,5,6.234928125088116,7347.714285714285,4,0,0,0,0
user_09,2023-06-17,12278,396,178.17347011441205,2.136746675532042,88,8,6.5426737853575485,8103.285714285715,5,1,0,1,0
user_09,2023-06-18,14150,227,281.11774392720093,0.7354618383142305,104,7,6.245235847894237,9018.57142857143,6,1,1,0,0
user_09,2023-06-19,9261,522,237.06345915417864,1.4848564011149747,18,4,5.498561463730588,9499.857142857143,0,0,1,1,1
user_09,2023-06-20,12432,322,49.674977263782736,2.8143549917901067,40,6,4.431118706976612,10623.0,1,0,0,1,0
user_09,2023-06-21,8577,201,376.9716437381948,2.012816717288118,38,6,4.245069806883752,10584.285714285714,2,0,1,1,0
user_09,2023-06-22,3331,417,366.1007536123034,1.2127881451954594,91,7,5.741287772619302,10096.285714285714,3,0,1,1,1
user_09,2023-06-23,5154,210,152.5473857946858,0.788092895690705,5,8,4.923045459122053,9311.857142857143,4,0,0,0,0
user_09,2023-06-24,10076,147,221.17629927570084,2.578080674258464,66,7,5.36054323489526,8997.285714285714,5,1,1,1,0
user_09,2023-06-25,11928,178,358.7316179362829,0.15796727835323976,100,6,6.191772433644139,8679.857142857143,6,1,1,0,0
user_09,2023-06-26,5935,301,25.550313544755365,1.0692535654733626,85,7,5.174971923230392,8204.714285714286,0,0,0,1,0
user_09,2023-06-27,14429,174,158.36446030507344,2.1550449735622283,118,8,7.780624955917215,8490.0,1,0,0,1,0
user_09,2023-06-28,11826,431,125.87558954853063,1.4457227065080065,101,7,5.291511898470909,8954.142857142857,2,0,0,1,1
user_09,2023-06-29,8073,101,8.555538670031915,2.8325230905169856,40,7,5.238354761064237,9631.57142857143,3,0,0,1,0
