age,daily_screen_time_hours,phone_usage_hours,laptop_usage_hours,tablet_usage_hours,tv_usage_hours,social_media_hours,work_related_hours,entertainment_hours,gaming_hours,physical_activity_hours_per_week,caffeine_mg,mindfulness_minutes_per_day,mental_health_score,mood_rating,stress_level,uses_wellness_apps,eats_healthy,gender_Male,gender_Other,location_type_Suburban,location_type_Urban,sleep_quality
53,6.8,2.9,2.1,0.5,2.0,2.3,3.0,2.3,2.2,4.4,150.4,14.0,79.0,5.6,3,1,1,True,False,False,False,4.0
66,4.1,2.1,1.6,0.4,0.8,2.8,3.5,2.0,1.6,4.1,124.1,15.5,71.0,6.0,4,1,1,False,False,False,False,4.0
43,4.7,3.6,0.0,0.5,1.4,3.7,3.6,1.0,0.9,1.4,218.3,19.5,67.0,4.3,6,1,1,True,False,False,True,4.0
29,6.0,4.5,0.0,0.2,1.3,4.5,4.0,0.8,0.3,0.0,133.7,13.9,55.0,1.3,10,1,1,False,False,False,False,4.0
57,6.7,3.4,2.0,0.8,1.2,3.8,3.5,1.2,2.0,2.8,192.8,26.7,62.0,3.6,6,0,0,True,False,False,True,4.0
22,8.6,2.4,3.4,1.4,1.1,4.5,3.8,1.0,0.7,1.4,191.4,9.2,51.0,1.2,9,0,0,True,False,False,True,3.0
35,5.9,4.1,1.8,0.0,0.4,3.8,3.9,1.9,1.2,1.9,110.3,21.4,62.0,3.1,6,0,1,True,False,True,False,4.0
53,7.3,2.5,2.2,0.9,2.4,4.5,3.8,1.2,0.9,0.0,266.6,13.5,45.0,1.4,10,1,1,True,False,False,True,4.0
72,4.2,1.2,0.5,1.2,2.3,0.3,1.1,2.3,2.6,5.1,162.0,19.6,77.0,9.1,1,0,1,False,False,False,True,4.0
33,5.6,2.0,2.6,0.3,1.4,2.6,3.2,1.6,1.4,3.6,148.0,21.4,78.0,7.7,4,1,0,True,False,True,False,4.0
37,8.1,2.7,2.6,1.4,2.7,4.5,3.9,1.4,1.0,0.0,150.9,14.3,49.0,1.0,10,1,0,False,False,True,False,3.0
25,6.2,2.7,0.7,0.6,2.0,4.5,4.2,0.8,1.9,0.0,130.4,9.4,45.0,1.0,10,1,0,True,False,True,False,3.0
25,3.6,1.0,2.1,0.0,0.3,3.3,3.9,1.6,1.7,5.9,176.7,22.1,67.0,5.2,5,1,0,True,False,False,True,5.0
38,1.0,1.0,0.0,0.0,1.0,2.4,2.9,2.4,1.6,4.9,133.5,22.7,83.0,7.6,3,1,0,True,False,True,False,5.0
67,7.2,1.7,2.3,1.1,2.9,3.9,4.1,1.9,0.9,0.0,162.2,17.0,57.0,4.6,7,0,1,True,False,True,False,3.0
50,4.4,2.5,0.9,1.0,1.0,2.3,3.0,1.8,1.6,4.1,141.6,34.5,74.0,8.5,3,1,0,True,False,True,False,4.0
54,3.7,2.6,0.2,1.5,0.7,4.5,4.0,2.3,0.5,0.0,120.3,6.8,41.0,1.0,9,0,0,True,False,False,True,4.0
38,5.8,2.1,1.9,1.0,2.1,3.8,3.8,1.9,1.6,4.6,183.4,13.0,58.0,3.7,6,1,1,False,False,True,False,4.0
17,3.2,1.2,0.0,0.5,1.1,4.5,4.1,1.1,1.0,0.0,130.3,9.9,43.0,1.0,10,0,0,True,False,True,False,4.0
36,7.6,3.6,1.9,0.9,2.0,4.5,3.8,1.7,1.6,0.1,209.2,8.9,43.0,1.0,9,0,0,False,False,True,False,3.0
67,2.2,1.0,0.3,0.6,1.4,1.9,2.9,2.2,1.7,2.4,190.6,25.3,76.0,7.0,3,0,1,False,False,False,False,4.0
16,5.3,3.2,0.0,0.4,0.6,4.5,4.2,0.8,1.6,0.0,203.5,6.5,49.0,1.9,10,0,1,True,False,False,False,3.0
38,5.1,2.7,1.6,0.3,0.7,4.5,3.8,1.3,1.0,0.0,129.8,17.6,60.0,1.0,8,0,0,True,False,False,False,4.0
58,3.3,3.2,1.3,0.0,0.0,2.2,2.9,1.6,2.1,4.5,124.0,26.1,71.0,8.2,3,1,1,False,True,True,False,4.0
44,4.3,1.6,3.1,0.2,0.3,3.5,3.5,1.1,1.6,0.0,121.4,16.2,58.0,3.8,6,0,1,False,False,True,False,4.0
52,4.0,1.9,0.1,0.6,2.0,1.3,2.4,2.8,2.5,4.3,209.0,32.4,79.0,8.7,2,0,1,False,False,False,False,4.0
16,8.4,2.0,3.0,0.0,2.6,4.1,3.6,2.3,1.2,2.9,52.9,21.4,61.0,2.8,7,1,0,True,False,False,False,3.0
74,1.8,1.6,0.2,0.3,0.8,1.2,1.6,2.2,3.0,5.3,140.6,41.3,88.0,9.5,1,1,1,False,False,False,False,4.0
35,5.0,2.2,2.5,1.2,0.0,4.1,4.0,1.5,0.1,0.4,101.4,22.5,67.0,2.2,7,0,1,False,False,True,False,5.0
47,9.6,3.4,2.7,1.4,2.5,4.5,3.7,0.8,1.4,0.0,206.2,14.6,57.0,1.0,10,0,0,False,False,False,False,3.0
26,5.9,0.8,1.9,0.3,2.6,4.5,4.0,1.9,0.9,0.4,232.7,14.6,51.0,1.5,9,0,0,False,True,False,True,5.0
72,3.2,1.4,0.6,0.3,2.1,2.1,2.9,2.2,1.6,2.5,164.9,15.4,76.0,8.2,3,0,0,True,False,False,False,5.0
36,1.0,1.3,0.0,0.2,0.0,2.3,3.1,2.4,1.8,5.1,51.7,12.4,75.0,7.4,3,1,1,True,False,False,True,5.0
58,3.0,1.9,0.0,0.3,1.9,2.2,2.9,2.7,1.8,3.5,176.3,22.8,82.0,8.4,3,0,1,False,False,False,True,5.0
39,7.2,1.9,3.5,1.3,2.0,4.1,4.3,1.4,1.7,2.3,58.3,19.2,58.0,2.0,7,0,0,False,False,True,False,4.0
63,6.8,2.7,1.2,1.6,2.3,4.5,4.4,1.8,0.7,0.0,180.1,11.6,54.0,2.8,8,1,0,True,False,True,False,4.0
41,2.9,2.0,0.3,0.0,1.6,4.3,3.8,1.8,1.3,0.9,143.2,19.3,62.0,2.7,7,0,0,True,False,False,True,5.0
73,2.2,2.3,0.2,0.1,0.6,0.4,1.2,2.7,2.9,5.8,229.3,20.8,84.0,10.0,1,0,1,True,False,False,True,5.0
56,3.7,2.4,1.7,0.0,1.0,1.5,2.5,2.3,2.3,5.2,29.5,26.0,89.0,6.6,2,1,0,True,False,False,True,5.0
42,5.6,2.2,1.1,0.6,2.6,4.5,3.8,2.0,0.8,2.0,98.0,13.6,55.0,2.2,8,0,0,False,False,False,False,5.0
74,3.5,2.6,0.0,0.3,1.8,2.7,3.3,1.7,1.7,5.5,66.9,26.5,79.0,5.5,4,0,1,False,False,True,False,4.0
30,4.9,1.9,2.5,0.8,0.1,3.6,3.3,1.6,1.1,2.5,113.9,23.2,65.0,4.0,5,0,0,True,False,False,True,4.0
29,9.1,3.5,1.9,1.0,3.1,4.5,3.7,1.3,0.8,1.0,174.8,9.4,39.0,1.3,10,0,1,True,False,False,True,4.0
61,10.0,4.3,3.5,0.9,2.6,4.5,4.1,0.1,1.5,0.8,34.3,7.0,45.0,1.0,10,0,1,True,False,False,True,2.0
65,7.3,2.6,2.8,0.0,3.1,2.7,3.4,1.3,2.4,4.6,66.3,27.5,73.0,5.4,4,0,0,True,False,False,True,3.0
58,4.6,2.2,0.0,0.6,2.5,4.4,3.8,1.4,1.0,1.4,161.3,16.2,63.0,1.8,8,1,1,False,False,True,False,4.0
69,5.2,2.6,3.1,0.0,0.5,2.6,3.5,1.5,1.2,6.1,179.3,12.6,84.0,5.5,4,1,0,False,True,False,True,4.0
66,6.2,1.0,2.8,1.6,1.7,4.4,3.5,1.5,1.5,2.6,181.4,13.6,60.0,2.4,8,0,1,False,False,False,True,4.0
71,4.3,2.2,0.7,0.4,2.0,2.1,2.9,2.2,2.3,3.0,173.0,26.2,64.0,6.8,3,0,1,True,False,True,False,4.0
17,3.1,1.3,1.0,0.0,0.1,3.7,3.8,1.4,1.6,3.4,146.0,25.4,69.0,3.5,6,1,1,False,False,False,True,5.0
51,4.1,2.5,2.0,0.3,0.2,1.7,2.1,2.5,2.3,4.4,215.2,33.4,76.0,9.0,2,0,0,False,False,False,True,4.0
65,3.4,1.3,0.4,0.7,2.1,2.9,3.5,2.4,2.1,2.9,241.2,12.3,72.0,5.9,4,0,0,False,False,False,True,5.0
21,6.8,1.7,1.2,1.0,2.2,2.8,3.6,1.6,1.6,4.5,9.6,30.0,66.0,6.5,4,1,1,True,False,True,False,4.0
35,7.3,0.3,2.6,1.4,3.8,4.5,4.0,0.4,0.8,0.0,187.3,8.4,46.0,1.0,10,1,0,True,False,True,False,4.0
23,5.7,0.9,2.1,0.6,1.1,4.5,3.8,1.1,0.6,0.0,156.6,14.0,48.0,1.0,10,0,0,True,False,False,True,5.0
53,2.6,2.3,0.8,0.4,0.0,0.8,1.1,2.7,2.7,7.6,133.5,24.7,89.0,8.6,1,1,0,True,False,True,False,5.0
32,5.6,1.2,2.6,1.0,1.2,4.1,3.9,2.9,1.8,1.7,152.1,21.9,60.0,4.3,7,0,0,True,False,True,False,4.0
18,9.0,3.0,1.8,1.0,2.2,3.1,3.5,1.3,1.7,4.9,196.8,14.9,63.0,5.7,5,1,0,True,False,False,True,3.0
39,3.5,1.1,1.8,0.7,1.0,2.6,3.4,1.9,1.4,2.2,131.1,21.5,61.0,4.0,4,0,1,False,False,True,False,4.0
74,5.1,2.4,0.9,1.1,1.5,3.7,4.0,1.6,1.1,2.1,95.2,19.6,53.0,4.5,6,1,0,False,False,False,True,3.0
28,3.6,1.3,1.5,0.2,0.8,1.1,1.4,3.0,3.3,3.7,92.0,27.9,75.0,10.0,1,1,0,True,False,True,False,5.0
64,5.0,2.3,0.6,0.6,2.6,3.5,3.8,1.5,1.3,1.3,171.6,14.9,62.0,3.6,7,0,1,True,False,False,True,5.0
72,1.4,0.6,0.0,0.0,2.1,1.0,1.4,3.2,2.9,8.1,196.2,18.1,91.0,7.9,1,1,1,False,False,False,True,5.0
23,5.5,1.6,1.2,1.4,0.6,4.5,4.0,0.7,1.0,2.0,113.5,13.9,53.0,1.0,10,0,1,False,False,False,False,4.0
40,2.7,1.2,1.4,0.3,0.9,2.4,3.5,2.8,1.4,1.6,76.5,22.2,61.0,6.5,4,0,0,False,False,False,True,4.0
67,5.8,2.8,1.7,1.4,0.7,1.6,2.4,2.1,3.3,4.0,0.0,34.7,74.0,7.2,2,0,0,False,True,True,False,4.0
16,6.3,2.4,2.8,0.2,0.0,3.5,4.2,1.2,1.0,4.6,221.2,18.2,61.0,4.2,6,0,1,False,False,False,True,3.0
34,2.2,0.9,0.8,0.8,0.6,1.5,2.4,1.8,3.0,3.0,81.4,25.9,79.0,9.3,2,0,0,False,True,True,False,5.0
42,2.3,1.8,1.1,0.6,0.0,2.2,3.2,3.1,2.1,7.3,144.4,13.9,81.0,7.5,3,0,0,True,False,True,False,4.0
61,5.4,1.3,2.3,0.2,2.3,4.5,3.7,1.5,0.5,1.0,134.6,6.5,56.0,1.0,9,1,0,True,False,False,False,4.0
74,5.8,2.9,0.7,0.9,2.4,4.4,4.1,2.0,1.2,1.3,142.6,13.4,55.0,3.5,8,0,0,True,False,False,True,4.0
21,8.3,3.1,1.7,1.4,1.1,4.5,3.9,1.1,1.8,0.0,230.4,6.8,66.0,1.0,9,0,0,True,False,False,True,4.0
58,3.9,0.7,1.1,1.7,1.6,2.0,3.1,1.9,2.0,3.0,169.5,24.2,78.0,7.3,3,0,0,True,False,False,False,4.0
22,8.3,2.7,1.2,1.0,2.5,4.1,3.9,2.3,0.9,2.0,191.2,12.1,55.0,1.4,7,0,1,False,False,False,False,3.0
61,4.8,1.3,2.3,0.0,2.2,3.7,3.1,1.8,1.2,0.8,116.9,20.6,60.0,2.8,6,0,0,False,False,True,False,5.0
49,5.5,1.8,1.1,0.0,3.4,3.2,4.0,2.5,0.9,4.0,158.1,17.7,72.0,4.3,5,0,0,False,False,False,False,4.0
28,6.9,2.0,2.4,1.3,1.7,1.4,2.1,3.5,2.2,4.9,112.6,21.3,75.0,8.6,2,1,1,True,False,False,True,3.0
31,5.7,3.6,0.0,0.0,2.9,3.9,3.6,1.8,1.6,3.8,60.2,23.5,59.0,3.4,7,0,1,False,False,False,False,4.0
50,2.7,1.1,0.0,1.0,1.5,0.9,1.2,3.1,2.6,6.0,149.4,30.0,82.0,8.8,1,1,1,False,False,False,False,4.0
64,3.5,2.8,0.0,0.7,1.3,2.4,3.2,0.9,1.2,2.8,78.5,13.6,71.0,7.0,4,0,0,True,False,True,False,4.0
54,3.9,0.9,0.2,1.4,2.1,1.6,2.2,2.7,2.3,3.5,48.7,34.6,81.0,8.0,2,1,1,False,False,False,False,5.0
18,8.2,0.9,3.5,0.9,2.0,4.5,4.0,0.6,1.1,0.0,148.1,13.6,36.0,1.0,10,0,1,True,False,True,False,3.0
16,5.7,2.0,1.5,0.6,0.8,4.3,4.0,1.6,1.0,2.9,175.8,20.0,55.0,3.3,8,0,1,True,False,False,True,4.0
20,5.6,2.0,0.7,1.8,0.6,4.5,3.9,0.8,1.7,0.8,230.2,5.1,53.0,1.0,10,1,1,False,False,False,True,3.0
68,4.1,0.2,2.4,1.1,1.5,2.6,3.4,1.7,2.7,3.1,155.6,27.7,82.0,5.3,4,0,1,True,False,False,True,4.0
56,5.3,3.0,2.5,0.9,0.0,4.5,3.9,1.9,1.2,0.0,249.5,15.2,49.0,1.0,9,0,0,True,False,False,False,3.0
18,2.6,0.2,0.2,0.2,1.1,4.1,3.8,1.7,1.6,0.9,207.4,10.9,59.0,3.0,7,1,0,False,False,True,False,4.0
68,5.5,1.9,4.2,0.0,0.4,4.0,3.9,1.1,1.3,1.0,184.4,17.8,63.0,5.4,6,0,0,False,False,False,True,5.0
43,5.5,3.2,1.8,0.4,0.8,1.2,2.7,2.6,1.7,4.1,171.8,24.1,87.0,8.4,2,0,1,True,False,False,True,5.0
32,6.0,4.0,1.9,0.0,0.6,4.0,3.9,1.4,0.4,4.8,77.2,11.0,64.0,4.4,6,0,0,True,False,False,False,4.0
40,5.1,1.7,2.0,0.4,2.2,2.2,3.5,2.5,1.9,4.9,115.3,35.6,82.0,8.0,3,1,1,True,False,False,True,4.0
58,4.5,0.7,2.0,1.1,1.8,2.2,2.4,1.9,1.7,3.7,249.4,29.7,81.0,8.6,3,1,0,False,False,True,False,4.0
48,5.5,3.2,0.8,1.2,1.5,3.9,3.8,1.9,0.7,1.0,202.4,9.9,64.0,3.5,7,0,0,True,False,True,False,4.0
24,8.2,2.8,3.8,0.4,1.0,4.5,3.8,1.0,0.5,0.0,92.6,10.6,45.0,1.0,10,0,0,True,False,False,True,3.0
50,6.2,1.6,1.2,2.4,2.4,4.5,4.2,1.8,1.8,2.3,138.3,14.3,61.0,2.0,8,1,1,False,False,False,True,5.0
28,7.8,1.4,2.6,1.4,2.3,4.5,4.1,0.8,1.8,0.0,171.8,11.9,56.0,1.4,9,0,0,False,False,False,True,3.0
45,3.6,1.4,1.0,0.6,1.3,2.1,3.0,1.9,2.3,2.5,72.5,24.0,76.0,8.0,3,0,1,True,False,False,True,4.0
62,5.4,1.7,0.8,1.3,2.8,4.5,4.1,1.8,0.7,0.0,189.0,7.5,45.0,1.5,8,1,0,False,False,False,True,4.0
29,6.9,2.3,3.6,0.3,1.2,4.1,4.2,1.4,1.3,6.7,169.7,18.5,65.0,3.0,7,1,1,False,False,False,False,3.0
22,6.0,1.5,1.4,0.8,1.6,3.6,3.7,2.0,1.2,4.7,144.7,21.6,58.0,2.4,7,1,1,True,False,False,True,3.0
28,4.0,1.6,1.5,0.4,0.8,1.8,2.2,2.5,2.7,5.1,157.8,33.7,84.0,8.7,2,1,0,True,False,False,False,5.0
37,4.7,2.6,1.8,0.0,1.0,4.3,3.8,2.2,0.9,2.0,128.2,11.5,61.0,2.9,7,0,1,False,False,False,True,4.0
74,5.6,0.7,4.4,0.9,0.8,1.4,2.4,2.0,1.8,5.8,247.0,22.6,78.0,8.4,2,0,0,True,False,False,False,5.0
71,6.8,1.7,3.9,0.6,2.1,2.1,3.1,2.7,2.0,3.5,201.3,30.8,78.0,5.0,3,1,0,False,False,False,False,4.0
54,4.8,0.5,2.9,0.6,1.8,4.5,4.0,1.2,1.0,0.2,153.8,13.8,51.0,1.0,9,0,0,True,False,False,True,4.0
35,6.5,2.1,4.6,0.6,0.3,3.6,3.7,1.5,1.5,3.5,171.2,25.5,70.0,5.8,5,0,1,True,False,False,True,5.0
30,2.6,0.3,0.5,0.1,2.0,1.5,2.5,2.5,2.0,3.8,22.8,34.4,79.0,7.2,2,0,0,True,False,False,True,5.0
59,8.7,2.8,2.2,1.6,3.2,3.8,3.9,1.8,1.1,4.3,125.2,25.6,66.0,3.0,6,1,1,True,False,True,False,4.0
32,3.3,0.8,1.6,0.7,0.7,1.1,1.2,1.8,2.9,6.1,119.8,17.4,85.0,8.1,1,0,1,True,False,False,True,4.0
61,1.0,0.4,0.0,0.4,0.7,1.0,1.4,2.5,2.7,6.1,13.8,19.8,89.0,9.2,1,1,1,True,False,False,True,5.0
67,4.2,1.7,2.0,0.0,1.4,3.3,3.6,0.8,1.7,2.3,183.5,29.4,68.0,4.5,5,0,1,False,False,False,True,5.0
38,7.7,3.5,1.0,1.4,2.8,4.5,4.0,0.8,0.5,1.2,183.8,14.0,52.0,1.0,10,0,1,False,True,False,True,4.0
40,7.0,2.6,3.2,1.2,1.0,4.5,4.4,0.8,1.5,0.2,84.2,10.4,51.0,1.0,10,0,1,False,False,False,True,3.0
39,3.9,0.3,1.1,0.6,3.2,2.4,2.8,2.4,1.7,8.4,47.2,26.5,90.0,7.7,3,0,1,False,False,False,True,5.0
74,1.2,0.8,1.0,0.0,0.3,0.8,1.3,3.1,2.9,5.0,118.9,18.9,80.0,8.6,1,0,1,True,False,True,False,5.0
74,7.2,1.6,3.2,1.6,1.6,3.6,3.8,1.4,1.3,2.8,82.5,14.1,60.0,3.7,6,0,1,False,True,True,False,4.0
74,4.9,4.0,1.4,0.4,0.0,4.5,4.2,0.9,0.6,0.0,141.7,12.3,48.0,1.2,8,0,1,True,False,False,True,4.0
59,3.6,1.2,2.8,0.2,0.5,1.1,1.8,2.6,2.3,3.9,116.5,23.3,81.0,9.4,1,1,0,False,False,False,True,5.0
55,4.1,1.2,2.0,0.6,1.2,3.0,3.6,1.0,1.5,1.9,108.2,27.8,73.0,7.8,4,0,0,False,True,False,True,4.0
43,7.0,3.4,2.0,0.8,1.7,3.2,3.7,0.7,1.6,2.0,109.4,29.0,57.0,5.6,5,0,0,False,False,False,True,4.0
29,6.4,2.2,1.2,0.5,2.6,4.5,4.1,0.6,1.5,0.1,128.6,12.4,42.0,1.0,10,0,1,False,True,True,False,3.0
59,4.7,2.9,2.1,0.0,0.7,2.1,2.9,1.4,2.4,4.3,162.9,32.8,73.0,8.0,3,0,1,False,False,False,True,5.0
15,5.8,1.3,1.4,0.7,1.8,4.5,4.1,0.4,1.3,0.0,67.0,11.9,48.0,1.0,10,0,0,True,False,True,False,4.0
39,2.8,1.9,0.6,1.2,0.1,0.9,1.5,2.8,3.0,4.0,86.9,16.5,88.0,8.8,1,0,1,True,False,False,True,5.0
21,7.5,3.2,1.4,0.1,2.4,4.5,4.3,1.0,0.9,1.3,120.9,12.5,46.0,1.0,9,0,0,False,False,False,True,3.0
23,9.4,1.9,2.9,1.5,2.7,4.5,3.9,1.6,0.7,1.5,192.7,10.7,56.0,1.5,9,1,0,True,False,True,False,3.0
38,7.6,3.0,2.1,1.1,2.4,4.5,4.1,1.9,1.1,0.9,103.9,15.4,64.0,2.0,8,0,0,False,False,True,False,4.0
15,9.1,2.3,2.3,0.9,2.4,4.5,3.7,0.9,1.9,0.8,242.6,12.0,52.0,1.0,10,1,0,False,True,True,False,3.0
58,3.1,1.1,1.5,0.0,1.3,2.1,2.9,1.9,2.0,5.7,159.9,35.1,73.0,7.2,3,1,0,True,False,True,False,3.0
22,5.1,2.0,0.0,0.8,1.7,4.4,3.9,1.7,1.1,2.0,126.4,8.7,48.0,3.8,8,0,1,False,False,False,True,4.0
38,4.5,2.9,0.2,0.8,1.3,3.8,4.1,2.2,1.4,2.0,185.7,25.3,67.0,4.0,6,1,0,False,False,False,True,5.0
25,6.1,2.6,1.2,0.6,1.4,4.5,3.4,1.8,1.0,2.8,154.8,16.6,62.0,2.2,8,1,0,False,False,False,True,4.0
65,3.2,2.0,0.3,1.1,0.7,1.7,2.7,2.4,2.8,3.0,197.1,26.5,77.0,9.8,2,0,1,False,True,False,False,4.0
31,2.7,0.3,0.9,0.4,1.7,0.9,1.0,2.6,2.4,4.9,60.7,25.4,93.0,10.0,1,0,1,False,False,False,True,5.0
22,3.8,0.4,0.9,0.4,1.8,2.8,3.4,1.7,2.7,3.4,128.5,26.8,60.0,6.9,4,1,1,False,True,False,True,5.0
49,3.2,0.6,0.9,0.2,2.4,2.1,3.4,2.1,1.9,8.8,155.4,20.1,85.0,8.8,3,0,0,False,False,True,False,5.0
49,5.3,1.5,3.1,0.3,1.8,2.3,2.5,2.2,2.6,5.3,170.9,29.1,82.0,6.1,3,0,0,True,False,False,False,4.0
47,4.7,1.7,1.4,0.5,2.3,1.9,2.1,1.8,3.2,4.0,196.7,32.2,83.0,10.0,2,1,1,True,False,False,True,4.0
73,3.4,0.7,2.5,0.5,0.7,1.4,2.5,3.0,1.9,2.6,244.2,17.7,75.0,9.0,2,1,1,False,False,True,False,5.0
19,8.4,2.9,1.7,0.5,2.8,4.5,3.6,1.6,1.0,0.6,228.7,11.2,51.0,3.3,8,1,0,True,False,False,True,3.0
56,5.4,0.9,3.1,1.2,1.2,3.0,3.9,2.1,2.1,4.0,147.6,16.2,78.0,6.7,4,1,0,False,False,False,True,4.0
53,3.9,0.8,2.6,1.5,0.0,3.1,3.6,0.5,1.7,3.7,173.0,26.2,70.0,4.2,5,0,1,False,False,False,True,5.0
72,2.8,2.1,0.8,0.0,1.0,0.9,1.3,1.9,2.6,4.5,60.9,17.5,86.0,7.2,1,1,1,True,False,True,False,5.0
55,9.1,2.9,3.7,1.5,2.0,4.5,4.0,1.3,1.3,1.3,104.6,5.7,47.0,1.0,10,0,1,False,False,False,False,4.0
42,6.3,3.8,1.0,1.0,1.5,3.1,3.6,1.5,0.8,3.5,155.6,15.7,63.0,4.4,5,1,1,False,False,False,True,4.0
21,4.6,2.5,1.7,0.1,0.0,4.5,4.2,1.4,1.2,0.9,180.4,12.0,61.0,1.3,8,1,1,False,False,True,False,5.0
23,7.9,3.4,1.9,0.4,1.6,4.5,3.7,0.6,1.2,0.1,112.4,9.3,46.0,1.0,10,0,0,True,False,False,False,4.0
22,5.3,0.9,2.0,0.8,1.5,4.5,3.9,0.8,1.1,0.0,152.8,11.8,45.0,1.0,10,0,0,True,False,False,True,3.0
26,7.3,3.9,2.4,0.0,0.4,4.5,4.0,2.2,0.8,2.2,155.7,10.0,52.0,1.0,9,0,0,True,False,False,True,3.0
48,2.6,0.3,0.7,0.5,2.0,0.6,1.2,1.5,2.7,3.8,165.2,38.4,80.0,7.5,1,0,1,False,False,False,True,5.0
47,5.3,1.5,2.3,0.9,1.3,4.5,3.6,0.8,0.6,0.0,123.8,15.7,44.0,1.0,9,0,1,True,False,False,True,4.0
62,4.0,2.5,2.1,0.2,0.0,0.7,1.4,2.2,2.9,5.6,257.1,25.0,85.0,8.2,1,1,0,False,False,False,True,5.0
69,3.2,0.6,1.5,0.0,2.1,3.5,3.7,2.0,1.4,0.0,124.5,24.7,61.0,3.9,6,0,0,True,False,True,False,5.0
37,3.6,1.2,1.3,0.7,1.6,2.4,2.9,2.6,2.1,6.4,178.0,30.4,77.0,7.5,3,1,1,True,False,False,False,5.0
38,5.4,1.0,0.6,1.9,2.9,3.9,4.2,1.4,0.8,2.5,151.4,22.7,63.0,5.8,6,0,1,False,False,False,True,4.0
51,3.6,1.7,2.0,0.2,0.5,3.1,3.8,1.8,1.8,3.7,196.2,25.3,73.0,3.6,5,1,1,False,False,False,False,3.0
49,4.3,3.3,0.8,0.2,1.2,1.4,2.2,2.2,2.0,4.3,173.3,19.2,67.0,9.2,2,0,0,True,False,False,False,4.0
58,5.8,2.0,1.8,0.5,2.5,3.5,3.6,2.0,1.0,2.2,203.4,12.3,52.0,4.6,5,0,0,True,False,False,False,3.0
54,3.5,1.6,1.4,1.5,0.5,1.1,2.2,2.6,3.7,4.3,124.0,29.6,81.0,5.9,2,1,0,True,False,False,True,4.0
36,1.4,0.2,0.0,0.0,2.4,1.3,2.2,2.4,2.5,7.5,127.9,28.1,79.0,7.0,2,1,1,False,False,True,False,3.0
41,5.3,2.4,0.5,1.1,2.5,2.9,3.2,0.7,1.2,3.1,83.5,25.6,67.0,6.7,4,1,1,False,False,False,True,4.0
49,6.0,2.7,1.9,0.3,1.7,3.1,3.6,1.3,1.6,1.9,192.4,19.5,71.0,5.1,5,0,0,True,False,True,False,4.0
15,3.7,0.5,0.9,0.4,1.2,2.7,3.2,1.5,1.8,3.4,91.2,13.4,76.0,4.1,4,1,0,True,False,False,True,5.0
49,2.7,1.9,0.9,0.0,0.8,2.9,3.4,1.4,1.2,2.3,73.7,26.2,66.0,5.3,5,0,0,True,False,True,False,5.0
51,3.5,2.2,0.7,0.5,0.7,0.9,0.9,2.6,2.9,4.9,154.8,41.1,86.0,7.9,1,1,1,False,False,False,True,5.0
61,4.6,2.9,0.7,0.0,1.7,4.0,3.9,1.5,1.1,0.0,110.9,19.8,51.0,2.4,7,1,1,False,True,True,False,4.0
28,5.2,1.3,3.3,0.3,0.0,4.2,3.9,1.5,0.6,2.9,151.1,14.4,57.0,2.7,7,1,1,True,False,False,True,5.0
17,3.6,1.2,0.3,0.0,0.8,4.5,3.8,2.0,1.1,0.0,158.2,17.5,56.0,2.1,8,0,0,False,False,False,True,5.0
15,6.4,1.6,3.1,0.0,0.7,4.5,4.1,0.6,0.9,0.8,145.9,8.2,51.0,1.7,9,0,1,True,False,True,False,4.0
19,6.4,3.2,1.1,0.8,0.4,3.9,3.4,1.1,1.2,3.1,119.7,26.8,65.0,4.3,6,1,1,True,False,False,True,4.0
40,5.7,2.9,0.8,1.4,1.6,2.8,3.0,1.5,1.7,4.6,73.8,26.5,68.0,7.0,4,1,0,False,False,False,True,4.0
69,5.5,2.0,1.9,2.5,0.0,2.3,3.0,1.7,1.9,3.5,202.8,28.2,76.0,7.4,3,0,1,False,False,False,True,5.0
28,8.3,2.9,1.6,1.2,2.6,4.2,4.0,1.8,1.2,1.6,154.4,12.7,55.0,2.2,8,0,0,False,False,False,True,3.0
53,3.5,0.2,1.3,0.3,2.3,2.8,3.3,1.3,1.8,1.7,186.2,28.3,70.0,5.6,4,0,0,False,False,False,True,5.0
41,6.3,2.7,1.7,0.0,2.8,4.0,4.0,1.4,0.6,0.0,132.1,20.8,48.0,2.3,7,0,1,True,False,False,False,3.0
23,4.6,1.0,1.5,0.9,0.9,3.8,3.9,1.8,1.4,1.1,118.5,20.0,55.0,5.2,6,0,0,False,False,False,False,4.0
29,6.4,3.6,1.3,0.0,1.6,4.4,4.3,1.9,1.3,1.1,45.2,20.7,64.0,1.4,8,0,0,True,False,False,True,4.0
29,5.7,1.0,2.5,0.1,2.2,4.3,3.7,1.6,0.1,0.0,89.5,16.5,45.0,4.8,7,0,0,False,False,True,False,3.0
40,2.4,1.2,0.0,1.1,1.3,4.1,3.8,1.6,0.0,0.9,136.0,12.2,59.0,3.0,8,0,1,True,False,True,False,4.0
56,3.4,2.5,0.5,0.8,0.8,1.0,1.3,2.3,2.7,5.8,193.4,18.9,83.0,10.0,1,0,1,False,False,True,False,5.0
74,3.9,2.6,0.6,0.0,1.5,1.0,1.4,3.0,2.6,6.6,96.6,28.8,86.0,8.3,1,1,1,True,False,True,False,5.0
27,3.0,1.6,0.3,0.0,1.2,2.2,2.6,2.1,2.3,4.0,61.4,15.8,72.0,8.0,3,0,1,True,False,False,True,5.0
65,3.8,2.3,1.6,0.7,0.3,2.8,3.4,1.9,1.4,2.4,121.2,23.3,61.0,7.9,4,0,0,False,False,False,True,5.0
46,4.2,2.4,2.1,0.8,0.0,4.5,4.0,1.3,1.1,0.0,139.8,12.1,54.0,2.1,9,0,0,True,False,False,True,5.0
53,3.5,2.4,0.0,1.5,0.5,1.8,2.2,2.4,2.7,4.9,134.7,32.1,78.0,10.0,2,1,1,False,False,False,True,5.0
63,1.9,1.6,1.0,0.0,0.0,3.1,3.8,0.9,1.9,6.5,147.8,32.1,77.0,6.5,4,1,0,True,False,False,True,4.0
66,4.0,2.5,1.1,0.7,0.5,2.7,3.4,1.2,1.4,4.7,119.1,22.1,76.0,7.4,4,1,0,True,False,False,False,4.0
46,7.4,3.3,1.2,1.2,2.8,4.5,3.8,1.5,1.0,1.3,67.7,11.8,62.0,2.6,8,0,0,True,False,True,False,4.0
18,2.4,0.9,0.1,0.3,0.0,1.5,2.6,1.8,2.2,3.6,12.0,14.4,79.0,6.6,2,1,1,True,False,True,False,4.0
44,3.4,1.2,1.2,0.0,1.8,3.3,3.6,1.1,1.5,3.7,174.2,12.6,73.0,6.2,5,0,0,False,False,False,True,5.0
51,4.3,2.0,0.5,0.0,2.6,3.2,3.6,1.5,1.6,3.3,213.0,16.4,67.0,4.3,5,0,0,True,False,False,True,4.0
37,1.9,1.0,1.1,0.6,0.0,1.7,2.3,1.9,2.9,3.9,83.2,25.6,68.0,6.6,2,0,1,False,False,True,False,5.0
53,2.8,0.4,0.0,0.3,3.2,3.3,3.9,1.8,1.3,3.5,76.0,11.2,73.0,4.7,5,1,1,False,False,True,False,4.0
59,5.0,3.0,1.1,0.8,1.3,2.1,2.9,2.8,2.5,3.1,190.6,31.9,73.0,7.4,3,1,1,True,False,True,False,5.0
29,4.8,0.2,0.7,1.4,2.8,2.1,2.8,2.1,2.5,3.9,82.1,15.9,64.0,6.5,3,1,1,False,False,False,True,4.0
57,4.1,1.6,1.2,0.4,1.7,4.5,3.7,1.1,1.0,0.0,152.0,10.1,49.0,2.2,9,0,1,False,False,True,False,4.0
43,5.4,2.7,1.8,1.3,0.9,4.3,3.9,1.9,0.8,0.6,136.4,11.0,46.0,1.1,8,1,0,False,False,False,False,4.0
50,2.9,2.2,1.5,0.5,0.0,1.4,2.4,2.7,2.4,4.1,0.0,37.3,78.0,8.4,2,0,0,True,False,False,True,4.0
27,4.7,1.7,2.4,0.8,0.3,4.5,3.9,1.4,1.3,0.8,116.0,14.8,57.0,1.9,8,0,1,True,False,True,False,4.0
46,3.4,1.0,1.1,0.5,2.1,3.0,3.3,1.5,1.8,5.2,119.9,14.4,72.0,5.9,4,0,1,False,False,False,True,4.0
21,8.6,2.3,2.2,0.8,2.9,4.3,3.8,1.4,0.6,1.3,114.3,9.3,55.0,2.5,8,0,0,False,False,False,True,3.0
73,3.7,1.1,2.7,0.9,0.0,0.7,1.6,3.0,2.7,5.3,157.6,42.0,83.0,9.8,1,1,1,False,False,False,False,4.0
65,5.0,2.2,1.8,1.0,1.3,0.9,1.1,2.2,2.3,4.7,109.2,27.6,90.0,9.3,1,1,0,True,False,False,True,4.0
36,4.4,2.1,1.5,0.6,1.0,3.9,3.4,1.7,1.1,1.5,182.3,19.4,63.0,4.9,6,0,0,False,False,False,False,4.0
42,4.9,2.1,2.0,0.0,1.8,2.2,3.0,2.1,2.8,6.4,105.8,29.6,73.0,7.4,3,0,0,True,False,False,False,3.0
16,6.1,1.4,1.8,1.0,1.5,4.5,4.3,1.5,1.6,2.7,149.3,14.0,51.0,3.2,9,1,0,False,False,False,False,3.0
56,6.4,3.8,2.6,0.0,1.0,4.5,4.1,0.6,0.9,0.0,89.7,5.8,44.0,1.0,10,0,1,True,False,False,True,3.0
59,5.9,2.3,2.4,0.2,2.0,4.5,4.0,1.1,1.1,0.7,196.6,8.8,48.0,1.0,9,0,0,False,False,False,True,4.0
71,4.3,1.7,2.4,0.0,0.7,2.8,3.6,1.9,2.1,3.7,80.5,22.6,66.0,6.4,4,0,1,True,False,True,False,5.0
67,5.8,2.2,1.5,1.6,1.4,3.7,3.7,1.0,0.9,1.9,143.9,18.6,56.0,2.6,6,0,0,True,False,True,False,3.0
20,6.5,1.3,1.9,0.9,2.2,4.5,3.8,0.5,2.3,1.3,137.4,9.0,47.0,1.0,10,0,1,False,False,False,False,4.0
42,3.8,1.7,1.9,0.4,0.7,3.2,3.6,0.4,0.8,3.1,231.2,24.4,65.0,5.2,5,0,1,True,False,False,True,4.0
42,5.9,4.2,0.2,1.5,1.0,4.5,4.1,2.2,1.2,2.4,155.5,11.5,64.0,1.0,8,0,0,True,False,False,True,5.0
58,4.9,1.3,2.7,0.9,0.8,4.5,3.8,1.5,0.9,1.3,128.8,12.5,64.0,2.5,8,1,0,True,False,False,False,5.0
58,4.2,1.9,0.0,0.7,1.9,3.4,3.5,1.4,1.5,2.6,271.8,29.4,71.0,5.6,5,1,0,False,False,False,False,5.0
34,5.4,1.6,2.3,0.8,1.7,4.5,3.9,1.9,1.2,0.0,196.7,7.6,55.0,1.5,8,0,0,False,False,True,False,4.0
44,3.0,1.1,1.8,0.4,0.9,0.7,1.5,2.5,2.7,5.7,155.6,23.9,85.0,10.0,1,1,1,True,False,True,False,5.0
25,5.7,2.4,1.2,0.0,1.7,4.5,4.0,0.5,0.6,2.5,200.8,9.1,56.0,1.0,10,0,0,False,False,False,True,4.0
72,4.6,2.0,1.9,1.2,0.0,3.1,3.7,1.4,1.2,7.8,160.4,14.3,78.0,4.7,5,0,1,False,False,False,False,4.0
69,6.8,2.8,2.0,0.6,2.2,3.1,3.6,1.9,0.5,1.0,78.6,20.3,64.0,4.9,6,0,0,True,False,False,True,3.0
42,4.0,2.7,0.1,0.0,2.3,4.0,3.7,1.5,1.0,3.1,159.1,14.2,55.0,4.9,6,0,0,False,False,False,True,4.0
39,6.9,2.8,3.1,0.9,0.9,2.8,3.2,1.7,1.8,4.0,115.7,18.0,81.0,6.6,4,1,1,False,False,True,False,3.0
53,3.5,1.2,1.6,0.6,0.7,3.1,3.1,1.4,2.0,2.7,68.0,11.2,66.0,5.7,4,0,0,False,False,True,False,5.0
47,8.3,2.6,4.0,1.6,1.3,4.5,3.7,1.5,0.7,1.5,137.5,11.4,56.0,1.0,8,0,1,True,False,True,False,3.0
15,7.0,2.6,2.4,0.8,0.5,3.4,3.8,1.9,1.5,3.9,237.9,28.6,68.0,4.2,5,1,0,False,False,False,False,4.0
71,2.3,1.1,1.6,0.0,0.6,0.8,1.3,2.2,2.5,4.5,143.6,38.0,76.0,9.6,1,1,0,False,False,True,False,4.0
41,3.2,1.7,0.7,0.0,1.7,2.3,3.0,1.9,2.3,5.9,117.0,26.6,75.0,8.3,3,0,0,True,False,False,True,4.0
71,5.0,0.7,1.4,1.4,2.2,2.2,2.8,2.8,2.0,8.3,162.6,23.7,82.0,8.1,3,1,1,True,False,False,False,4.0
66,5.5,2.6,1.7,0.6,1.7,4.3,3.8,1.7,1.3,7.9,124.3,13.6,65.0,4.6,7,1,0,True,False,False,True,4.0
27,9.9,2.6,3.1,0.1,4.0,4.5,4.0,0.2,1.1,1.9,193.0,10.1,47.0,2.0,10,0,0,True,False,False,True,3.0
55,8.3,3.3,2.8,0.2,2.6,4.5,3.8,1.7,1.5,0.0,142.8,5.1,44.0,1.0,10,0,0,False,False,True,False,3.0
17,8.2,1.8,2.0,1.4,2.1,4.5,3.9,0.4,1.6,0.0,81.8,13.0,41.0,1.0,10,1,1,True,False,False,True,3.0
53,7.7,2.4,3.4,0.9,2.1,4.5,3.9,0.2,0.4,1.3,158.6,8.6,49.0,1.0,9,0,0,True,False,False,True,3.0
20,6.5,2.9,0.0,1.3,1.5,4.5,4.3,0.6,1.1,0.0,159.9,9.3,49.0,1.0,10,0,0,False,False,True,False,2.0
22,6.4,1.3,2.0,0.7,1.9,4.5,4.2,0.4,0.9,0.0,239.4,14.0,43.0,1.0,10,1,0,True,False,False,False,4.0
41,4.9,1.2,2.9,0.1,1.6,3.1,3.8,2.0,1.9,3.8,132.1,11.2,77.0,5.3,4,1,0,False,True,False,True,4.0
23,8.1,1.3,2.1,1.7,2.5,4.5,3.9,1.4,0.6,0.4,193.7,8.7,39.0,1.0,10,0,0,True,False,True,False,3.0
51,2.2,1.7,0.0,0.4,1.1,0.8,1.4,2.6,2.5,4.9,107.6,20.2,83.0,10.0,1,1,0,True,False,True,False,5.0
47,5.3,1.2,3.0,1.1,1.1,4.0,3.9,1.8,1.3,1.1,153.3,23.8,63.0,3.3,7,0,1,True,False,False,True,4.0
65,6.5,1.4,2.3,1.3,2.6,3.8,4.0,1.6,1.3,8.0,163.7,20.7,75.0,4.0,6,1,1,True,False,False,True,4.0
56,5.4,2.8,1.9,0.6,0.9,4.2,4.2,2.2,1.0,1.9,85.7,21.4,69.0,2.9,7,0,1,True,False,False,False,4.0
58,3.0,1.9,1.6,0.0,0.5,1.7,2.1,2.4,2.1,7.7,182.2,32.6,82.0,7.4,2,1,1,False,False,True,False,4.0
38,6.2,2.3,3.7,0.2,0.7,4.5,3.8,1.0,1.1,0.0,188.8,8.2,50.0,1.6,8,0,0,False,True,False,True,3.0
29,5.8,1.5,2.0,1.0,2.1,4.0,3.5,1.6,1.4,3.9,114.4,22.1,53.0,1.6,7,1,1,True,False,False,True,4.0
73,6.4,1.4,1.2,0.9,4.0,4.5,4.1,0.5,0.9,2.1,154.9,10.5,54.0,1.8,8,1,0,False,False,True,False,4.0
68,3.6,2.3,0.6,1.4,0.5,0.6,1.1,2.3,2.8,4.1,136.7,33.7,81.0,8.8,1,0,1,False,False,True,False,4.0
46,6.6,2.1,2.3,1.3,2.0,4.5,3.8,1.3,0.9,0.3,193.0,17.5,57.0,1.4,8,0,0,False,False,False,True,3.0
46,5.6,2.7,2.6,0.0,1.6,2.3,3.5,1.2,1.4,3.5,115.4,32.1,58.0,5.6,4,0,1,True,False,False,True,4.0
38,7.4,3.2,1.6,1.5,2.5,4.5,3.7,1.2,0.7,0.0,114.3,8.0,42.0,1.5,10,1,0,True,False,True,False,3.0
55,3.5,1.4,0.9,0.0,2.0,2.9,3.1,1.5,1.9,2.6,219.2,29.1,75.0,5.8,4,1,1,True,False,True,False,4.0
66,8.3,2.8,3.0,1.0,2.6,4.5,3.9,1.0,1.5,0.0,134.1,10.8,49.0,1.0,10,0,1,False,False,True,False,3.0
63,4.4,1.0,0.5,2.1,1.7,2.8,3.4,1.6,1.2,4.4,110.3,31.3,68.0,6.6,4,1,0,False,False,False,True,5.0
63,7.7,3.9,3.7,0.8,0.6,4.1,3.8,1.7,1.0,4.3,128.9,14.7,67.0,4.2,7,1,1,True,False,False,True,4.0
72,1.3,1.3,0.7,0.0,0.7,2.0,2.4,2.1,2.5,11.0,99.6,31.1,93.0,9.7,2,1,1,True,False,True,False,5.0
66,3.8,2.6,0.1,0.4,1.6,1.1,1.5,2.6,2.2,6.2,171.3,19.2,93.0,7.2,1,1,1,False,False,False,False,4.0
26,5.3,1.0,0.2,1.9,1.9,4.5,4.1,1.9,1.2,0.0,165.0,16.8,52.0,2.1,9,0,0,False,False,True,False,4.0
53,2.5,1.9,0.3,0.5,1.0,0.3,1.1,2.1,2.6,4.7,60.8,41.4,85.0,9.1,1,1,0,False,True,True,False,4.0
16,10.0,3.4,1.2,1.4,3.4,4.5,3.8,1.6,0.8,1.1,185.6,7.9,53.0,1.0,10,0,1,False,False,False,True,3.0
17,5.8,1.3,1.0,0.0,2.3,4.5,4.1,1.4,1.5,0.9,163.8,14.0,47.0,1.0,10,1,0,True,False,False,True,3.0
63,6.0,4.0,2.6,0.4,0.0,4.5,3.9,1.5,1.0,0.0,147.3,7.7,58.0,4.0,8,0,0,False,False,True,False,4.0
51,5.1,2.0,2.5,0.5,1.3,2.7,3.6,1.9,1.7,8.7,121.4,28.9,73.0,5.3,4,1,1,False,False,False,True,3.0
63,5.0,2.9,1.3,1.8,0.4,3.2,3.6,1.6,1.7,0.7,134.2,19.4,60.0,4.3,5,0,1,True,False,False,True,4.0
70,9.8,2.4,4.9,0.4,3.3,4.5,3.7,0.8,0.9,1.3,223.3,17.6,58.0,1.0,9,0,1,False,False,False,True,3.0
31,3.0,2.4,1.2,0.0,0.0,4.1,3.9,1.7,0.7,1.8,107.5,10.6,55.0,2.7,8,1,1,False,False,True,False,5.0
73,5.1,0.7,1.4,2.0,1.8,2.6,3.4,1.6,1.4,3.6,212.2,12.2,75.0,5.8,4,0,1,True,False,False,False,4.0
63,2.9,1.6,0.1,0.7,1.5,0.7,1.3,2.4,1.8,4.4,163.2,28.9,84.0,10.0,1,0,0,False,False,False,True,5.0
16,8.6,3.1,1.4,1.0,2.2,4.5,3.7,1.6,1.6,1.4,217.7,14.7,51.0,1.0,9,0,0,False,False,False,False,3.0
16,5.9,1.7,1.8,0.0,1.7,4.5,3.7,0.5,1.6,0.0,196.2,9.8,53.0,1.0,10,1,0,False,False,False,True,4.0
42,5.9,2.1,0.2,0.8,3.5,2.2,3.3,1.9,1.5,4.0,61.6,22.8,77.0,5.9,3,1,1,True,False,False,True,4.0
68,3.7,0.6,1.0,0.6,2.3,3.8,3.6,1.0,1.3,8.2,137.5,12.9,72.0,3.9,6,0,1,True,False,True,False,4.0
37,2.6,1.5,1.9,0.0,0.0,3.0,3.3,1.5,1.3,8.5,146.2,22.0,80.0,8.2,4,1,1,False,False,False,True,4.0
51,6.7,3.0,0.9,1.0,2.8,3.7,3.4,2.1,0.5,2.5,207.3,25.3,64.0,4.8,6,0,1,True,False,True,False,4.0
46,2.2,0.8,0.7,0.0,1.6,3.3,3.6,1.2,1.1,2.0,163.8,18.5,70.0,8.3,5,0,0,False,False,False,False,5.0
47,6.2,2.6,2.4,0.0,2.8,4.5,3.6,2.0,1.2,0.0,49.8,17.4,53.0,3.4,8,0,0,False,False,False,True,4.0
15,5.8,2.2,0.1,1.3,1.1,4.5,4.0,0.8,0.8,1.1,103.5,12.8,54.0,1.0,10,0,1,True,False,False,True,4.0
33,2.3,1.8,0.3,0.2,0.3,1.6,2.4,2.5,2.0,5.5,184.6,28.0,76.0,6.9,2,1,0,False,False,False,False,5.0
16,4.6,1.7,1.7,0.3,0.1,4.5,3.9,0.1,1.8,1.5,218.3,8.3,48.0,1.3,10,1,0,False,False,False,True,4.0
67,6.0,1.6,2.4,0.7,2.5,2.6,3.5,2.0,1.8,3.8,191.9,24.7,75.0,5.1,4,1,0,True,False,False,True,4.0
58,5.0,1.6,1.8,0.4,2.2,4.5,4.0,0.6,1.3,0.0,170.7,10.1,42.0,1.0,10,0,1,False,False,False,True,4.0
40,4.7,2.8,1.3,1.0,0.8,1.6,2.4,2.5,2.7,5.1,141.8,34.6,92.0,7.8,2,1,0,False,False,False,False,4.0
46,2.3,1.6,1.2,0.7,0.0,1.6,2.3,2.6,2.1,4.5,207.3,19.9,76.0,7.2,2,1,1,False,False,False,True,4.0
20,9.5,3.6,2.6,0.0,2.5,4.5,3.9,1.9,1.4,5.1,242.5,11.1,62.0,4.3,7,1,1,False,False,False,True,3.0
46,4.1,2.3,2.4,0.2,0.0,2.2,3.4,1.9,1.7,2.3,91.0,17.5,69.0,6.4,3,0,0,True,False,True,False,4.0
69,5.9,1.5,1.6,0.1,3.6,4.5,3.9,0.4,1.1,0.9,161.7,9.3,53.0,2.4,9,1,1,False,False,True,False,4.0
18,4.9,2.9,1.2,0.3,0.0,4.5,3.8,1.4,0.9,0.0,222.2,11.1,44.0,1.0,10,0,0,False,False,True,False,3.0
69,5.0,2.6,1.5,0.7,1.4,3.9,3.8,2.3,1.1,1.2,89.9,17.0,66.0,2.7,7,0,1,False,False,False,True,4.0
25,3.9,0.5,0.7,0.8,1.6,4.0,4.1,1.2,0.9,0.3,158.6,8.8,53.0,1.9,8,1,1,False,False,False,True,5.0
70,3.4,1.1,1.3,0.0,1.8,4.5,3.7,1.8,1.1,2.4,33.5,20.6,58.0,1.5,8,1,0,True,False,False,True,3.0
73,4.7,1.9,1.0,1.2,1.7,4.5,3.5,1.5,1.2,1.4,241.5,7.5,53.0,2.7,8,0,1,False,False,False,True,3.0
31,3.3,0.6,1.4,0.5,1.5,2.1,2.5,2.7,1.8,4.0,173.5,28.8,73.0,7.3,3,1,1,True,False,True,False,4.0
52,5.1,3.9,1.0,0.0,1.0,3.8,3.8,1.4,1.5,3.5,53.8,10.5,66.0,2.9,6,0,1,True,False,False,True,4.0
38,6.7,2.7,2.1,1.2,1.2,4.5,3.8,1.3,0.9,1.6,147.3,8.4,49.0,1.1,8,1,1,True,False,False,True,3.0
19,6.1,2.0,2.4,0.0,0.7,4.5,4.1,1.2,1.1,2.7,144.3,17.9,54.0,1.0,8,1,0,False,True,False,True,4.0
66,3.8,1.7,1.1,0.0,1.5,1.7,2.3,2.5,2.0,2.9,163.3,26.3,78.0,8.8,2,0,1,False,False,True,False,4.0
48,2.8,1.5,0.6,1.9,0.0,3.8,4.1,1.5,1.1,0.8,95.8,14.9,61.0,5.5,6,0,0,False,False,False,True,4.0
20,5.8,0.2,2.3,0.7,1.7,4.5,3.7,1.6,1.4,0.8,96.7,11.9,49.0,1.2,10,0,0,False,False,False,True,4.0
36,2.9,0.4,1.7,0.2,1.3,0.6,1.3,1.9,2.8,4.9,248.8,37.7,90.0,9.4,1,0,0,False,False,False,True,4.0
25,7.8,3.7,1.1,0.7,2.2,4.5,4.1,0.4,1.1,0.0,123.9,9.4,52.0,1.3,10,0,0,False,False,False,False,4.0
62,6.8,3.4,3.0,0.5,1.1,3.8,3.8,1.0,1.9,3.9,176.3,14.6,59.0,4.2,6,0,1,False,False,True,False,3.0
30,4.4,1.5,0.9,0.6,2.0,2.8,3.5,1.0,1.5,4.0,74.2,26.9,69.0,6.5,4,0,1,True,False,False,True,4.0
47,4.7,2.8,0.0,0.9,2.0,2.2,3.4,1.3,2.4,4.0,109.5,25.1,67.0,5.5,4,0,1,True,False,False,False,4.0
23,5.1,2.5,0.7,0.5,1.3,4.5,3.7,1.2,1.3,0.0,113.3,7.6,44.0,1.0,10,1,1,False,False,False,True,4.0
74,7.9,2.6,3.3,0.8,1.8,4.5,3.7,0.5,1.7,1.3,248.8,14.0,59.0,2.1,8,1,0,False,False,True,False,3.0
73,1.2,0.7,1.2,0.5,0.1,0.6,1.3,2.6,2.4,4.3,125.5,15.5,89.0,10.0,1,1,0,True,False,True,False,5.0
20,4.9,0.4,0.9,0.1,2.7,4.5,4.4,1.5,0.9,0.0,146.9,6.6,44.0,1.6,10,0,1,True,False,True,False,4.0
30,4.6,3.1,1.5,0.0,0.9,3.6,3.6,1.5,1.6,1.7,105.1,13.2,61.0,4.6,6,0,0,False,False,True,False,3.0
43,4.9,0.2,2.6,1.4,1.2,1.4,2.5,2.2,2.2,4.2,159.3,19.4,78.0,7.7,2,1,1,True,False,False,True,4.0
17,5.8,1.9,1.4,1.0,0.3,4.5,3.9,1.2,1.0,0.5,232.0,6.7,54.0,1.0,9,0,1,False,False,False,True,4.0
34,4.4,1.7,2.2,1.2,0.6,4.1,3.9,1.4,2.1,5.2,223.0,26.3,70.0,4.5,6,1,1,False,True,False,True,4.0
74,5.6,1.6,1.3,0.6,3.0,4.1,3.9,1.9,0.2,2.6,181.0,15.5,64.0,5.9,7,1,0,True,False,True,False,4.0
73,5.6,2.3,2.2,0.7,1.5,4.5,3.8,0.6,1.1,0.0,156.7,15.0,43.0,1.0,10,0,1,True,False,True,False,4.0
50,3.7,1.4,1.7,0.5,1.1,3.5,3.8,1.2,1.0,1.4,111.2,16.5,61.0,4.8,5,1,0,False,False,True,False,4.0
33,5.3,2.4,1.1,1.3,1.1,3.6,3.8,1.3,1.6,1.9,132.0,17.2,52.0,4.9,6,0,1,False,False,False,True,4.0
40,4.5,2.1,1.8,0.4,1.4,2.7,3.7,2.7,1.5,2.7,129.0,24.3,73.0,7.7,4,0,0,False,False,False,True,4.0
17,7.8,3.9,0.9,0.0,2.1,2.4,3.5,1.8,1.6,4.4,122.8,14.5,75.0,6.7,4,1,0,False,True,True,False,4.0
33,2.1,0.8,0.0,0.9,1.6,3.5,3.4,2.2,1.9,9.1,117.4,28.9,83.0,4.9,5,1,0,True,False,True,False,5.0
34,4.7,2.0,1.5,0.5,1.6,2.8,3.5,2.4,1.4,2.7,110.1,16.1,60.0,5.3,4,1,1,False,False,False,True,5.0
46,2.2,2.4,0.1,0.7,0.5,2.4,3.5,1.7,1.7,2.3,83.7,15.1,72.0,7.3,4,0,0,False,False,True,False,4.0
21,7.1,1.8,2.2,1.0,1.1,4.5,4.0,1.4,0.6,0.0,121.1,7.7,44.0,1.0,9,0,1,False,False,True,False,4.0
66,2.8,0.8,1.5,0.3,1.6,1.7,2.6,2.5,1.7,6.0,87.4,30.2,86.0,5.4,2,1,1,True,False,True,False,5.0
55,7.2,3.1,3.1,0.5,1.4,4.5,3.6,1.2,0.4,0.2,70.4,8.4,58.0,1.8,10,0,0,False,False,False,False,4.0
47,4.0,2.3,1.1,0.4,1.0,1.5,2.6,2.7,1.6,4.0,101.0,26.8,83.0,9.0,2,1,1,False,False,False,False,4.0
54,4.2,0.9,1.5,1.4,0.9,3.9,3.9,1.9,0.3,0.0,54.4,15.2,53.0,1.5,7,0,0,True,False,True,False,4.0
53,4.2,2.4,0.0,0.6,1.8,2.4,3.6,1.6,1.3,2.5,176.7,14.2,79.0,6.8,4,0,0,True,False,False,True,4.0
32,6.1,3.5,0.3,0.7,1.9,3.9,3.7,0.8,1.2,1.7,117.1,20.1,59.0,2.5,7,0,1,False,False,False,True,4.0
54,3.4,2.0,0.0,0.0,2.4,1.0,0.9,2.3,2.3,3.7,119.5,21.0,77.0,7.7,1,0,1,True,False,False,True,4.0
15,8.6,2.0,2.7,1.0,1.6,4.4,3.9,1.5,0.7,3.6,154.0,8.3,58.0,2.3,8,1,0,True,False,False,True,3.0
25,5.6,3.4,1.0,0.9,0.0,4.5,4.0,1.1,1.2,0.0,174.0,8.8,53.0,1.0,10,0,0,True,False,False,False,4.0
42,7.1,1.1,3.0,0.1,3.8,3.9,3.6,2.0,1.3,1.3,203.3,23.1,58.0,2.3,7,0,0,False,False,False,True,4.0
71,5.6,3.6,0.0,1.8,1.4,4.3,4.0,0.8,1.3,1.7,103.4,13.7,55.0,1.9,7,0,1,False,False,False,False,3.0
39,7.3,2.9,3.2,0.8,1.0,4.5,4.0,0.7,1.3,0.0,180.5,11.6,39.0,1.0,10,1,0,False,False,False,False,3.0
64,2.9,1.2,1.4,0.2,1.3,1.0,1.6,3.0,3.1,4.3,157.1,35.8,87.0,10.0,1,0,1,True,False,True,False,5.0
37,3.6,1.4,1.9,0.6,1.0,2.7,3.4,1.5,1.9,2.7,177.3,27.1,74.0,5.0,4,0,0,False,False,False,True,5.0
45,1.9,1.5,0.3,0.4,0.6,2.3,3.3,2.2,1.9,3.4,134.8,25.9,68.0,7.5,3,1,1,False,False,False,True,4.0
44,4.5,0.3,2.1,1.5,2.0,1.0,1.3,2.5,3.4,3.9,96.4,17.6,79.0,9.4,1,1,1,False,False,False,False,5.0
56,4.8,2.2,1.1,1.2,1.3,3.8,3.9,1.1,1.8,2.6,225.5,23.3,72.0,1.7,7,1,1,False,False,False,True,4.0
49,3.0,1.2,0.2,0.9,1.3,0.7,1.4,2.6,2.3,5.3,197.4,36.0,86.0,9.1,1,0,0,True,False,True,False,5.0
21,4.8,2.3,0.2,1.6,0.0,4.2,3.9,1.0,1.2,3.0,111.2,23.5,61.0,3.9,7,0,0,False,False,False,True,5.0
74,1.2,0.8,0.2,0.0,1.2,0.7,1.1,3.1,2.6,4.6,122.8,28.6,79.0,10.0,1,1,1,True,False,False,True,4.0
30,5.5,2.8,1.9,1.1,0.3,4.1,3.6,1.6,1.4,1.0,145.0,11.7,64.0,2.9,7,0,0,False,False,False,False,3.0
40,3.9,2.7,0.8,0.9,0.9,2.8,3.2,1.8,2.0,8.4,179.0,31.1,79.0,4.9,4,1,1,True,False,True,False,4.0
62,2.7,1.4,0.0,0.5,1.6,1.9,3.1,1.4,1.3,4.1,170.7,17.7,77.0,7.2,3,1,1,True,False,False,False,4.0
71,4.5,2.3,1.9,0.5,0.8,3.9,3.9,1.5,1.6,0.8,106.5,9.3,60.0,3.3,7,0,1,True,False,False,True,4.0
66,3.4,2.1,0.0,1.2,0.9,0.9,1.5,2.4,2.9,5.3,152.3,14.8,93.0,8.2,1,0,1,False,False,False,False,4.0
74,7.4,3.3,3.0,1.1,1.5,4.5,3.9,1.4,1.4,0.0,200.1,7.3,50.0,1.0,8,1,0,True,False,True,False,4.0
63,4.9,1.1,3.7,0.0,0.9,2.1,2.4,2.2,2.9,5.6,137.9,19.2,74.0,8.8,2,1,1,False,False,False,False,4.0
16,5.4,1.9,0.1,1.7,0.3,4.5,4.1,1.2,1.1,0.0,194.5,7.1,49.0,1.0,10,0,1,True,False,False,False,4.0
15,6.7,1.4,2.7,1.3,0.0,3.7,3.5,1.5,1.3,3.7,139.9,25.4,68.0,2.8,6,0,0,True,False,True,False,4.0
62,5.1,2.0,1.9,0.4,1.7,3.6,3.6,1.6,1.3,2.1,210.8,15.5,61.0,5.7,6,0,0,False,False,False,False,3.0
26,4.3,2.5,0.9,0.1,0.9,1.7,2.6,2.5,2.5,5.4,127.8,14.2,77.0,8.4,2,1,1,True,False,True,False,4.0
19,4.5,1.4,1.0,1.3,0.0,4.5,3.7,2.3,0.9,3.0,169.2,20.7,54.0,1.4,7,1,0,True,False,False,True,3.0
51,6.4,1.7,2.2,0.9,2.6,2.4,2.9,1.4,2.0,3.7,295.5,29.3,67.0,7.6,3,0,1,False,False,False,True,4.0
46,6.0,2.9,1.5,1.0,1.7,4.5,4.1,1.3,0.9,0.0,159.6,8.3,53.0,2.4,9,0,1,True,False,False,True,4.0
73,3.2,3.2,0.0,0.9,0.2,1.5,2.1,2.6,3.2,6.4,151.9,24.6,71.0,7.7,2,1,0,True,False,False,True,4.0
69,7.7,2.4,3.8,1.3,0.7,4.3,3.7,1.8,0.8,1.0,163.1,11.9,55.0,3.9,8,0,1,True,False,False,True,3.0
23,7.7,1.9,2.0,1.1,2.4,4.5,4.0,0.0,1.2,0.8,268.3,12.8,48.0,1.0,10,1,0,False,False,False,True,4.0
55,3.6,1.8,1.4,0.3,1.2,0.9,1.1,2.2,2.7,5.8,101.3,30.5,94.0,10.0,1,1,1,False,False,False,False,5.0
49,3.5,2.5,0.7,0.2,1.0,1.3,2.0,2.5,2.6,2.5,189.4,17.8,79.0,5.8,2,0,1,False,False,False,True,4.0
33,6.3,2.2,1.3,0.8,2.2,4.5,3.9,1.1,1.2,0.3,151.3,12.9,59.0,1.0,10,1,1,False,False,True,False,4.0
62,5.5,0.5,2.9,2.0,1.2,2.5,3.5,0.7,2.4,3.4,74.2,23.8,72.0,7.3,4,0,1,True,False,False,True,4.0
30,6.6,2.5,1.8,0.5,2.6,4.5,3.7,1.4,1.2,1.9,162.1,18.6,49.0,1.0,8,1,0,True,False,False,False,4.0
17,5.2,1.2,1.9,0.8,1.0,4.5,3.9,1.2,1.5,0.0,184.5,13.8,42.0,1.6,10,0,0,False,False,False,True,3.0
34,2.5,0.7,0.1,1.1,0.8,1.6,2.6,2.9,2.4,6.3,120.2,34.9,66.0,9.0,2,1,1,True,False,False,False,5.0
38,1.8,0.5,1.1,0.3,1.4,1.0,1.4,2.9,1.9,5.6,171.6,18.5,86.0,9.9,1,1,1,True,False,False,True,4.0
68,5.9,1.8,1.6,1.1,2.4,3.6,3.6,1.6,0.9,2.9,181.6,25.2,71.0,4.4,6,0,0,True,False,False,False,4.0
70,4.2,1.1,2.3,0.6,1.6,2.2,3.2,2.4,2.4,5.7,128.8,15.2,75.0,6.0,3,0,1,True,False,False,True,4.0
47,2.8,0.2,1.0,1.3,1.5,1.6,2.4,2.9,2.7,6.4,231.3,17.6,77.0,8.2,2,1,0,False,True,True,False,4.0
38,3.6,1.7,2.5,0.0,0.6,4.4,3.9,2.0,1.4,0.0,176.3,18.7,59.0,2.2,8,0,0,True,False,True,False,4.0
66,2.7,1.6,0.2,2.0,0.4,1.1,1.4,3.2,3.0,4.9,122.0,36.6,91.0,6.9,1,1,1,False,False,True,False,5.0
25,6.9,1.9,1.6,0.4,2.4,4.5,3.8,0.9,1.1,0.0,222.4,9.0,51.0,1.0,10,1,1,True,False,False,True,4.0
63,5.3,1.4,1.4,0.9,2.5,2.8,3.6,2.0,1.7,3.9,225.9,13.5,72.0,4.8,5,1,1,False,True,False,False,4.0
22,7.1,3.6,0.0,0.6,2.4,4.5,3.9,0.8,1.6,0.7,113.4,7.2,42.0,1.0,10,0,1,True,False,False,True,3.0
50,5.0,2.5,1.4,0.0,2.2,2.2,3.2,2.1,2.7,4.4,177.7,35.4,72.0,6.4,3,0,1,True,False,True,False,5.0
52,4.7,1.6,0.9,1.1,1.8,4.1,3.6,2.2,1.8,1.1,90.3,10.3,56.0,3.5,6,0,0,False,False,True,False,4.0
54,6.2,1.9,3.1,0.4,1.8,3.9,4.0,2.5,2.0,2.3,191.3,13.9,62.0,2.1,7,0,0,False,False,True,False,5.0
34,6.3,3.3,1.0,0.9,1.5,3.6,3.7,1.6,0.7,0.1,237.5,20.4,52.0,6.4,6,0,1,True,False,True,False,3.0
49,5.8,2.9,1.9,0.1,2.0,2.7,3.2,1.9,1.6,7.2,151.6,28.0,80.0,4.8,4,0,1,True,False,False,True,4.0
62,1.7,0.7,0.1,0.4,1.4,1.0,1.0,1.8,2.2,1.7,146.5,33.1,78.0,7.6,1,0,1,True,False,False,True,4.0
39,4.0,1.1,1.8,0.4,2.0,4.0,4.1,1.5,0.7,2.6,52.5,13.7,62.0,3.6,7,1,0,True,False,False,False,4.0
49,4.4,1.3,1.0,0.9,2.3,1.7,2.5,2.7,2.9,4.6,64.1,19.1,88.0,7.2,2,0,0,True,False,False,True,4.0
39,2.4,1.6,0.6,0.8,0.1,1.7,2.0,2.4,2.4,5.8,166.8,32.8,92.0,6.6,2,0,1,False,False,True,False,4.0
43,8.4,1.5,4.6,0.5,2.5,4.4,4.0,1.6,1.5,0.9,50.0,12.9,62.0,1.8,8,1,0,True,False,False,True,4.0
32,4.6,2.0,1.1,0.4,1.3,3.7,3.3,1.5,1.3,5.8,90.2,12.3,77.0,5.0,5,1,0,True,False,False,True,4.0
60,6.8,2.7,1.3,0.8,2.9,4.5,4.0,1.6,1.6,1.1,83.0,17.7,48.0,1.5,9,0,0,False,False,False,False,4.0
32,8.4,2.8,2.5,0.7,2.7,4.5,3.5,0.6,1.2,1.6,84.7,15.3,53.0,1.2,9,0,0,False,True,False,True,4.0
16,4.6,1.7,0.7,0.7,0.4,4.5,3.5,1.5,1.2,0.0,110.2,11.3,59.0,1.0,10,0,0,False,False,False,True,4.0
68,4.5,0.5,1.9,1.8,1.4,3.5,3.7,1.9,1.7,2.1,130.2,16.6,69.0,5.5,5,0,1,True,False,False,True,4.0
49,2.7,1.1,2.1,0.9,0.0,2.7,3.7,1.8,1.7,0.9,171.4,29.1,67.0,6.8,4,1,1,True,False,False,False,5.0
30,5.7,1.5,1.8,1.8,1.0,4.5,4.2,1.3,0.7,0.0,247.6,8.9,46.0,1.0,9,0,1,False,False,True,False,3.0
55,6.0,0.9,4.0,0.6,1.8,1.6,2.3,2.0,1.8,3.5,157.5,14.2,74.0,7.5,2,1,1,True,False,False,True,4.0
50,5.7,3.0,0.6,0.6,2.2,3.0,3.6,1.7,2.4,5.8,119.9,19.4,76.0,6.7,4,1,1,True,False,True,False,3.0
47,5.2,0.9,3.2,0.3,1.5,2.7,3.6,0.9,1.4,3.3,171.4,23.9,66.0,4.7,5,1,1,False,False,False,True,4.0
18,7.8,2.6,2.0,0.8,1.8,4.5,4.0,1.4,0.8,0.4,17.8,14.4,47.0,1.0,10,0,0,False,False,False,False,3.0
47,3.4,0.5,2.5,0.4,0.7,2.8,3.3,2.0,1.7,3.9,224.7,16.7,70.0,5.3,4,1,0,False,False,True,False,4.0
28,5.8,2.6,1.9,0.3,1.4,4.5,4.1,1.7,0.6,0.0,172.5,8.1,53.0,1.0,8,0,0,True,False,False,False,4.0
35,5.7,1.9,3.6,0.0,0.8,4.1,4.0,1.2,1.3,2.2,224.4,11.8,58.0,3.4,7,0,0,True,False,True,False,3.0
62,6.7,3.4,1.1,1.5,1.7,4.4,4.0,1.1,1.2,0.0,167.8,17.4,51.0,3.8,8,1,1,False,True,True,False,4.0
34,5.4,1.0,2.0,0.4,2.8,4.5,3.6,1.2,1.2,0.4,52.8,14.2,53.0,3.0,8,0,0,True,False,False,True,4.0
70,6.6,1.5,2.9,1.5,1.3,3.3,3.8,1.4,1.3,2.1,169.7,24.1,70.0,4.4,5,0,1,False,False,False,True,4.0
22,3.8,1.7,0.9,0.5,0.0,4.5,4.0,1.8,1.7,0.0,67.1,17.8,44.0,1.0,9,0,1,False,False,True,False,3.0
21,7.7,1.9,2.6,1.0,1.6,4.5,4.0,1.1,1.4,0.0,240.7,10.1,47.0,1.0,10,0,0,False,False,False,True,4.0
17,7.0,1.7,1.5,0.6,2.1,4.5,3.2,1.5,1.6,0.6,150.3,7.1,56.0,1.0,9,0,0,True,False,False,False,3.0
31,2.4,1.7,0.1,0.8,0.5,0.9,0.9,2.5,2.4,6.1,135.6,38.4,79.0,9.8,1,1,0,True,False,False,True,4.0
47,2.8,1.7,0.0,0.0,2.6,4.1,3.9,1.5,1.7,0.0,240.0,11.1,50.0,4.8,6,0,0,False,False,False,True,5.0
62,3.0,0.2,1.4,1.3,0.8,2.0,3.4,2.3,1.9,8.4,170.0,21.7,76.0,6.6,3,0,0,False,False,False,True,5.0
26,6.3,2.9,2.6,0.4,0.6,4.5,3.7,1.6,1.1,0.0,184.9,20.8,53.0,1.9,8,1,0,False,False,False,True,4.0
73,5.0,4.6,0.0,1.2,0.0,3.0,3.4,1.8,1.8,6.5,211.9,18.9,74.0,5.4,4,1,1,True,False,False,True,4.0
65,4.7,2.3,1.7,0.0,1.7,2.7,3.1,0.9,1.4,2.5,52.7,20.1,72.0,4.5,5,1,0,True,False,True,False,3.0
36,5.8,1.0,2.5,0.1,3.2,4.3,3.9,2.0,1.5,1.3,178.1,17.7,55.0,1.2,9,0,0,False,False,False,False,3.0
69,2.6,1.1,0.1,0.8,1.8,2.6,3.3,1.2,1.9,5.8,176.6,22.6,80.0,5.5,4,1,1,False,False,False,False,4.0
36,3.5,2.6,0.8,0.5,0.7,1.1,1.1,2.7,1.9,5.2,201.3,40.4,85.0,7.7,1,0,1,False,False,False,False,5.0
60,6.2,2.3,2.1,0.9,1.9,4.5,4.2,1.3,1.8,1.9,158.9,9.9,51.0,1.1,9,1,1,True,False,False,True,4.0
44,6.0,1.7,2.4,0.7,2.2,4.5,4.0,1.6,1.4,1.3,113.7,7.2,59.0,1.6,9,0,1,False,False,False,True,4.0
52,9.1,2.7,3.3,1.7,2.6,4.5,3.9,1.1,1.7,0.0,87.6,8.4,46.0,1.0,10,0,0,False,False,False,True,4.0
52,1.4,0.2,0.9,0.9,0.2,1.7,2.4,3.0,2.4,7.8,124.7,36.1,83.0,10.0,2,1,0,False,False,True,False,5.0
59,5.8,2.7,0.6,0.3,3.0,4.5,4.2,1.0,1.0,0.0,139.0,10.1,48.0,1.0,9,0,0,True,False,False,True,4.0
65,6.6,2.2,3.3,0.4,1.6,4.1,3.6,2.1,0.9,1.5,146.3,20.7,64.0,2.2,7,0,0,True,False,False,True,4.0
68,5.2,1.1,0.7,1.3,3.2,3.1,3.4,1.5,1.4,3.8,156.8,16.3,68.0,6.8,5,1,0,False,False,True,False,4.0
22,5.2,0.7,2.1,0.0,1.6,4.5,3.6,1.1,1.4,0.0,184.8,14.9,50.0,1.4,10,1,1,True,False,True,False,4.0
41,8.1,2.1,3.9,0.9,2.0,4.5,3.9,2.0,1.0,0.0,194.3,10.2,52.0,4.4,8,0,0,True,False,False,False,4.0
41,4.6,3.3,2.3,0.0,0.5,3.8,3.8,1.7,1.0,0.0,199.3,9.4,70.0,4.0,6,0,1,False,False,True,False,4.0
48,7.0,1.8,2.4,1.3,2.4,4.5,3.8,0.7,1.4,0.0,134.9,15.6,58.0,1.0,9,0,0,True,False,False,True,3.0
35,4.2,1.2,2.9,0.3,0.3,3.2,3.9,1.6,1.4,3.2,217.9,19.7,69.0,4.9,5,1,1,False,False,True,False,5.0
44,6.1,2.2,2.1,0.9,1.7,3.9,3.9,1.9,1.3,3.4,137.1,23.2,61.0,4.6,6,0,0,True,False,True,False,5.0
47,6.9,3.6,2.4,0.6,1.0,4.4,3.7,1.6,0.5,1.9,123.0,15.0,54.0,3.2,8,0,0,False,False,True,False,3.0
42,3.6,2.4,1.1,0.0,1.3,3.3,3.4,2.0,1.0,1.7,60.4,18.7,80.0,6.0,5,1,1,False,True,False,True,3.0
61,7.8,2.5,2.8,1.0,2.5,4.5,3.7,1.4,0.8,0.0,176.7,12.3,50.0,1.0,9,1,1,True,False,True,False,3.0
47,5.3,3.1,2.0,0.2,1.0,2.3,2.9,2.6,2.0,4.4,140.5,28.3,67.0,7.7,3,0,1,True,False,False,True,4.0
19,6.7,2.4,0.0,1.1,2.5,4.5,4.3,0.8,0.8,1.0,110.5,9.3,45.0,1.0,10,0,1,True,False,True,False,3.0
74,3.0,1.3,1.8,0.0,1.0,1.5,2.2,2.9,2.4,7.7,96.0,31.9,80.0,7.1,2,1,1,True,False,True,False,4.0
62,1.3,0.4,0.0,0.7,1.5,1.9,2.4,2.3,2.2,3.6,216.5,16.6,86.0,8.1,2,1,1,False,False,False,False,5.0
33,6.9,1.2,2.3,0.6,3.5,3.6,3.6,1.5,2.2,7.3,119.9,23.6,68.0,2.8,5,1,1,False,False,False,True,4.0
18,4.5,1.0,1.2,0.2,1.5,4.5,3.6,0.8,1.3,2.2,169.1,13.6,63.0,1.0,9,0,0,True,False,False,False,5.0
49,8.0,2.6,3.6,1.4,1.3,4.5,4.1,0.8,1.0,0.0,145.9,13.7,43.0,1.0,10,1,1,True,False,False,True,4.0
63,5.8,2.7,2.0,0.6,1.5,3.1,3.5,1.6,1.9,1.9,139.6,16.1,64.0,5.4,5,1,1,True,False,False,False,4.0
31,5.1,2.2,2.5,0.3,1.1,4.0,3.7,1.0,1.2,2.1,167.7,12.3,56.0,4.4,7,0,0,False,False,False,True,4.0
58,1.7,0.9,0.3,0.8,0.4,2.6,3.4,2.2,1.7,7.6,208.0,26.0,71.0,5.6,4,1,0,True,False,False,True,5.0
42,8.5,3.6,2.3,0.0,3.5,4.5,3.9,0.9,0.7,0.6,69.1,6.9,44.0,1.0,10,0,0,False,False,False,True,3.0
44,4.4,1.6,0.8,2.1,1.0,2.9,3.8,1.7,1.5,3.5,145.4,28.7,69.0,4.2,5,0,1,False,False,True,False,3.0
43,4.1,2.5,2.7,0.0,0.0,3.7,3.6,1.5,1.1,1.5,72.8,21.8,59.0,4.1,6,0,0,False,False,False,False,5.0
60,3.1,2.0,0.3,0.9,1.2,0.8,1.3,2.4,3.3,2.6,162.4,34.1,82.0,10.0,1,1,0,True,False,True,False,5.0
67,5.2,2.2,1.6,0.6,1.8,3.5,3.7,0.7,0.8,8.3,92.6,28.3,64.0,6.9,5,1,1,False,False,True,False,4.0
20,6.1,2.5,0.2,1.3,1.2,4.5,3.7,1.1,1.1,1.8,200.0,10.6,49.0,1.0,10,0,0,True,False,False,True,4.0
49,4.5,1.4,1.6,0.7,1.4,2.6,3.4,2.1,1.4,5.0,77.5,31.9,74.0,5.8,4,0,1,True,False,True,False,4.0
74,7.3,3.2,3.7,0.2,1.2,3.2,3.4,1.5,1.3,3.6,95.8,15.5,66.0,4.2,5,0,1,False,False,False,True,3.0
55,3.7,0.6,2.3,0.0,1.8,3.4,3.7,1.0,1.1,1.7,19.4,17.2,77.0,4.3,5,1,0,False,False,True,False,4.0
51,4.1,1.1,1.5,0.0,2.2,4.1,3.4,2.1,1.0,0.0,180.8,20.6,53.0,2.8,7,1,0,True,False,False,True,4.0
38,3.6,3.2,0.0,0.5,1.2,1.8,3.3,2.6,1.5,5.5,257.2,26.4,72.0,6.2,3,1,1,True,False,True,False,4.0
43,7.8,2.5,0.9,1.4,4.0,4.5,3.8,1.7,0.9,0.0,109.6,14.9,56.0,2.6,8,0,0,True,False,True,False,4.0
63,7.5,4.3,2.0,0.0,2.4,4.1,3.9,1.8,1.4,0.0,60.6,13.9,51.0,3.6,8,0,0,True,False,True,False,4.0
60,5.1,2.1,0.9,1.7,1.4,4.5,4.0,2.2,1.1,0.0,191.8,15.6,48.0,3.6,8,0,0,True,False,True,False,4.0
67,7.2,3.5,3.1,1.3,0.1,3.1,3.3,1.9,1.8,3.4,165.3,21.7,59.0,5.2,4,1,1,True,False,True,False,4.0
45,2.0,0.3,1.6,0.0,1.5,0.9,1.1,2.9,3.0,3.9,69.0,37.8,87.0,8.9,1,1,1,True,False,True,False,5.0
49,4.9,0.7,2.7,0.0,2.2,4.5,4.0,2.2,1.3,1.8,184.7,13.8,58.0,3.6,8,1,1,False,False,False,False,4.0
74,5.8,2.8,1.7,0.0,2.2,2.6,3.6,1.8,1.4,4.4,222.6,14.1,81.0,6.5,4,1,0,False,False,True,False,5.0
47,1.4,0.4,1.2,0.8,0.0,0.8,1.4,2.2,3.0,6.1,164.3,21.1,88.0,10.0,1,1,1,False,False,False,True,5.0
66,4.2,1.8,1.0,0.6,1.5,2.7,3.3,2.8,1.6,3.7,151.0,30.9,72.0,6.6,4,1,1,True,False,False,False,3.0
35,3.7,3.1,0.4,0.5,0.9,4.5,4.2,1.8,1.5,0.0,184.2,14.2,56.0,2.0,9,0,1,False,False,True,False,4.0
46,7.1,2.5,2.7,0.3,2.9,4.4,4.3,2.1,1.3,2.8,69.6,9.5,61.0,1.5,8,0,1,False,False,False,True,3.0
37,3.9,2.0,1.0,0.7,1.5,2.9,3.3,1.5,1.5,4.6,130.8,21.7,77.0,5.4,4,1,1,False,False,False,False,5.0
47,3.9,1.6,2.1,1.1,0.0,3.7,3.8,1.6,0.6,1.2,107.5,20.3,63.0,2.1,6,0,0,False,False,False,True,4.0
17,6.2,2.2,0.9,0.5,1.8,4.5,4.0,0.3,1.4,0.0,129.7,10.3,46.0,1.0,10,0,0,False,False,False,True,4.0
32,2.2,2.5,0.3,0.2,0.0,2.2,3.3,2.0,2.1,7.8,146.0,35.7,74.0,6.6,3,1,1,False,False,True,False,5.0
39,5.4,1.4,2.1,1.2,1.9,2.2,3.1,2.0,2.5,2.5,176.5,24.3,72.0,5.1,3,0,0,True,False,True,False,3.0
56,6.5,2.3,0.7,0.5,4.0,4.5,4.1,1.1,1.1,2.0,154.6,17.1,50.0,1.9,9,0,1,False,False,False,True,4.0
45,6.8,3.0,1.1,0.9,2.8,4.4,4.3,1.0,0.9,0.0,139.0,18.8,57.0,2.0,8,0,0,False,False,True,False,3.0
68,2.7,1.8,0.1,0.5,1.7,2.6,3.0,1.6,1.7,7.2,212.0,26.4,80.0,6.7,3,1,1,False,False,True,False,4.0
72,3.8,2.1,1.0,1.3,0.7,0.5,1.4,2.9,2.4,4.6,177.8,24.9,84.0,8.9,1,0,1,False,False,False,False,5.0
17,8.6,2.4,1.5,1.3,2.7,4.5,4.0,1.0,1.6,0.0,172.2,15.0,53.0,1.1,10,0,0,True,False,False,False,3.0
54,6.2,2.5,1.2,1.3,2.0,4.5,4.0,1.3,1.1,0.2,236.2,5.9,48.0,1.0,10,1,1,True,False,False,True,3.0
60,5.5,2.8,2.4,0.3,1.1,4.5,3.7,0.9,1.4,0.0,143.1,16.1,48.0,1.0,9,1,0,False,False,False,True,4.0
38,2.6,1.1,1.7,0.3,0.9,4.1,3.6,1.8,0.7,0.0,186.6,18.0,57.0,2.5,7,0,1,False,False,False,True,5.0
64,7.0,1.5,4.9,1.1,0.5,3.1,3.3,1.4,0.9,3.1,270.6,21.6,56.0,6.5,5,0,1,False,False,False,False,3.0
46,5.0,1.6,2.0,0.6,1.8,4.3,3.9,1.7,1.2,0.0,188.9,23.9,66.0,2.2,7,1,0,True,False,True,False,4.0
61,1.4,1.2,0.0,0.6,1.0,1.0,1.4,2.3,3.0,7.2,94.3,22.8,83.0,9.3,1,0,0,True,False,False,True,5.0
36,2.2,0.4,1.3,0.2,1.6,3.5,3.6,0.8,2.3,1.9,152.8,9.5,64.0,3.4,6,0,0,False,False,False,True,5.0
37,4.5,0.2,1.4,1.4,2.3,3.8,3.7,1.7,0.4,2.3,197.8,20.0,61.0,1.0,7,1,1,False,False,True,False,5.0
16,6.7,3.1,0.8,1.2,1.0,4.5,3.9,0.9,0.7,1.1,224.0,7.1,43.0,1.0,9,0,0,False,False,False,True,4.0
41,3.9,0.6,1.6,0.5,2.0,3.4,3.9,1.1,1.8,2.5,151.3,16.0,72.0,3.9,5,1,0,True,False,False,False,5.0
56,5.6,3.4,0.8,0.2,2.6,4.5,3.8,1.4,0.6,1.7,276.2,21.0,65.0,2.3,8,0,0,False,False,True,False,5.0
16,7.2,2.7,1.9,0.2,1.8,4.5,4.3,1.1,1.3,0.0,105.9,8.6,47.0,1.0,10,0,1,True,False,False,True,4.0
40,3.4,1.6,0.0,0.7,2.1,0.9,0.7,1.9,2.8,6.0,149.9,27.3,84.0,7.2,1,1,0,False,False,False,False,4.0
31,7.3,2.6,2.8,0.8,1.8,4.5,4.1,1.2,1.5,0.0,176.0,9.7,43.0,1.0,9,0,0,True,False,False,True,3.0
54,2.8,2.4,0.0,0.1,1.4,3.2,3.4,0.8,1.9,2.4,0.0,29.2,68.0,4.8,5,0,0,True,False,False,True,4.0
47,3.4,1.0,1.2,0.0,2.2,4.1,3.8,2.0,1.2,3.0,197.1,12.3,59.0,5.1,7,0,0,False,False,False,True,4.0
23,6.7,2.0,0.7,0.6,3.0,4.5,3.8,1.9,1.6,1.6,131.0,13.7,53.0,1.0,9,0,0,False,False,False,False,5.0
57,5.1,1.1,1.8,1.1,2.3,3.9,3.7,1.8,1.4,10.0,177.6,10.3,74.0,5.0,6,1,1,True,False,False,True,4.0
68,4.8,2.6,1.3,0.6,1.2,2.7,3.3,2.1,1.5,2.2,170.3,12.2,77.0,4.5,4,0,1,False,False,False,True,4.0
62,3.9,1.4,1.8,0.5,1.2,3.2,3.5,2.5,0.9,2.3,141.8,10.5,73.0,4.6,5,1,1,True,False,False,True,4.0
53,4.9,1.9,2.7,0.0,1.3,2.9,3.6,0.6,1.1,2.4,220.3,27.7,54.0,3.4,5,1,0,True,False,True,False,4.0
43,5.7,1.9,2.3,0.2,2.3,4.5,4.0,0.9,0.8,0.0,172.4,5.7,46.0,1.0,10,0,0,True,False,False,True,5.0
56,4.4,2.1,1.5,1.1,0.9,4.5,3.7,1.5,2.1,0.0,196.0,11.8,57.0,1.9,8,0,0,True,False,False,True,5.0
69,4.6,3.5,2.0,0.0,0.4,3.4,3.6,1.7,1.4,0.0,161.6,17.8,53.0,2.3,6,0,0,False,False,False,False,4.0
40,8.0,1.8,3.7,1.7,1.9,4.5,4.2,1.1,0.8,1.6,233.9,10.7,45.0,1.9,9,0,0,True,False,False,True,3.0
49,6.4,3.1,2.4,0.7,1.4,2.6,3.4,1.8,1.7,5.2,197.0,17.3,76.0,6.5,4,1,0,False,False,False,False,3.0
64,5.5,2.4,1.2,0.0,2.9,2.8,3.4,1.9,0.9,2.5,94.2,28.2,68.0,6.9,4,0,0,False,False,False,True,4.0
39,6.0,3.3,2.9,0.9,0.0,4.5,3.8,1.5,0.9,0.1,213.0,17.1,58.0,1.2,9,0,1,True,False,True,False,4.0
38,5.1,1.7,1.9,0.9,1.6,1.9,3.0,1.5,1.4,5.0,174.0,29.6,70.0,5.9,3,1,1,False,False,False,True,4.0
27,4.3,2.6,0.4,0.3,1.0,1.4,2.2,2.8,2.4,4.6,121.3,14.5,83.0,8.9,2,0,1,True,False,True,False,4.0
74,6.0,1.9,1.3,1.2,2.2,3.3,3.7,1.2,0.8,0.0,72.5,22.6,71.0,4.1,5,0,0,False,False,True,False,5.0
72,1.0,0.2,0.0,0.2,1.1,1.0,1.2,2.4,2.5,5.0,205.1,27.6,84.0,7.4,1,1,0,True,False,False,False,5.0
21,3.4,1.0,0.0,1.0,0.8,4.0,3.9,1.4,0.7,1.4,181.8,20.8,60.0,1.5,8,0,0,True,False,False,True,4.0
71,4.6,2.5,0.5,0.6,2.3,1.7,2.8,2.7,2.2,3.2,111.1,29.4,79.0,7.8,2,0,1,True,False,False,True,5.0
50,6.1,2.5,1.6,0.4,2.7,4.0,4.0,1.0,0.6,1.5,140.9,10.5,60.0,3.1,7,0,1,True,False,False,True,3.0
59,3.9,0.8,1.6,1.4,1.3,1.7,2.3,3.0,2.4,6.1,160.9,16.1,83.0,7.1,2,1,1,True,False,False,True,5.0
34,4.0,2.2,0.0,1.2,1.3,2.3,3.0,3.0,2.6,3.8,125.6,15.4,72.0,8.5,3,0,1,False,False,False,False,5.0
15,5.8,2.5,0.0,0.0,2.7,4.5,4.2,1.5,1.7,1.7,124.0,11.0,60.0,2.5,8,0,1,False,False,True,False,5.0
22,9.3,2.0,3.1,0.8,2.6,4.0,3.6,1.2,0.4,2.0,143.2,20.5,51.0,3.7,7,1,0,False,False,True,False,2.0
60,7.5,2.7,1.6,1.7,2.4,4.5,4.0,0.2,0.8,0.0,227.8,11.5,44.0,1.1,10,0,0,False,False,False,False,4.0
30,8.2,2.5,3.2,1.4,1.0,4.5,3.9,1.5,1.4,2.5,196.8,14.6,56.0,2.3,8,0,0,True,False,True,False,3.0
28,6.2,2.0,3.1,0.1,0.7,4.0,3.9,1.4,0.8,1.1,135.1,18.5,61.0,3.3,7,1,0,True,False,True,False,4.0
26,8.3,1.5,2.3,1.6,3.0,2.6,3.3,2.0,2.0,3.9,200.1,28.5,68.0,5.8,4,1,1,True,False,False,False,4.0
65,7.0,2.9,1.6,1.2,2.0,2.4,2.9,2.5,2.2,4.6,139.9,15.3,70.0,6.8,3,0,1,True,False,True,False,4.0
37,3.1,2.4,1.1,0.0,0.7,2.3,2.6,1.5,2.2,3.1,181.3,29.6,81.0,7.6,3,0,0,False,False,False,True,5.0
29,4.9,0.8,2.3,0.7,1.3,4.3,4.0,1.6,0.4,0.0,210.0,20.4,60.0,1.8,7,1,1,False,False,False,False,4.0
42,5.3,2.2,1.3,0.9,1.5,2.3,2.8,1.8,2.5,3.9,143.4,35.2,68.0,6.0,3,1,1,True,False,False,True,3.0
48,2.0,1.0,0.9,0.0,1.3,1.2,2.7,2.6,2.9,6.7,49.5,37.0,74.0,10.0,2,0,0,True,False,False,False,4.0
16,4.2,1.1,0.0,1.0,1.1,4.4,3.9,0.6,0.9,2.6,181.5,19.7,59.0,1.8,8,0,1,False,False,False,True,4.0
46,6.0,1.4,1.4,2.1,2.6,3.7,3.6,0.9,1.3,1.5,178.7,22.7,62.0,7.3,6,1,1,False,False,True,False,4.0
37,7.2,2.0,2.7,1.4,1.9,4.5,3.7,0.6,1.0,0.0,123.0,6.5,47.0,1.0,10,1,1,True,False,False,False,3.0
36,9.1,2.3,2.9,0.7,3.7,4.5,3.9,1.1,1.1,0.0,180.6,12.2,52.0,1.0,10,0,1,False,False,False,True,4.0
65,5.4,1.6,1.6,0.4,2.7,2.7,3.5,1.4,2.1,6.1,164.4,22.1,77.0,5.2,4,0,1,False,False,False,True,4.0
39,3.8,1.7,0.5,0.8,1.5,3.8,4.0,2.0,0.8,0.2,151.8,13.2,51.0,2.7,7,1,0,True,False,True,False,4.0
72,6.1,1.5,2.5,0.0,2.8,4.0,3.7,1.2,1.3,0.7,161.2,12.5,62.0,1.1,7,0,0,True,False,False,False,5.0
36,5.3,2.9,1.5,0.3,1.8,4.4,4.5,1.5,1.3,0.0,98.6,15.7,53.0,2.1,8,1,0,False,False,False,True,4.0
72,4.2,0.2,1.1,0.0,3.8,0.9,1.5,2.3,3.1,4.4,105.9,24.8,87.0,8.2,1,1,0,False,False,False,False,4.0
72,2.8,1.7,0.0,0.9,1.1,2.5,3.3,2.5,2.1,3.1,124.4,23.2,72.0,6.5,3,0,1,False,False,False,False,4.0
36,8.2,3.4,3.8,0.4,1.9,4.5,4.0,1.9,0.7,1.4,59.4,9.1,41.0,1.0,9,0,0,True,False,True,False,3.0
63,6.0,2.5,2.3,1.0,0.8,3.8,3.6,1.9,1.1,1.4,160.2,16.1,60.0,2.9,6,0,1,True,False,False,True,4.0
66,6.1,3.1,2.4,0.7,1.0,3.5,3.8,2.1,1.3,1.8,131.6,17.5,59.0,1.2,6,1,0,False,False,False,True,4.0
56,1.0,0.2,0.6,0.0,1.1,0.9,1.2,2.5,3.1,2.7,143.2,26.0,81.0,8.9,1,0,1,False,False,True,False,5.0
20,6.4,0.9,1.6,0.7,2.6,4.5,4.1,0.5,1.3,0.0,140.3,7.1,51.0,1.0,10,0,1,True,False,False,False,4.0
29,5.5,2.5,1.4,0.2,1.6,3.9,3.7,1.3,0.7,3.0,113.9,11.8,58.0,2.3,6,0,0,False,False,False,True,3.0
68,7.1,3.4,2.4,1.6,0.0,3.4,3.6,1.0,0.8,3.8,207.2,29.4,76.0,4.4,5,0,1,False,False,False,True,4.0
57,4.4,1.0,3.0,0.1,1.5,3.4,3.3,1.6,1.1,4.2,122.6,12.9,71.0,4.6,5,1,0,False,False,False,True,5.0
74,1.0,1.7,0.0,0.3,0.4,1.0,1.3,2.4,2.5,2.6,122.1,18.1,73.0,9.4,1,1,0,False,False,False,True,5.0
51,2.7,2.4,0.3,0.0,1.0,4.0,3.7,1.2,0.7,1.3,146.0,22.9,60.0,2.3,7,0,1,False,False,False,True,4.0
47,4.3,0.7,2.2,0.0,2.6,2.3,3.0,2.1,0.9,4.4,216.0,21.3,66.0,7.4,3,1,0,True,False,True,False,4.0
22,4.6,2.5,0.9,0.6,0.1,4.5,3.9,0.5,0.7,0.4,179.3,6.5,56.0,1.9,9,0,0,False,False,True,False,4.0
67,2.0,0.2,2.4,0.0,0.2,1.2,1.0,2.7,2.7,6.0,127.1,25.9,79.0,8.1,1,1,1,True,False,True,False,5.0
74,2.7,2.4,1.1,0.5,0.0,3.2,3.3,1.0,2.2,11.0,178.2,26.6,78.0,4.8,4,0,1,False,False,False,True,5.0
58,2.0,1.1,0.1,0.9,1.0,1.5,2.2,2.5,2.9,5.8,179.4,28.8,82.0,6.8,2,1,1,True,False,True,False,3.0
58,1.0,1.6,0.0,0.3,0.0,2.1,2.4,2.6,2.8,6.5,95.3,28.5,82.0,8.5,2,1,1,False,False,True,False,4.0
19,5.2,2.6,2.0,0.0,0.0,4.3,3.7,1.2,1.2,0.8,184.4,24.0,59.0,2.6,7,0,0,True,False,False,True,4.0
53,6.1,2.4,2.1,1.4,1.2,4.5,4.1,1.1,1.8,1.2,122.9,11.1,49.0,1.0,9,0,0,True,False,True,False,3.0
18,8.0,2.0,2.6,0.8,1.7,4.5,4.1,1.3,1.0,2.6,198.0,8.4,52.0,1.1,9,1,0,True,False,True,False,3.0
20,6.8,2.9,1.9,0.8,0.5,4.5,3.9,0.4,1.3,0.0,111.9,9.0,52.0,1.0,10,0,1,True,False,False,True,3.0
59,1.8,0.5,0.0,0.5,1.8,1.9,2.3,2.7,2.3,5.3,85.2,32.5,78.0,8.5,2,1,1,False,False,False,True,5.0
46,6.0,2.2,2.1,1.1,1.5,4.2,4.0,2.3,1.0,0.0,144.7,14.8,53.0,1.5,8,0,1,False,False,False,True,4.0
66,3.2,1.3,0.0,1.2,1.9,2.2,2.9,2.1,2.4,4.2,108.8,23.8,72.0,6.3,3,0,1,False,False,False,True,5.0
44,3.0,2.8,0.0,1.2,0.4,1.8,2.4,2.9,2.1,4.4,148.7,23.6,76.0,7.7,2,1,1,True,False,False,True,4.0
61,5.5,2.6,0.0,0.8,3.4,4.3,4.0,1.8,1.4,1.4,82.1,23.6,56.0,3.3,7,0,0,True,False,False,True,4.0
49,1.7,2.7,0.0,0.0,0.3,1.8,2.6,2.4,2.1,6.2,222.1,30.2,83.0,7.6,2,1,1,True,False,False,True,5.0
69,6.2,3.5,1.8,0.8,0.8,3.0,3.6,1.7,1.8,5.1,128.6,27.2,70.0,5.1,4,1,1,True,False,False,False,4.0
54,5.0,3.0,0.7,0.8,1.9,3.0,3.7,1.4,1.6,5.9,116.9,20.4,69.0,6.1,5,0,1,False,False,False,True,4.0
66,2.9,1.9,0.0,0.3,1.5,1.5,2.2,2.6,2.7,3.4,133.6,27.1,75.0,7.1,2,1,1,True,False,True,False,5.0
30,5.3,2.0,1.5,0.1,2.2,2.5,3.2,2.2,2.0,5.6,151.6,19.0,71.0,5.7,3,1,1,True,False,True,False,4.0
27,5.1,2.5,0.3,0.9,1.1,2.8,3.4,2.1,1.2,6.0,118.5,15.9,70.0,5.5,4,0,1,True,False,False,True,3.0
64,4.4,2.1,2.6,0.6,0.2,4.5,4.0,0.6,1.6,0.0,213.4,12.4,46.0,1.0,10,0,1,True,False,False,False,5.0
74,5.1,2.6,3.1,0.4,0.0,3.5,3.1,1.2,1.5,3.4,213.1,11.2,70.0,3.8,5,0,1,False,False,False,True,5.0
56,5.4,0.2,1.3,1.6,3.2,4.4,4.3,2.0,0.5,1.4,94.8,20.6,51.0,1.9,8,1,0,False,False,False,True,4.0
44,8.1,3.7,3.0,1.0,1.1,4.5,4.3,0.9,2.2,0.0,118.5,13.8,51.0,1.0,10,0,1,True,False,True,False,3.0
33,6.3,2.1,3.0,0.9,1.2,4.5,3.7,1.5,1.4,0.0,236.2,18.2,49.0,3.1,8,1,0,True,False,True,False,4.0
31,5.9,0.5,1.6,1.3,3.2,4.5,3.9,0.3,1.6,0.0,82.9,14.0,51.0,1.0,9,1,1,True,False,False,True,4.0
70,5.4,1.2,3.4,0.8,0.9,3.8,3.7,2.1,1.1,2.5,161.1,20.7,62.0,4.6,6,1,0,True,False,False,True,3.0
33,1.5,0.2,0.8,0.2,1.4,0.9,1.0,2.4,3.4,3.6,144.8,34.8,82.0,8.6,1,1,1,True,False,False,True,5.0
42,1.0,1.0,0.0,0.4,0.4,0.6,1.1,2.7,2.2,5.5,144.3,39.6,82.0,9.1,1,1,0,False,False,False,False,5.0
72,2.1,1.9,0.0,1.0,0.1,0.8,1.7,2.4,2.8,4.0,77.8,28.5,93.0,8.1,1,0,0,False,False,False,True,5.0
69,7.7,3.4,0.8,1.0,3.3,4.5,4.0,1.1,1.3,1.6,186.4,6.7,55.0,1.0,10,0,0,False,False,False,True,4.0
40,7.8,2.4,2.1,0.9,3.3,3.4,4.1,1.9,0.8,3.1,166.6,10.6,67.0,3.7,6,1,0,True,False,False,False,2.0
51,3.8,2.2,0.2,0.0,2.4,3.4,3.6,1.1,1.2,8.5,71.0,20.6,80.0,4.4,5,0,1,True,False,True,False,4.0
40,4.2,1.0,0.8,1.1,2.4,4.1,3.3,2.2,1.2,1.1,76.4,20.7,66.0,3.2,6,0,0,False,False,False,True,5.0
67,3.6,1.3,0.1,0.6,2.2,1.9,2.3,1.9,1.8,2.2,152.0,35.7,74.0,7.0,2,0,0,False,False,False,True,4.0
37,3.2,1.3,0.8,1.0,0.7,3.9,3.8,1.5,1.4,0.7,114.7,25.3,58.0,4.0,6,0,0,False,False,False,False,4.0
23,6.7,1.4,3.0,0.1,1.7,4.5,3.9,0.4,0.9,0.2,218.9,12.1,53.0,1.0,10,1,0,True,False,False,True,3.0
26,6.3,1.7,1.9,1.8,0.9,4.5,3.6,1.5,1.0,0.5,163.3,16.9,54.0,1.0,9,1,1,False,False,False,True,4.0
67,2.1,1.8,0.9,0.7,0.0,3.5,3.8,2.1,1.8,1.6,146.4,28.3,67.0,4.1,5,0,0,True,False,False,True,4.0
15,8.4,1.7,2.8,0.3,2.5,4.5,3.8,1.4,1.3,0.0,164.3,9.5,45.0,1.8,9,0,1,False,False,False,True,4.0
72,4.6,1.4,1.5,1.0,2.0,2.9,3.3,1.4,1.4,1.7,214.3,19.3,70.0,4.6,4,0,0,False,False,False,False,4.0
72,3.6,2.1,1.6,1.1,0.1,2.7,3.5,1.4,1.6,6.3,96.5,29.3,78.0,6.8,4,0,1,False,False,False,False,4.0
15,7.4,1.7,2.8,1.0,1.0,4.5,3.8,1.6,0.9,0.0,168.2,14.9,50.0,1.0,10,1,1,True,False,False,True,4.0
61,3.3,0.6,1.1,0.0,2.5,2.3,3.0,1.8,1.8,3.3,63.1,15.2,71.0,7.9,3,1,1,False,False,False,True,5.0
48,6.7,2.0,2.5,1.3,1.5,3.7,3.9,1.3,0.9,0.0,168.5,21.5,49.0,2.5,7,0,0,True,False,False,True,4.0
46,3.8,1.9,2.4,0.4,0.0,3.1,4.0,1.2,1.3,3.5,79.1,15.1,70.0,6.0,5,1,0,True,False,False,True,5.0
68,1.8,0.6,1.3,0.6,0.2,0.4,1.2,2.4,2.4,5.4,167.5,30.7,79.0,10.0,1,0,1,True,False,True,False,5.0
62,4.0,1.5,0.0,0.0,3.3,2.4,3.5,1.4,1.2,3.9,25.7,21.8,72.0,6.2,4,0,0,False,False,True,False,4.0
39,5.0,2.5,1.5,0.3,1.5,4.1,3.8,1.3,1.1,1.6,138.1,16.4,49.0,2.0,8,0,1,True,False,False,True,3.0
54,5.5,1.0,2.8,0.3,2.5,4.5,4.2,1.5,0.8,2.8,179.2,19.5,49.0,3.0,8,0,1,True,False,False,True,3.0
59,6.6,0.9,2.4,0.9,3.2,3.5,3.4,1.6,0.8,1.7,207.1,16.4,57.0,3.9,6,1,1,False,False,True,False,3.0
67,5.6,1.7,3.4,0.3,0.9,3.7,3.5,1.6,0.9,2.4,98.1,22.0,62.0,3.0,6,0,0,True,False,False,True,4.0
15,6.5,2.6,1.0,0.0,1.8,4.5,4.0,0.1,1.1,0.9,130.0,10.4,53.0,1.0,10,0,1,False,False,False,False,3.0
30,6.4,3.6,2.4,0.7,0.0,3.4,3.7,1.2,0.7,2.5,154.8,18.7,60.0,4.2,6,0,0,True,False,False,False,3.0
53,3.3,2.6,0.4,0.4,0.8,0.6,1.4,2.5,3.4,5.0,241.8,38.9,83.0,8.6,1,0,1,True,False,False,True,5.0
19,7.8,3.0,1.7,0.2,2.0,4.5,4.1,0.8,1.3,0.0,182.5,12.9,54.0,1.0,10,0,1,False,False,False,True,4.0
36,5.4,2.3,2.7,0.7,1.2,3.3,3.3,1.5,1.2,5.0,101.1,17.6,71.0,5.2,5,0,1,True,False,False,True,4.0
43,4.9,1.4,2.5,0.0,1.9,3.5,3.8,1.0,0.9,4.7,167.4,19.5,71.0,4.1,5,0,1,True,False,False,True,5.0
69,6.8,2.6,1.6,1.0,2.3,3.5,3.9,1.6,1.4,0.7,141.7,10.2,61.0,3.4,7,0,0,False,False,True,False,3.0
17,6.7,1.9,1.2,0.5,2.0,4.5,4.4,1.6,0.9,0.0,51.4,5.3,49.0,1.1,10,1,0,False,False,True,False,4.0
26,5.0,2.3,0.4,0.4,1.7,3.0,3.3,1.4,1.2,3.9,76.4,20.2,74.0,5.9,4,0,0,False,False,True,False,4.0
40,4.2,1.1,1.3,1.2,1.6,2.6,3.5,1.0,1.4,5.8,126.4,22.6,78.0,5.4,4,1,1,True,False,False,True,4.0
30,3.1,2.4,0.1,0.3,0.8,2.2,3.1,2.6,1.7,3.4,206.3,25.0,74.0,6.0,3,1,0,True,False,False,True,5.0
65,3.3,1.9,1.1,0.8,0.5,1.7,2.6,2.5,2.5,6.1,151.4,38.8,86.0,8.9,2,1,0,False,False,True,False,5.0
51,4.7,2.2,0.0,0.5,2.8,3.7,3.2,1.3,1.0,0.6,92.7,15.0,64.0,3.1,6,1,0,False,False,True,False,4.0
36,5.7,1.9,0.0,2.5,2.2,4.1,3.5,2.2,1.4,1.0,167.0,17.0,59.0,4.6,7,0,0,False,False,False,True,4.0
71,4.9,1.8,2.4,0.9,0.6,3.9,4.0,0.2,1.1,1.2,81.2,18.4,67.0,4.0,6,0,0,False,False,True,False,4.0
43,5.1,2.4,2.3,0.0,1.5,4.3,4.2,1.4,1.1,0.6,242.6,15.0,55.0,2.5,8,0,0,False,False,False,False,4.0
28,4.6,1.6,1.2,1.7,0.0,2.9,3.5,1.0,1.3,2.3,133.5,29.3,77.0,5.6,4,1,0,False,False,False,True,4.0
42,3.1,0.6,1.6,1.2,0.9,2.2,2.7,2.7,2.0,5.1,106.7,15.7,74.0,8.0,3,1,1,True,False,True,False,4.0
19,5.3,0.3,1.7,0.6,1.9,4.3,3.9,1.3,0.9,3.0,104.0,12.3,58.0,1.2,8,0,0,False,False,False,True,4.0
61,5.1,2.2,2.0,0.3,1.7,2.1,3.2,1.5,2.1,2.5,82.2,25.2,67.0,8.2,3,0,1,True,False,False,True,3.0
63,4.0,1.6,1.9,0.0,1.5,3.6,3.8,1.0,0.9,1.2,131.6,9.0,63.0,2.2,7,0,0,True,False,True,False,4.0
44,1.3,0.4,0.0,0.9,0.5,1.9,2.3,2.9,2.1,5.2,177.7,22.1,75.0,7.4,2,0,0,False,False,False,False,4.0
60,1.7,2.1,0.0,0.2,0.3,1.5,2.6,3.3,2.2,6.3,86.2,22.9,85.0,7.7,2,1,1,False,False,False,False,5.0
66,3.8,1.9,0.4,0.1,2.3,3.1,3.7,1.4,1.0,11.7,137.2,12.9,83.0,7.2,5,1,1,True,False,False,True,4.0
19,8.2,1.6,1.3,1.1,3.1,4.5,4.0,0.8,1.2,0.5,75.6,14.5,53.0,1.0,10,0,1,True,False,False,True,3.0
26,7.7,2.2,2.6,1.5,1.9,4.5,4.0,1.0,0.9,2.0,88.4,9.9,57.0,1.0,9,1,1,True,False,False,True,5.0
30,6.1,3.2,1.8,0.3,1.2,4.5,4.1,1.6,0.3,0.0,147.7,13.6,51.0,2.3,9,0,0,False,False,False,True,4.0
40,7.9,3.2,2.1,1.1,2.6,3.3,3.6,1.2,1.5,2.7,152.6,28.2,71.0,6.1,5,1,0,False,False,False,True,3.0
40,2.7,2.1,0.5,0.7,0.6,0.4,1.4,2.2,2.3,5.3,154.9,27.3,84.0,10.0,1,0,1,True,False,True,False,5.0
62,5.2,1.9,1.4,0.8,2.5,4.5,3.8,1.1,0.7,0.0,274.9,7.1,50.0,1.0,9,0,1,True,False,False,True,4.0
35,3.5,2.1,1.6,0.1,0.8,3.9,4.0,1.9,2.4,0.0,175.2,15.5,51.0,2.7,7,0,1,False,False,True,False,5.0
53,3.6,2.3,0.7,0.5,0.9,3.3,3.7,1.8,1.4,0.6,82.5,13.6,63.0,4.8,6,1,1,True,False,False,True,4.0
50,2.2,1.8,0.3,0.0,1.1,0.9,1.1,2.1,2.5,7.2,134.3,33.8,89.0,9.8,1,1,1,False,False,False,False,5.0
47,4.0,2.2,1.3,0.0,1.3,4.4,4.2,1.5,1.1,0.0,172.9,12.4,56.0,2.5,8,0,0,False,True,False,True,4.0
44,5.0,0.6,2.2,0.9,2.3,2.8,3.5,0.6,1.6,3.7,213.8,29.7,78.0,4.8,4,1,1,True,False,False,True,4.0
51,2.3,2.1,0.5,0.3,0.1,2.5,3.0,1.6,3.3,4.4,146.6,28.3,75.0,6.8,3,1,1,False,False,False,False,4.0
37,3.5,2.4,1.3,0.1,0.8,2.6,3.5,1.5,1.9,5.3,222.9,31.0,71.0,4.7,4,1,1,True,False,False,True,4.0
72,4.7,1.6,3.0,0.0,1.6,2.7,3.1,1.3,1.9,6.0,124.8,19.5,80.0,6.1,4,1,1,True,False,False,False,4.0
24,4.8,1.9,0.9,0.0,2.0,4.4,4.1,1.6,0.4,2.4,96.0,18.0,58.0,2.0,8,1,1,False,False,False,True,4.0
68,1.4,1.0,1.5,0.0,0.0,0.6,1.2,3.1,2.7,4.6,87.5,36.9,81.0,8.8,1,1,0,True,False,False,True,5.0
19,4.1,0.9,1.4,0.7,0.6,4.5,4.3,1.4,0.7,0.3,84.6,6.7,49.0,1.4,9,1,0,False,True,True,False,3.0
50,2.4,2.2,1.3,0.0,0.0,3.0,4.1,2.1,1.8,1.0,146.1,13.8,62.0,4.9,5,0,0,False,False,False,False,4.0
48,5.5,1.3,3.3,0.9,0.7,4.2,3.9,1.5,1.6,1.6,180.0,19.8,57.0,2.7,7,1,0,True,False,False,True,4.0
66,2.7,0.4,1.8,0.9,1.0,2.3,3.1,2.0,1.7,6.8,94.3,26.3,89.0,6.7,3,1,1,True,False,True,False,4.0
45,2.8,1.0,0.0,0.5,1.9,4.0,3.9,1.9,0.6,0.0,93.2,10.5,57.0,3.4,7,0,0,True,False,False,False,3.0
24,5.1,1.1,3.2,0.6,0.0,4.5,3.6,1.4,0.7,1.5,141.7,12.4,45.0,1.0,10,1,0,True,False,False,True,5.0
72,5.7,2.7,1.8,0.4,2.1,1.5,2.0,2.7,3.2,3.7,79.5,34.0,82.0,7.4,2,0,1,True,False,False,True,5.0
33,4.1,2.2,1.1,0.7,0.9,3.9,3.5,1.9,0.9,2.2,131.8,18.3,63.0,2.8,6,1,1,True,False,False,True,5.0
72,5.4,1.2,3.0,0.7,1.1,4.5,4.1,1.2,0.9,0.0,238.8,17.7,56.0,1.2,9,0,1,True,False,False,True,4.0
46,4.7,1.5,0.6,1.4,2.4,4.4,4.2,1.1,1.3,2.7,93.2,11.6,62.0,2.7,8,1,1,False,False,True,False,4.0
15,10.0,3.2,3.4,1.5,2.7,4.5,4.1,1.2,0.3,0.0,145.1,12.6,42.0,1.0,10,0,1,False,False,False,True,4.0
70,5.5,2.8,1.6,1.5,0.7,2.7,3.1,1.5,2.1,6.0,53.0,32.4,72.0,6.4,4,1,1,False,False,False,True,4.0
19,5.4,1.0,2.6,0.1,0.7,4.5,3.6,0.8,1.3,0.0,115.6,5.8,47.0,1.0,10,0,1,True,False,True,False,4.0
59,8.9,3.0,4.9,1.1,1.0,3.7,3.7,0.8,0.7,3.0,84.2,21.2,72.0,4.0,6,0,0,True,False,False,True,4.0
18,6.1,1.9,1.7,0.9,0.7,4.5,3.9,1.7,0.8,0.0,150.7,6.8,52.0,1.0,10,0,0,False,False,False,False,4.0
30,4.0,2.7,1.4,0.2,0.0,3.3,3.8,1.8,1.1,2.1,91.7,13.6,70.0,5.0,5,0,1,False,False,False,True,5.0
38,2.7,1.9,0.3,0.1,1.4,1.8,2.6,3.0,2.6,5.7,162.0,20.8,89.0,7.2,2,0,1,True,False,True,False,5.0
30,5.1,3.1,1.4,0.4,0.7,1.7,2.4,3.0,2.9,6.0,131.6,33.7,78.0,7.6,2,0,1,False,False,False,False,4.0
69,2.4,1.0,0.4,0.0,1.5,3.0,3.2,1.7,1.7,4.1,111.6,26.2,83.0,5.2,4,1,1,False,False,True,False,4.0
16,7.8,1.8,1.3,0.0,3.1,4.5,4.0,0.0,1.4,0.0,237.8,12.9,44.0,1.0,10,1,0,False,False,True,False,4.0
63,8.8,3.1,4.7,0.9,1.3,4.0,3.5,1.7,0.8,2.7,145.8,8.1,56.0,2.6,7,0,0,True,False,False,True,3.0
42,1.7,0.2,1.6,0.6,0.6,0.8,1.2,2.3,2.7,4.3,123.8,21.2,86.0,8.9,1,1,1,False,False,True,False,4.0
46,3.6,2.0,0.9,0.6,1.1,3.3,3.9,2.0,1.2,3.3,121.3,20.4,66.0,4.1,5,1,0,False,False,False,True,4.0
41,4.0,1.6,1.3,1.2,1.5,3.5,3.6,1.7,1.4,7.8,151.2,21.0,77.0,3.4,5,1,1,False,False,False,True,4.0
34,4.4,2.6,1.0,0.5,1.2,2.2,3.3,2.2,1.7,3.8,113.7,26.6,67.0,7.8,3,1,1,False,False,True,False,4.0
38,7.1,3.0,2.7,1.1,0.8,4.5,3.9,0.4,0.4,0.0,69.8,9.6,43.0,1.0,10,0,0,False,False,True,False,3.0
26,4.3,2.7,1.4,0.2,0.0,1.5,2.4,2.1,2.5,4.9,181.3,24.5,82.0,8.9,2,1,1,False,False,False,True,4.0
64,7.0,2.2,3.3,0.2,2.0,3.9,3.6,1.0,1.0,2.2,163.2,22.8,57.0,2.3,7,1,0,True,False,True,False,5.0
49,3.7,2.0,1.2,0.6,0.5,2.0,3.1,1.7,1.9,6.8,92.7,28.2,71.0,8.0,3,1,1,False,False,False,True,5.0
74,6.5,1.7,1.2,1.9,2.9,2.3,3.0,2.1,2.0,2.2,77.8,26.0,74.0,7.7,3,1,0,False,False,True,False,4.0
47,4.1,2.2,0.5,1.4,1.0,4.3,3.8,1.3,1.4,0.9,136.4,7.9,65.0,1.6,8,0,0,False,False,False,False,4.0
47,5.7,3.3,1.1,1.3,0.9,4.5,4.2,1.4,0.2,0.0,183.0,15.2,50.0,1.0,9,0,0,True,False,False,True,5.0
65,1.4,1.3,0.0,0.0,0.9,0.8,1.4,2.9,3.8,4.0,120.0,36.0,79.0,9.6,1,0,1,True,False,True,False,4.0
57,3.1,1.6,0.0,0.7,1.6,3.3,3.6,1.6,1.1,1.1,85.0,29.9,69.0,4.1,5,0,1,False,False,False,False,5.0
51,5.0,1.9,2.2,1.1,0.5,2.4,3.3,2.9,1.9,4.1,185.4,17.1,72.0,5.9,3,0,1,False,False,False,False,3.0
26,5.4,2.9,0.0,1.9,0.7,4.5,4.4,1.2,1.6,0.1,228.4,13.5,56.0,1.3,9,0,1,False,False,False,True,4.0
17,7.0,2.2,1.9,0.0,2.0,4.1,3.6,2.1,1.6,1.2,99.9,15.1,61.0,4.3,7,0,0,False,False,False,True,3.0
15,6.6,2.9,0.9,1.0,0.4,4.5,3.9,1.8,0.4,2.6,175.5,13.2,46.0,1.0,9,0,1,False,False,False,True,4.0
47,7.9,2.9,2.5,1.2,1.9,4.5,4.0,0.3,0.8,0.0,109.1,11.9,39.0,1.0,10,1,0,False,False,False,True,3.0
54,4.7,2.5,0.0,0.9,2.2,2.9,3.9,1.9,1.8,1.4,225.5,26.9,65.0,5.2,4,0,1,False,False,False,True,5.0
24,5.5,1.0,2.2,0.0,2.1,4.5,3.8,1.5,0.7,1.2,96.3,8.2,49.0,1.0,10,0,1,False,False,True,False,4.0
57,7.1,3.5,1.9,0.8,1.6,3.5,3.7,1.3,1.4,3.0,148.9,22.0,69.0,3.9,6,0,0,False,False,False,True,4.0
58,5.2,3.3,1.9,0.9,0.0,3.9,4.0,1.1,1.1,0.3,110.7,12.9,61.0,4.5,6,0,0,True,False,False,True,5.0
43,4.8,2.1,2.7,0.7,0.2,2.1,3.3,2.3,1.3,5.8,112.7,12.1,72.0,7.4,3,0,0,True,False,False,True,4.0
27,2.8,0.8,1.6,0.2,0.0,4.1,3.7,1.7,1.5,0.0,168.3,22.8,60.0,2.7,7,0,1,False,False,True,False,5.0
26,1.6,0.6,0.0,0.1,1.0,2.3,3.0,3.1,2.4,7.4,168.6,33.0,73.0,9.3,3,1,1,True,False,False,True,5.0
45,5.7,2.2,2.0,0.9,1.4,3.6,3.7,2.0,1.3,2.4,117.7,20.9,65.0,4.3,6,0,1,True,False,False,False,5.0
60,2.7,1.4,1.9,0.2,0.2,0.9,0.9,2.9,3.4,7.3,156.6,36.2,95.0,9.7,1,0,0,True,False,False,False,5.0
16,4.3,0.5,1.2,0.2,1.2,3.6,3.6,1.1,1.4,3.3,123.4,16.4,59.0,3.9,6,1,0,True,False,False,False,4.0
65,2.8,0.6,0.6,0.5,2.1,0.9,1.4,1.9,2.3,4.6,235.3,17.1,85.0,10.0,1,1,1,True,False,False,True,5.0
64,2.9,1.6,1.1,0.7,0.4,2.1,2.9,2.6,1.5,2.7,115.7,28.1,73.0,7.2,3,1,1,True,False,False,True,5.0
49,6.2,2.2,3.1,1.2,0.6,3.7,4.1,1.8,0.1,1.9,216.0,19.4,46.0,2.6,7,1,0,False,False,True,False,4.0
37,5.3,3.3,0.5,0.0,2.6,3.9,4.0,1.6,0.7,0.0,151.9,21.8,51.0,2.6,7,0,0,False,False,True,False,4.0
31,2.2,2.4,0.0,0.0,0.5,3.6,3.8,1.5,1.3,0.7,207.1,14.3,61.0,2.9,6,1,0,True,False,False,True,5.0
40,3.0,1.7,0.0,0.4,1.7,1.6,2.3,2.7,2.3,4.3,111.5,34.3,82.0,8.9,2,1,1,True,False,False,True,4.0
22,6.7,2.3,1.5,0.0,2.6,4.5,4.0,0.6,1.0,0.0,169.1,13.1,44.0,1.0,10,0,1,False,False,False,True,3.0
43,5.7,2.3,3.3,1.0,0.2,4.5,4.2,0.0,1.2,0.0,110.8,6.3,52.0,1.0,10,0,0,True,False,False,True,4.0
40,5.8,2.7,3.9,0.0,0.3,4.2,3.5,1.4,1.2,2.1,60.9,11.0,71.0,3.7,7,1,1,False,False,True,False,4.0
24,6.9,2.0,2.2,1.0,1.2,4.3,3.7,1.5,1.5,2.7,165.0,10.4,56.0,1.0,8,0,0,False,False,False,True,4.0
40,5.3,2.9,0.4,1.3,1.5,3.6,4.0,1.1,1.5,1.6,72.0,18.0,63.0,4.4,6,1,0,False,False,False,True,3.0
48,3.4,2.7,0.5,0.8,0.8,2.8,3.0,1.7,1.7,6.7,111.5,14.7,79.0,5.7,4,0,1,True,False,False,True,4.0
65,6.8,2.1,2.5,0.0,3.4,4.5,3.7,1.7,1.0,0.0,98.6,7.1,48.0,1.0,10,1,0,False,False,False,True,4.0
55,6.3,1.9,3.0,0.7,1.9,4.5,4.0,1.6,1.4,1.6,94.4,11.5,53.0,3.5,7,0,1,True,False,False,True,3.0
21,4.9,2.8,0.8,0.1,0.6,4.5,4.0,0.2,1.2,0.0,115.2,6.5,48.0,1.0,10,0,1,False,False,True,False,5.0
18,4.8,1.4,3.1,0.0,0.0,4.5,3.8,0.9,0.9,0.0,96.7,5.7,41.0,1.0,10,0,0,False,False,False,False,4.0
72,3.3,0.6,1.2,0.9,1.3,2.6,3.6,1.8,1.2,1.9,127.2,16.4,66.0,6.3,4,0,1,True,False,True,False,4.0
67,4.8,0.6,2.3,1.1,1.8,3.1,3.3,1.4,2.0,1.4,158.4,17.9,66.0,4.4,5,0,1,True,False,False,True,4.0
64,7.7,1.3,2.8,1.4,3.2,4.5,4.5,1.0,1.5,2.3,66.2,15.9,56.0,1.0,8,0,0,True,False,True,False,3.0
59,3.7,2.6,0.0,0.4,1.5,3.4,3.8,1.8,1.2,2.9,174.7,11.2,71.0,4.7,5,1,0,False,False,True,False,5.0
25,5.9,1.6,2.0,0.7,1.2,4.5,4.0,1.8,1.2,1.1,94.9,7.6,60.0,1.0,10,0,1,True,False,False,False,5.0
43,6.4,2.2,3.1,1.6,0.4,2.9,3.9,2.0,1.7,2.8,27.6,17.8,60.0,5.5,5,1,0,False,False,False,False,4.0
70,5.2,1.6,0.9,1.9,1.8,3.0,3.6,2.1,2.2,4.0,88.1,19.5,69.0,4.3,4,1,0,True,False,True,False,4.0
50,4.5,1.6,0.3,1.2,2.4,2.1,2.6,1.9,2.4,3.6,221.5,35.8,84.0,7.4,2,1,0,False,False,True,False,4.0
39,2.7,1.1,2.0,0.4,0.0,1.1,1.2,2.4,2.1,5.2,138.7,17.6,82.0,10.0,1,0,1,False,False,False,True,4.0
35,4.7,1.9,1.6,0.6,1.5,2.1,2.7,1.7,2.4,6.2,284.5,15.2,84.0,7.2,3,1,1,False,False,False,True,5.0
71,3.2,1.8,1.1,0.5,0.4,2.1,3.2,2.0,1.6,4.9,108.6,14.4,75.0,8.0,3,1,1,False,False,False,True,4.0
50,3.9,2.4,1.5,1.0,0.0,3.3,3.8,1.8,1.2,2.9,140.7,18.7,73.0,3.7,5,1,1,True,False,True,False,5.0
24,6.0,2.3,0.0,0.1,3.1,4.5,4.1,1.6,1.0,0.0,124.2,6.3,51.0,1.9,9,0,1,True,False,True,False,4.0
51,5.8,1.8,1.9,0.8,2.3,4.5,3.8,0.9,1.2,0.0,157.3,5.5,45.0,1.0,10,0,1,False,False,False,True,3.0
23,6.1,0.6,3.3,0.8,0.8,4.5,4.2,0.4,1.1,1.0,0.0,14.9,52.0,1.0,10,0,1,True,False,False,True,5.0
38,4.8,3.0,0.7,0.8,1.2,4.5,3.8,1.9,1.8,0.0,116.3,11.4,49.0,1.0,8,0,0,True,False,True,False,3.0
49,2.5,1.9,0.6,0.0,1.1,2.4,3.3,2.3,2.1,4.2,98.3,25.3,81.0,7.1,3,0,0,True,False,False,True,4.0
63,3.6,2.1,1.7,0.7,0.3,1.8,2.3,1.2,2.0,6.8,231.2,15.5,85.0,9.0,2,1,1,True,False,True,False,4.0
49,9.8,3.4,4.6,1.7,0.9,4.5,3.7,1.0,0.0,1.2,157.8,9.5,47.0,1.0,10,0,0,True,False,False,False,3.0
62,7.1,2.8,2.7,0.3,2.2,4.5,3.8,0.8,1.0,0.3,202.2,11.3,52.0,1.0,9,0,1,False,False,False,True,3.0
50,4.8,2.4,1.4,0.8,0.8,4.5,3.8,1.2,1.1,0.0,80.0,15.3,52.0,1.0,9,0,0,True,False,False,True,4.0
32,4.8,2.0,1.5,0.0,1.9,3.9,4.1,1.2,1.9,1.0,121.8,22.0,64.0,4.8,7,0,1,False,False,False,False,5.0
63,5.2,2.0,2.8,0.8,0.8,2.2,3.0,2.2,1.2,2.8,200.3,20.4,71.0,6.7,3,0,0,True,False,False,False,5.0
53,2.6,2.2,0.5,0.7,0.2,0.8,1.2,2.7,3.3,4.7,153.4,17.8,85.0,8.3,1,0,0,False,False,False,True,5.0
46,7.1,2.4,2.2,0.7,2.6,3.8,4.4,1.8,1.4,1.8,167.9,11.7,54.0,3.9,7,0,0,True,False,False,True,3.0
38,3.3,3.5,0.3,1.0,0.0,1.4,2.3,2.5,2.8,6.3,122.7,22.7,81.0,8.3,2,1,1,False,False,False,True,5.0
37,9.3,4.2,2.5,0.4,3.2,4.5,3.8,0.9,1.3,0.0,123.0,6.3,46.0,1.0,10,0,1,False,False,False,True,3.0
46,6.4,2.3,1.2,1.3,2.4,4.5,4.4,1.1,0.4,0.5,146.3,7.7,53.0,1.9,9,0,1,True,False,False,True,3.0
51,2.7,0.2,1.7,0.1,1.6,2.7,2.8,2.2,1.4,4.3,128.9,15.2,78.0,7.7,3,1,1,False,False,True,False,4.0
26,4.7,1.1,1.1,1.5,1.0,4.1,3.6,1.9,0.7,1.2,123.1,11.1,46.0,2.1,7,0,0,False,True,False,True,4.0
63,6.3,3.6,2.3,0.7,1.0,3.9,4.0,1.5,1.6,1.4,115.4,14.5,62.0,5.8,6,0,1,False,False,False,False,4.0
69,5.1,2.6,1.3,0.6,1.6,3.9,3.6,1.5,1.2,1.6,60.3,21.0,63.0,4.2,6,0,0,False,False,False,False,4.0
27,7.6,2.4,3.9,0.0,1.6,4.5,3.9,0.9,1.1,0.0,145.7,11.7,49.0,1.0,9,0,0,True,False,False,True,4.0
37,4.5,1.8,3.1,0.0,0.4,2.7,3.4,1.9,1.9,1.9,129.0,23.3,67.0,7.8,4,0,0,False,False,True,False,5.0
39,2.3,0.9,0.1,0.8,1.5,3.1,3.3,2.1,2.0,10.6,112.9,23.0,88.0,7.0,4,1,1,True,False,False,True,5.0
49,6.5,3.5,1.7,0.2,1.7,4.5,3.9,1.2,0.9,0.2,102.9,14.7,42.0,1.0,10,1,1,True,False,False,True,3.0
55,4.4,1.3,2.3,1.2,1.1,2.3,3.1,2.0,1.9,5.7,208.2,24.6,79.0,7.8,3,1,1,False,True,False,True,5.0
44,7.0,2.7,1.0,0.8,3.6,4.5,3.9,1.7,0.9,0.5,59.2,13.0,43.0,1.0,9,0,1,True,False,False,False,3.0
31,4.6,0.8,2.8,0.0,1.3,2.4,2.8,2.1,1.9,4.2,188.9,30.4,69.0,6.6,3,1,1,False,False,True,False,4.0
63,4.9,1.8,2.7,1.1,0.0,1.6,2.3,1.8,2.2,3.6,157.8,29.7,78.0,7.9,2,0,0,False,False,True,False,4.0
34,4.5,2.9,1.4,0.5,0.4,0.7,1.5,3.0,3.1,5.4,127.4,17.3,86.0,8.2,1,1,1,False,False,True,False,4.0
62,5.9,1.8,2.6,0.6,2.1,1.9,2.3,2.1,2.9,4.2,162.8,14.8,78.0,6.7,2,1,1,False,True,True,False,4.0
39,2.5,1.7,0.0,1.2,0.7,3.1,3.6,1.4,2.0,6.1,94.8,12.2,75.0,7.6,4,0,1,True,False,False,True,5.0
36,3.8,2.0,3.0,0.0,0.4,1.5,2.4,2.5,1.8,4.6,149.9,22.6,80.0,5.8,2,0,1,True,False,True,False,4.0
27,6.1,0.8,2.5,0.0,2.8,3.3,3.5,1.6,1.3,1.4,137.0,14.8,65.0,6.1,5,0,0,True,False,False,False,3.0
73,2.6,0.6,0.3,0.8,1.6,1.8,2.2,2.8,2.0,4.0,162.1,35.4,81.0,8.8,2,1,1,True,False,False,False,4.0
33,4.5,2.6,1.8,0.0,0.8,4.5,3.9,0.9,1.0,1.3,205.9,19.5,63.0,1.0,8,0,0,True,False,True,False,4.0
63,1.0,1.6,0.0,0.2,0.0,1.7,2.6,2.7,2.6,2.3,122.1,24.6,76.0,7.8,2,0,1,True,False,True,False,5.0
50,5.6,2.6,0.7,1.2,2.0,3.9,3.7,0.9,1.4,2.8,165.4,18.3,63.0,4.3,6,1,0,False,False,False,True,4.0
26,7.6,3.0,2.7,0.5,1.4,3.6,3.6,1.6,0.7,6.8,222.6,12.4,73.0,4.7,6,1,1,False,False,True,False,3.0
55,5.7,3.1,1.5,0.0,2.7,4.5,3.8,1.6,1.6,1.8,125.5,8.0,55.0,1.1,8,0,0,True,False,True,False,4.0
33,2.5,0.5,1.4,0.7,0.3,3.7,3.9,0.7,0.7,1.2,140.7,13.8,55.0,3.9,6,0,0,False,False,False,True,5.0
26,4.5,1.4,1.5,0.4,1.0,3.3,3.5,2.3,1.4,1.8,142.5,15.0,67.0,5.4,5,0,0,True,False,False,True,4.0
23,6.0,2.5,1.4,0.2,1.7,4.5,4.3,0.0,1.5,0.0,47.6,10.8,55.0,1.0,10,0,1,True,False,True,False,4.0
21,10.0,2.5,2.6,2.7,2.7,4.5,4.1,1.7,1.2,1.2,115.7,11.4,53.0,1.0,8,0,0,False,False,False,False,4.0
42,6.5,4.0,0.8,0.9,1.7,3.2,3.5,1.3,1.5,2.5,168.2,13.1,50.0,5.0,5,0,1,False,False,True,False,3.0
28,4.5,1.2,2.0,0.4,0.7,1.7,2.3,2.4,2.4,4.5,149.9,37.1,71.0,6.7,2,0,0,False,False,False,True,4.0
45,6.2,3.1,0.2,1.1,2.7,4.0,4.0,0.8,0.9,1.7,110.3,9.9,58.0,2.8,6,0,1,True,False,False,True,4.0
66,5.2,2.3,2.3,0.4,1.1,2.7,3.3,1.9,2.2,2.5,121.9,25.3,66.0,6.2,4,0,0,False,False,False,True,4.0
33,2.8,0.5,1.1,0.3,1.6,4.4,3.9,2.5,0.9,1.0,145.2,11.6,64.0,1.3,8,0,0,False,False,False,False,5.0
72,4.8,1.5,1.5,0.8,2.2,3.5,3.8,1.4,0.8,5.1,106.1,23.2,78.0,4.4,5,1,1,False,False,False,True,5.0
61,6.4,2.2,1.1,0.9,3.0,3.3,3.9,1.6,1.2,1.0,168.8,19.0,73.0,6.5,5,1,1,False,False,False,True,4.0
30,4.3,0.5,1.2,1.2,1.8,2.0,3.1,2.1,2.1,5.8,118.2,35.4,83.0,7.8,3,0,0,False,False,False,True,3.0
67,4.9,0.2,0.4,1.5,4.0,4.2,3.9,2.0,1.1,0.0,98.1,10.7,59.0,4.0,7,0,1,False,False,False,True,4.0
19,5.5,0.4,1.9,1.3,1.3,4.5,3.9,1.2,1.3,0.0,193.1,6.6,48.0,1.0,10,0,0,False,False,True,False,4.0
49,5.8,2.2,2.1,1.1,1.7,1.8,2.1,1.9,2.8,3.3,76.3,20.6,70.0,8.0,2,1,0,False,True,False,True,4.0
26,4.0,1.6,0.0,1.2,0.8,2.9,3.3,1.3,1.2,2.7,201.9,16.3,64.0,6.9,4,0,0,False,False,False,False,5.0
39,4.7,1.4,0.8,1.3,1.7,3.4,3.6,1.1,1.2,1.4,99.8,24.6,65.0,5.2,5,0,1,True,False,False,False,5.0
66,5.0,1.5,1.5,1.0,1.7,3.2,3.8,1.5,1.1,0.0,92.4,20.2,57.0,5.7,5,0,0,False,False,False,True,5.0
73,3.0,0.7,0.8,0.0,2.4,1.0,1.2,3.0,2.8,4.2,133.3,26.4,89.0,8.4,1,1,0,True,False,False,True,4.0
35,4.6,1.6,1.3,0.9,1.8,4.1,3.8,0.5,1.0,1.9,49.1,16.5,64.0,3.2,6,0,1,True,False,True,False,5.0
50,4.9,0.4,3.3,1.4,0.9,1.5,2.6,2.7,2.7,6.3,111.6,28.3,84.0,6.6,2,1,0,False,False,False,True,5.0
67,4.1,3.1,0.4,0.1,1.7,0.7,1.3,3.2,2.4,4.3,86.3,41.8,88.0,9.5,1,1,1,False,False,True,False,5.0
37,4.1,3.5,0.0,0.4,0.7,3.5,3.5,1.3,1.6,2.7,133.9,22.7,68.0,5.6,5,0,1,False,False,True,False,4.0
30,2.9,0.2,0.8,0.6,1.9,4.1,3.6,1.6,0.9,1.0,102.2,21.3,52.0,3.6,7,0,0,True,False,True,False,5.0
71,3.0,1.6,1.1,0.7,0.8,0.7,1.2,3.0,3.2,6.6,183.9,31.5,84.0,8.3,1,1,1,False,False,False,True,5.0
53,1.9,1.6,1.0,0.3,0.0,0.7,1.1,2.9,2.7,4.6,265.9,37.1,79.0,9.5,1,0,1,True,False,False,True,5.0
59,3.5,1.8,1.8,0.6,0.3,2.9,2.9,2.0,1.4,5.5,162.1,24.8,80.0,8.4,3,1,0,False,True,False,False,4.0
67,3.6,2.9,0.4,0.9,0.2,2.5,4.0,1.8,1.8,2.5,128.7,13.0,70.0,7.1,4,1,1,False,True,False,True,4.0
56,1.5,1.6,0.2,0.0,0.9,2.1,2.9,0.8,1.6,3.0,90.8,21.9,74.0,8.2,3,0,0,False,False,True,False,5.0
72,2.4,1.9,0.8,0.6,0.6,2.4,3.1,2.2,2.5,5.8,211.5,35.0,80.0,5.0,3,1,1,False,False,False,True,5.0
53,6.2,4.7,0.8,0.4,1.4,4.3,4.3,1.6,1.0,0.0,120.5,17.8,53.0,3.3,8,0,0,False,False,False,True,4.0
28,6.5,1.9,3.8,0.0,1.0,3.7,3.6,2.2,1.2,1.9,212.0,21.3,58.0,3.1,6,1,1,False,False,False,False,4.0
45,8.5,3.6,3.2,0.9,1.9,3.9,3.9,2.3,0.4,2.6,43.2,10.5,56.0,3.4,7,1,0,True,False,False,True,3.0
72,4.0,2.5,0.0,0.8,1.8,2.8,3.6,1.6,1.7,2.5,119.5,12.9,67.0,5.9,4,0,1,True,False,True,False,5.0
19,4.0,1.5,0.0,0.7,1.1,4.5,4.0,1.4,0.4,0.0,160.2,7.7,50.0,1.0,10,0,0,False,False,False,True,4.0
49,5.1,1.4,1.4,1.0,2.6,3.6,3.7,1.2,1.4,3.5,165.8,22.3,69.0,3.1,6,0,1,False,False,False,True,4.0
37,6.3,2.0,3.6,0.8,0.5,4.5,4.0,1.6,0.9,1.6,109.1,16.2,46.0,2.7,8,0,1,True,False,False,True,2.0
43,5.2,1.0,2.2,0.2,2.4,4.0,3.7,2.2,1.1,2.5,103.7,9.0,69.0,3.2,7,1,0,False,False,False,True,4.0
57,4.6,1.2,1.5,1.0,1.6,3.4,3.6,1.6,1.5,2.4,97.5,11.3,73.0,4.4,5,1,0,True,False,False,True,4.0
25,4.7,1.6,1.0,1.1,1.0,4.5,3.6,1.5,1.3,0.7,80.9,9.7,46.0,1.0,9,0,1,False,False,False,True,4.0
32,7.0,2.3,2.7,0.0,2.5,4.2,4.0,1.7,1.4,1.9,142.3,23.5,58.0,1.4,7,0,0,False,False,False,False,3.0
61,7.3,3.6,1.7,1.1,2.0,4.5,4.2,0.6,1.0,0.0,57.6,6.5,41.0,1.0,10,0,0,False,False,False,False,3.0
26,5.7,1.6,3.4,0.4,0.3,2.9,3.5,1.6,1.6,4.1,77.0,20.1,69.0,7.8,4,0,1,False,False,False,True,4.0
23,5.5,2.4,0.0,1.0,1.8,4.5,4.1,1.1,1.5,1.8,172.2,13.5,42.0,1.8,9,0,1,True,False,False,True,4.0
24,6.0,0.5,2.0,0.7,1.8,4.5,4.0,0.6,1.5,0.0,239.2,10.8,37.0,1.3,10,1,0,True,False,False,True,5.0
72,5.7,3.0,0.9,0.5,2.4,3.9,3.8,2.2,1.3,0.0,101.8,13.9,56.0,2.6,7,0,0,False,False,False,False,4.0
58,4.2,0.5,2.0,0.9,2.0,0.5,1.0,2.3,2.8,2.1,250.4,19.9,81.0,7.4,1,0,0,False,False,False,True,4.0
31,6.5,2.7,1.8,0.4,2.1,4.5,3.8,0.8,1.6,0.0,61.7,17.2,47.0,1.6,9,0,0,True,False,False,True,4.0
52,5.4,1.9,2.1,1.2,1.0,3.1,3.5,2.2,1.2,0.8,219.2,10.9,65.0,5.4,5,0,1,False,False,False,True,5.0
21,7.6,1.9,2.6,1.3,1.2,4.5,4.0,1.2,1.4,1.3,131.1,7.4,53.0,1.0,9,0,0,True,False,False,True,4.0
60,5.2,1.7,3.0,0.3,1.1,3.9,4.0,2.0,0.9,1.3,254.6,10.9,67.0,4.0,6,0,0,False,False,False,True,3.0
27,5.2,0.8,3.6,0.5,0.0,1.0,1.3,3.2,2.3,4.9,61.3,27.3,85.0,10.0,1,0,1,False,False,False,True,4.0
54,4.3,0.9,1.5,0.4,2.7,2.8,3.6,1.5,2.3,1.7,144.7,23.9,67.0,5.2,5,0,1,True,False,True,False,4.0
56,3.8,2.8,0.9,0.8,0.3,3.3,4.0,1.8,1.9,1.2,91.2,19.7,62.0,3.4,5,0,1,True,False,False,False,4.0
23,5.6,2.0,0.2,1.4,1.7,4.5,4.1,0.7,1.0,0.0,94.8,11.8,52.0,1.0,10,0,0,False,False,True,False,4.0
64,3.6,1.7,2.0,0.0,1.1,1.7,2.1,2.0,1.6,3.0,91.5,34.6,71.0,7.2,2,1,1,False,False,False,False,4.0
41,5.4,2.4,2.4,0.0,1.2,3.7,3.8,1.6,0.5,1.4,125.0,9.6,66.0,3.8,6,1,0,False,False,False,True,4.0
72,3.7,2.1,0.0,0.5,2.1,0.8,1.2,3.4,2.9,4.2,181.1,40.6,91.0,10.0,1,0,1,False,False,False,True,4.0
16,6.1,1.3,2.8,0.7,0.6,4.5,3.6,0.2,1.4,0.0,158.8,13.0,44.0,1.0,10,1,0,False,False,False,True,4.0
19,8.2,4.2,1.4,0.0,1.9,4.2,4.1,1.9,1.2,1.5,167.8,11.1,55.0,2.3,7,1,0,False,True,False,True,4.0
43,4.1,2.7,0.1,0.7,1.9,2.2,3.0,1.9,2.3,5.1,176.5,26.2,74.0,7.8,3,1,0,False,False,False,True,4.0
51,2.4,2.1,0.6,0.2,0.6,2.2,3.4,1.4,0.9,6.9,183.6,23.5,79.0,8.3,3,0,0,False,False,True,False,4.0
52,3.4,1.5,0.5,0.3,2.3,0.5,1.5,2.6,2.7,4.0,93.0,23.4,90.0,9.1,1,0,1,True,False,True,False,4.0
33,7.0,2.9,0.5,1.4,2.8,2.9,3.5,1.3,1.9,6.4,32.5,28.4,69.0,5.8,5,1,0,True,False,False,False,4.0
22,8.2,1.3,2.1,0.4,3.4,4.5,4.1,0.6,1.0,0.0,207.9,11.5,43.0,1.0,10,0,1,False,False,False,True,3.0
62,4.2,1.2,2.5,0.4,1.1,1.7,2.4,2.5,2.8,5.3,175.5,24.3,66.0,8.9,2,1,1,True,False,True,False,4.0
59,8.0,3.5,3.4,0.7,1.6,4.5,3.9,1.6,1.8,2.1,161.8,17.9,53.0,3.3,8,0,0,False,False,True,False,3.0
15,6.7,2.0,0.7,1.3,1.7,4.5,3.6,0.0,0.9,0.0,86.9,9.2,41.0,1.0,10,0,1,False,False,True,False,4.0
36,5.3,1.3,1.9,0.6,2.1,4.5,4.1,2.3,1.3,0.2,150.2,20.7,54.0,2.9,8,1,1,False,False,False,True,3.0
66,5.3,2.0,0.8,0.3,3.1,4.5,3.5,2.3,0.9,2.2,83.0,17.5,60.0,3.6,7,0,0,True,False,False,True,4.0
31,6.6,2.8,1.5,0.9,1.9,3.5,3.4,2.1,1.3,1.7,85.8,12.0,73.0,3.4,5,1,0,True,False,False,True,4.0
21,5.7,2.6,0.0,1.1,1.9,4.5,4.0,0.8,1.3,0.0,139.6,10.8,55.0,1.0,10,0,1,True,False,False,False,4.0
39,3.8,2.9,0.3,1.3,0.3,2.0,2.8,2.2,2.1,5.1,87.6,27.8,80.0,7.9,3,1,0,True,False,False,True,5.0
59,6.5,0.9,2.4,0.6,3.4,0.7,1.1,3.1,3.6,5.0,161.0,18.3,86.0,8.4,1,0,1,True,False,True,False,5.0
18,5.8,2.9,0.0,0.9,0.9,4.5,4.0,2.0,0.6,1.3,147.2,15.0,51.0,1.0,9,1,0,False,False,False,True,3.0
50,4.4,1.8,2.2,1.1,0.0,1.0,1.4,3.1,2.8,5.3,155.2,33.0,80.0,9.5,1,0,0,False,False,False,False,4.0
20,4.1,2.1,0.8,0.7,0.0,4.5,3.9,1.3,1.1,0.8,144.0,6.8,50.0,1.7,9,1,1,False,False,False,False,4.0
74,5.1,3.1,0.0,1.4,1.7,4.3,4.2,1.7,1.7,0.0,183.5,14.3,57.0,2.8,7,1,0,False,False,True,False,4.0
45,2.7,2.6,0.0,1.0,0.1,3.2,3.4,1.9,1.5,1.5,111.4,28.9,72.0,4.0,5,0,0,True,False,False,True,5.0
33,8.0,2.3,3.1,1.7,1.5,4.5,4.2,0.7,1.1,0.2,182.1,6.3,48.0,1.0,10,0,0,False,False,True,False,4.0
58,1.0,0.2,0.0,1.2,0.0,1.7,1.1,2.8,2.8,8.8,146.6,28.0,90.0,7.9,1,1,1,False,False,True,False,4.0
68,4.2,2.0,1.4,0.0,1.7,0.9,1.6,2.1,3.2,5.0,166.5,35.8,87.0,10.0,1,1,1,True,False,False,False,5.0
53,4.5,1.3,1.9,0.4,2.0,1.9,2.6,1.8,2.4,3.9,107.9,15.8,80.0,8.3,2,0,0,False,False,True,False,5.0
41,3.1,2.6,0.1,0.0,1.6,1.6,2.4,2.3,2.2,4.2,166.7,34.2,70.0,9.0,2,0,1,True,False,False,True,4.0
24,5.4,2.9,0.9,0.2,0.7,4.5,4.1,0.7,0.6,0.6,172.6,10.5,58.0,1.0,10,0,0,False,False,True,False,4.0
40,5.5,1.7,2.0,0.4,2.3,4.0,4.1,1.5,0.9,0.4,207.2,14.2,57.0,3.0,7,0,1,False,True,False,False,4.0
33,4.7,1.4,1.8,1.1,1.0,2.3,2.9,2.1,2.1,4.2,145.1,14.6,80.0,6.1,3,1,0,True,False,False,True,5.0
53,4.8,3.4,1.0,0.3,1.2,2.5,3.4,1.9,0.8,3.3,132.9,20.2,73.0,3.1,4,1,0,False,False,True,False,5.0
17,6.7,1.5,1.8,1.4,0.9,4.5,3.7,0.8,0.7,0.7,175.7,11.2,37.0,1.0,10,0,1,False,False,True,False,4.0
59,2.3,0.9,1.4,0.2,1.1,3.5,3.1,1.9,1.8,3.1,103.6,27.6,71.0,4.8,4,1,1,False,True,False,False,4.0
27,5.2,1.3,0.4,0.4,3.3,4.2,4.1,1.7,0.5,1.4,137.9,15.5,52.0,2.2,7,0,0,True,False,True,False,5.0
64,4.9,1.5,2.8,0.0,1.4,0.5,1.3,2.9,2.9,6.0,197.1,27.9,79.0,9.0,1,1,1,False,False,False,True,4.0
42,3.5,1.2,1.7,1.5,0.1,0.7,1.5,2.2,2.5,4.1,122.0,34.7,84.0,9.2,1,0,0,True,False,False,True,4.0
72,3.6,2.8,0.0,1.5,0.4,2.6,3.1,2.5,1.7,6.4,120.3,21.4,82.0,7.0,3,0,0,True,False,False,False,5.0
34,2.8,0.2,2.1,0.5,1.1,4.2,4.0,1.8,1.2,0.5,199.0,8.5,55.0,1.0,8,0,0,True,False,False,True,5.0
42,1.8,1.2,0.8,0.0,0.6,1.7,2.6,2.1,2.5,4.7,57.0,36.0,75.0,9.0,2,1,1,False,True,False,True,5.0
22,7.0,2.0,1.2,0.5,2.3,4.5,4.2,0.9,1.2,3.2,141.7,14.1,50.0,1.0,10,0,0,False,False,False,True,3.0
55,3.6,2.2,1.5,0.7,0.0,1.7,2.2,2.2,2.5,4.3,200.3,23.0,79.0,5.9,2,1,1,False,False,False,False,5.0
53,4.5,3.5,0.6,0.2,1.3,2.4,3.1,2.2,1.7,2.7,200.6,32.7,73.0,5.5,4,1,1,False,False,False,True,5.0
15,10.0,3.4,3.5,2.0,2.4,4.5,3.8,0.6,0.5,1.7,133.8,10.7,57.0,1.0,9,1,1,True,False,False,True,4.0
17,4.1,0.6,0.0,1.7,0.8,4.5,4.2,0.6,0.4,0.0,169.7,12.4,49.0,1.0,10,0,1,True,False,False,True,4.0
27,3.6,0.3,1.6,0.0,1.8,1.5,2.5,2.8,1.5,4.4,178.3,26.1,85.0,7.0,2,0,1,True,False,False,True,5.0
42,4.6,2.0,1.9,0.0,1.4,4.5,3.7,1.0,1.3,0.0,118.0,14.7,51.0,1.0,10,0,0,True,False,False,True,4.0
71,4.2,1.4,1.5,0.9,1.4,3.5,3.8,2.0,1.0,1.1,180.8,25.6,62.0,4.7,6,0,1,True,False,False,True,3.0
74,2.7,0.9,1.3,0.0,1.9,1.8,2.6,1.9,2.3,6.6,183.3,32.4,75.0,8.1,2,1,1,True,False,False,True,4.0
63,2.7,2.0,1.1,0.7,0.0,4.1,3.7,1.2,0.3,0.9,160.1,23.3,54.0,2.5,7,1,0,True,False,False,True,4.0
39,5.1,2.2,0.6,0.6,2.6,4.5,4.0,1.7,0.5,0.0,98.5,7.6,54.0,2.2,9,1,0,True,False,False,True,4.0
70,1.2,1.2,0.6,0.6,0.0,0.7,1.5,3.0,2.2,4.4,45.0,37.0,77.0,7.7,1,0,1,True,False,False,True,4.0
47,6.4,1.4,2.8,1.2,2.5,2.1,3.2,1.8,1.5,4.7,138.2,20.0,74.0,8.1,3,1,1,True,False,False,False,4.0
52,5.2,1.3,1.0,1.7,1.8,3.3,3.5,2.3,1.1,0.0,111.9,23.3,64.0,5.2,6,0,0,False,True,True,False,3.0
67,7.8,1.6,3.8,0.8,1.9,3.6,3.9,1.5,0.9,3.4,223.3,23.4,66.0,5.6,6,1,1,False,False,False,True,3.0
20,8.3,2.5,2.2,0.0,3.0,4.5,4.0,1.1,1.6,3.6,122.7,14.4,58.0,1.6,9,1,1,False,True,True,False,4.0
72,3.1,1.0,0.0,0.7,2.6,2.9,3.6,1.1,2.0,2.1,123.3,20.0,71.0,5.1,4,0,0,True,False,True,False,5.0
58,5.0,1.4,2.5,0.2,2.2,2.4,3.3,1.9,2.5,3.7,127.9,13.1,77.0,5.7,4,1,0,True,False,False,True,4.0
59,4.7,1.6,1.4,1.8,1.1,3.6,3.8,1.6,1.5,3.9,183.3,25.1,72.0,5.4,5,1,1,False,False,False,False,4.0
46,2.6,2.0,0.0,1.0,1.0,1.5,2.4,2.3,1.6,6.2,70.3,20.5,86.0,9.3,2,1,1,True,False,True,False,5.0
59,6.8,2.2,2.9,0.8,2.2,4.5,4.3,0.6,2.5,0.8,139.7,6.9,38.0,1.0,10,1,1,True,False,False,True,4.0
61,6.7,3.8,1.0,1.0,1.9,4.5,3.9,1.4,0.8,1.4,118.7,7.5,56.0,1.1,8,1,1,True,False,True,False,4.0
35,4.3,2.5,0.9,0.6,1.7,3.2,3.5,0.9,1.6,1.7,118.7,26.9,63.0,5.6,5,0,1,True,False,False,True,4.0
30,6.4,2.5,1.9,1.4,1.3,3.4,3.4,1.9,1.7,3.6,177.6,19.1,65.0,5.2,5,0,1,True,False,False,True,4.0
68,5.0,1.8,2.8,0.3,1.0,3.6,4.0,2.0,1.3,2.3,66.5,18.0,65.0,4.4,6,0,1,True,False,True,False,4.0
35,2.7,1.1,1.6,1.2,0.0,2.7,3.0,0.7,1.2,2.7,227.9,23.9,74.0,7.0,4,1,0,False,False,True,False,5.0
25,6.9,1.5,1.5,1.6,2.0,4.5,3.6,0.8,1.0,0.0,26.1,12.0,48.0,1.0,10,0,0,True,False,False,True,2.0
74,2.3,1.4,0.7,0.1,1.2,2.1,3.0,2.2,1.6,1.9,121.6,23.2,72.0,6.7,3,0,1,True,False,False,False,4.0
51,6.1,2.4,2.7,0.8,1.2,4.5,3.8,1.6,1.0,0.0,114.8,16.1,47.0,2.0,9,1,0,False,False,False,True,4.0
50,2.1,0.5,1.6,0.8,0.0,3.0,3.1,1.5,1.2,3.6,112.3,25.9,70.0,6.2,4,1,1,True,False,False,True,5.0
49,4.2,2.5,1.3,0.0,1.5,2.3,3.5,1.6,1.7,7.4,118.0,28.0,89.0,6.5,4,0,1,True,False,False,True,4.0
33,2.4,1.9,1.1,0.0,0.0,3.9,3.9,1.6,1.2,2.3,84.6,12.5,70.0,5.3,6,1,0,False,False,False,True,4.0
34,5.4,2.7,2.6,0.1,1.0,4.5,4.0,1.3,1.7,1.0,177.1,16.3,53.0,1.0,9,0,0,True,False,False,True,4.0
71,4.1,1.3,1.2,0.6,2.2,2.6,3.2,2.4,2.3,3.1,141.4,31.9,69.0,7.1,3,1,0,True,False,False,True,5.0
32,5.3,1.2,2.6,0.9,1.5,3.8,3.8,1.0,1.2,3.2,154.3,22.7,66.0,5.2,6,1,0,False,False,False,False,4.0
61,2.9,1.6,1.0,0.4,1.3,3.4,3.2,1.0,1.2,4.9,87.7,11.0,74.0,4.8,5,1,0,True,False,False,False,4.0
55,5.1,1.6,2.3,1.8,0.7,3.9,3.8,1.5,1.0,0.3,178.6,21.8,59.0,3.8,7,0,0,False,False,False,True,3.0
63,5.1,2.7,1.7,1.2,0.9,3.5,3.7,0.9,0.9,2.9,83.7,18.5,71.0,4.2,5,0,1,False,False,True,False,4.0
28,6.7,2.7,0.5,0.9,3.0,3.9,4.0,2.7,1.4,0.5,119.1,22.8,64.0,3.7,7,1,1,True,False,False,True,4.0
29,7.6,3.7,1.4,0.3,2.2,4.5,4.0,0.4,1.3,0.0,95.9,6.7,45.0,1.3,10,0,0,False,False,False,False,4.0
45,2.1,1.6,0.0,0.6,0.9,2.7,3.1,2.5,0.7,3.5,98.8,14.0,75.0,6.9,3,1,1,False,False,False,False,5.0
15,4.4,0.2,0.7,1.3,1.3,4.2,3.8,2.3,1.4,2.9,140.1,11.1,67.0,4.0,7,1,0,True,False,True,False,4.0
67,3.2,1.6,0.0,1.2,1.6,1.5,2.3,2.6,2.4,5.6,44.8,13.5,76.0,8.6,2,1,0,False,False,False,False,5.0
68,7.8,2.2,3.7,1.1,1.8,4.5,4.1,1.0,1.8,0.0,130.4,13.5,52.0,1.0,9,1,1,True,False,False,True,3.0
68,3.4,2.6,0.0,0.4,1.4,1.0,1.7,2.7,2.2,4.9,108.6,15.2,87.0,9.1,1,0,0,False,False,False,True,4.0
17,7.5,2.3,4.3,0.3,0.0,4.5,3.8,0.3,2.0,0.3,156.9,13.7,48.0,1.0,10,0,0,True,False,False,True,4.0
30,4.8,1.6,2.1,0.0,1.4,3.1,3.8,0.9,1.7,3.0,99.4,22.6,68.0,6.1,5,0,1,True,False,False,True,4.0
37,5.5,3.5,0.9,0.9,1.3,4.5,3.7,2.4,1.2,1.9,152.6,8.5,55.0,2.2,8,0,1,True,False,False,False,3.0
71,6.1,1.1,2.4,0.0,3.5,3.2,3.5,0.8,1.2,1.4,110.0,11.6,68.0,5.9,5,0,0,False,False,False,True,4.0
25,7.4,1.8,0.8,0.6,4.0,4.5,4.2,0.1,0.0,0.0,71.1,7.9,36.0,1.0,10,0,1,True,False,True,False,4.0
26,3.1,1.0,0.0,0.3,2.0,2.4,3.1,2.4,2.1,8.8,153.4,19.8,89.0,6.0,3,1,0,True,False,True,False,4.0
24,5.7,2.0,1.6,0.7,0.7,4.5,3.9,0.6,1.4,1.6,197.8,6.4,46.0,1.0,10,0,1,True,False,False,True,5.0
46,8.1,3.4,2.3,1.3,2.1,4.5,4.4,1.3,1.3,0.3,106.7,6.7,41.0,1.0,10,1,1,False,False,False,True,3.0
30,5.7,1.9,2.9,1.4,0.0,2.8,3.3,0.3,1.7,6.1,233.4,25.8,69.0,4.1,4,0,1,False,False,False,True,3.0
22,6.5,1.9,2.0,1.0,0.9,4.5,4.0,1.2,1.1,0.0,198.8,11.8,50.0,1.0,9,1,1,False,False,False,True,3.0
52,1.0,0.5,0.9,0.1,0.0,0.8,1.4,2.1,2.5,9.8,80.9,30.4,89.0,6.2,1,1,0,False,False,False,True,4.0
26,7.0,1.7,3.0,0.6,2.0,4.2,3.6,0.8,1.0,0.7,209.7,17.1,50.0,1.2,8,0,0,False,False,False,False,3.0
38,5.2,3.0,2.8,0.1,0.2,4.4,3.8,1.1,0.9,7.0,62.4,20.9,69.0,1.5,7,0,0,True,False,True,False,5.0
42,4.2,1.8,1.8,0.2,1.1,2.4,2.8,1.5,1.8,2.5,148.4,17.6,71.0,6.6,3,1,0,False,False,False,False,3.0
67,5.9,1.7,2.8,0.9,1.4,3.8,3.3,1.4,0.5,2.9,137.7,22.7,64.0,4.0,6,0,0,False,False,False,True,5.0
22,9.1,3.0,3.9,0.0,1.4,4.5,4.0,0.6,1.1,0.0,74.2,6.0,43.0,1.0,10,0,0,False,True,True,False,3.0
72,2.5,1.7,0.9,0.3,0.9,1.5,2.4,2.7,2.8,5.3,150.6,14.4,85.0,9.4,2,0,0,False,False,True,False,4.0
42,4.3,3.2,0.5,0.0,1.7,4.5,3.8,0.5,0.4,0.1,172.3,12.1,43.0,2.4,9,1,0,True,False,False,True,4.0
50,1.6,0.8,0.9,1.0,0.1,0.8,1.1,2.8,3.0,4.3,73.8,34.3,80.0,8.8,1,0,1,True,False,False,True,4.0
40,5.4,2.6,0.0,0.4,3.1,4.5,4.3,1.2,1.3,0.0,173.9,14.7,51.0,1.0,10,1,0,False,False,False,True,4.0
22,6.8,3.5,2.2,0.0,0.4,4.0,4.3,2.1,1.4,2.4,140.5,14.8,63.0,3.2,7,0,0,False,False,False,True,4.0
72,5.2,2.9,0.0,1.6,1.4,4.2,3.9,1.8,0.8,0.9,114.5,16.5,65.0,3.4,6,0,0,False,False,False,False,4.0
74,5.2,0.3,2.9,1.2,2.0,4.5,3.9,1.8,1.0,0.0,132.6,17.6,57.0,1.6,7,0,1,False,False,False,False,3.0
64,3.0,1.4,0.8,0.0,2.1,0.8,1.1,2.3,2.7,5.2,176.6,40.2,82.0,8.4,1,0,0,False,False,False,True,4.0
42,7.3,1.8,3.0,1.0,2.2,3.6,3.8,2.0,1.6,1.0,104.3,21.3,56.0,3.5,6,0,1,True,False,False,False,4.0
42,3.4,2.9,0.0,1.5,0.0,3.5,3.6,1.9,1.1,9.2,209.3,26.1,77.0,6.2,5,1,1,False,False,False,False,4.0
51,2.2,0.8,1.1,0.5,0.5,2.7,3.5,1.6,1.8,7.8,154.6,22.4,78.0,7.3,4,1,1,True,False,True,False,4.0
55,2.4,1.1,0.1,0.7,1.5,1.1,1.5,2.1,2.8,5.6,207.9,33.1,86.0,7.8,1,1,1,True,False,True,False,4.0
50,5.5,0.6,3.0,0.4,1.9,4.5,4.0,1.2,1.6,2.5,214.0,8.7,55.0,2.0,8,0,0,True,False,False,True,4.0
41,7.5,1.3,3.3,0.9,2.7,3.6,3.6,0.9,1.1,4.8,190.9,19.2,69.0,5.4,5,0,0,False,False,False,False,4.0
68,2.0,0.9,0.0,1.2,0.9,1.1,1.0,2.3,2.5,2.9,70.8,38.5,77.0,10.0,1,1,1,True,False,True,False,4.0
31,5.9,3.4,2.5,0.0,0.5,2.7,3.5,1.9,2.1,5.4,122.0,14.6,69.0,4.4,4,0,1,True,False,False,False,4.0
23,5.7,1.4,2.7,0.2,0.9,4.4,4.0,2.0,1.2,2.1,82.7,18.1,60.0,4.1,8,1,1,False,False,True,False,4.0
47,7.6,2.6,1.9,0.7,3.7,3.3,3.8,1.3,1.9,1.0,152.6,28.4,64.0,4.8,5,0,1,True,False,False,True,3.0
67,6.7,2.0,2.1,0.8,2.9,3.6,3.3,1.3,1.5,4.7,36.3,28.4,76.0,4.2,5,1,1,False,False,False,True,4.0
34,5.1,2.0,2.1,0.8,1.2,4.5,4.0,0.6,1.2,0.0,50.9,14.7,59.0,1.0,10,0,0,False,False,False,True,4.0
27,7.3,1.5,2.5,0.5,2.7,4.5,3.8,0.9,0.5,0.0,213.8,8.1,50.0,1.0,9,0,0,False,False,False,True,4.0
42,2.7,2.7,0.3,0.1,0.8,2.8,3.5,1.3,1.0,3.3,119.9,31.5,74.0,7.3,4,1,1,False,False,False,False,4.0
62,7.5,2.1,2.8,1.2,2.4,4.5,4.0,2.2,0.8,0.0,104.1,16.9,54.0,3.2,8,0,1,True,False,True,False,3.0
43,2.7,2.1,1.7,0.0,0.0,3.8,3.6,1.3,1.2,2.0,153.4,27.0,64.0,4.1,6,1,1,False,False,False,True,5.0
27,5.3,1.5,1.7,0.3,1.8,2.9,3.7,1.6,1.7,5.5,113.6,31.6,72.0,6.2,4,1,1,True,False,True,False,3.0
60,6.1,1.6,2.1,0.6,2.4,3.3,3.6,0.4,1.3,5.4,62.8,23.5,67.0,5.3,5,1,0,False,False,False,True,3.0
49,3.9,2.5,0.1,0.9,1.1,2.3,3.3,1.3,2.1,5.5,151.3,31.1,73.0,4.1,4,0,1,True,False,True,False,4.0
20,5.0,2.2,0.0,0.4,2.0,4.5,3.9,0.4,1.2,1.6,287.9,7.7,51.0,1.0,10,0,1,False,False,False,True,5.0
32,4.8,2.1,1.4,1.1,0.8,4.1,3.5,1.9,1.2,2.7,112.1,20.7,62.0,4.8,7,1,1,True,False,True,False,4.0
65,6.5,1.3,3.2,1.4,1.7,3.3,3.3,1.8,1.3,3.4,98.4,20.5,63.0,6.1,5,0,1,True,False,False,True,4.0
19,5.6,3.7,0.2,0.2,0.9,4.5,4.2,1.2,0.3,0.3,106.1,13.0,43.0,1.0,10,0,0,True,False,False,True,2.0
61,5.8,1.6,1.7,0.8,2.2,2.5,3.4,1.1,2.1,3.0,120.4,30.8,63.0,4.9,4,0,0,True,False,False,False,4.0
39,2.4,2.0,0.7,0.7,0.1,2.9,3.5,2.2,1.7,2.6,158.0,26.7,72.0,6.4,4,1,0,False,False,True,False,5.0
16,4.0,1.8,0.6,0.4,0.4,4.0,3.9,1.4,0.6,1.9,8.1,16.9,62.0,3.2,7,1,1,True,False,False,True,5.0
24,9.4,3.8,2.1,0.0,2.7,4.5,4.0,0.9,1.9,0.0,100.8,6.4,57.0,1.0,9,0,1,False,False,False,False,3.0
70,4.0,1.7,2.3,0.8,0.0,1.8,2.3,2.6,2.9,4.2,85.2,26.8,82.0,9.1,2,1,0,False,True,True,False,4.0
44,2.9,1.7,0.6,0.9,0.8,1.8,2.2,3.0,2.4,5.1,107.7,17.9,80.0,7.6,2,1,1,False,False,False,False,4.0
64,6.9,2.1,3.0,1.3,1.3,4.1,4.0,1.7,0.7,0.0,214.0,19.2,47.0,2.1,8,0,0,True,False,True,False,3.0
73,4.5,1.4,2.0,0.4,1.8,3.4,3.8,0.9,0.5,0.7,168.2,20.6,53.0,3.4,6,0,0,True,False,False,False,4.0
59,3.4,2.1,1.2,0.2,0.9,1.4,2.1,2.7,2.5,6.6,150.7,19.4,73.0,8.5,2,1,0,False,False,True,False,4.0
19,6.9,4.1,1.9,0.1,0.3,4.5,4.1,1.4,0.7,0.0,72.5,8.9,53.0,1.0,10,0,0,True,False,False,False,4.0
69,7.0,2.3,3.7,0.0,2.6,3.6,4.1,1.0,1.2,2.0,172.3,14.8,64.0,3.7,6,0,0,True,False,True,False,4.0
70,6.0,2.2,2.3,0.4,2.5,3.4,3.7,1.5,1.5,6.6,215.7,28.5,81.0,5.6,5,0,1,False,False,False,True,5.0
47,4.1,1.4,0.7,2.3,1.0,3.8,3.7,1.4,1.5,2.6,128.9,25.9,72.0,3.5,6,1,0,False,False,False,False,4.0
68,5.5,3.5,1.5,1.4,0.0,4.4,4.0,1.7,1.4,0.7,169.0,18.7,55.0,1.9,8,0,1,False,False,True,False,4.0
15,8.0,3.7,1.6,0.0,1.7,4.5,4.1,0.3,0.8,1.8,186.0,8.3,53.0,1.9,10,0,0,True,False,False,True,3.0
32,6.5,2.8,2.2,0.3,1.6,4.5,3.7,1.2,1.5,1.8,161.0,17.6,59.0,3.4,8,0,0,False,False,False,False,2.0
46,4.1,2.6,1.8,0.3,0.7,2.4,2.9,2.3,2.1,4.3,56.9,26.1,73.0,7.7,3,0,1,True,False,False,True,4.0
61,6.2,1.8,3.6,1.4,0.0,4.4,3.9,1.9,0.7,1.1,160.8,11.5,58.0,2.2,8,0,1,True,False,False,True,4.0
63,6.1,2.4,1.3,1.9,1.1,2.6,3.3,1.9,2.1,3.4,130.8,31.4,82.0,5.9,4,1,1,False,False,True,False,4.0
25,4.4,1.2,0.0,0.7,2.2,3.3,3.7,1.9,2.1,3.4,87.9,19.0,58.0,4.1,5,1,1,True,False,False,True,4.0
35,4.6,1.0,1.7,0.8,2.3,3.5,4.1,1.3,1.4,1.7,169.6,13.5,57.0,3.0,6,1,1,True,False,True,False,4.0
40,2.8,0.7,1.0,0.9,1.4,0.4,1.0,3.3,2.7,4.6,174.8,20.3,84.0,8.2,1,0,1,True,False,False,True,5.0
39,2.8,2.4,0.0,0.6,0.8,1.4,2.1,2.0,2.8,4.0,233.0,29.8,79.0,8.5,2,1,1,False,False,True,False,5.0
36,3.9,0.8,0.7,0.8,2.1,3.1,3.5,1.7,0.8,4.8,153.9,23.0,55.0,4.8,5,1,0,False,False,True,False,4.0
73,2.6,1.6,1.1,0.6,0.3,1.1,1.3,2.8,2.1,7.3,117.7,40.4,86.0,8.7,1,0,1,False,False,False,True,5.0
41,4.2,1.9,2.8,0.9,0.0,2.6,3.1,1.7,2.1,5.1,0.0,13.5,67.0,5.8,4,1,0,False,False,False,True,3.0
63,3.7,2.9,0.0,0.0,1.3,0.7,1.6,3.1,3.1,4.7,135.1,19.3,88.0,7.4,1,1,1,True,False,False,True,4.0
27,6.5,1.5,1.9,0.3,2.9,4.5,4.1,1.7,0.7,0.6,126.9,8.6,55.0,1.0,9,0,0,True,False,True,False,3.0
47,9.3,3.0,3.9,0.0,3.0,4.5,3.7,1.5,0.6,1.1,103.4,10.7,53.0,1.0,9,0,1,True,False,False,True,3.0
48,4.4,2.8,1.3,1.0,0.1,2.0,3.0,1.9,1.8,7.1,227.1,24.4,89.0,5.2,3,1,0,True,False,False,False,5.0
55,2.4,1.0,1.3,0.1,1.0,4.1,3.9,2.4,1.4,1.1,117.7,15.4,65.0,3.4,7,0,1,False,False,False,False,4.0
49,8.3,3.0,2.3,0.0,3.8,4.5,3.8,0.6,0.9,0.0,91.7,14.2,56.0,1.0,10,1,0,False,False,False,True,3.0
15,5.3,1.7,2.1,0.0,0.7,4.5,3.6,0.9,0.9,0.0,130.4,11.8,51.0,1.2,10,0,1,True,False,False,True,4.0
35,7.5,1.6,3.1,0.9,3.0,4.2,3.7,2.1,0.8,8.6,88.7,20.9,71.0,2.9,7,1,0,True,False,True,False,4.0
62,4.3,1.7,1.3,0.0,2.4,3.4,3.8,1.3,1.5,2.0,83.2,27.0,70.0,4.5,5,1,0,True,False,False,True,4.0
69,6.3,2.0,2.3,0.5,2.6,4.5,3.7,1.2,0.6,1.1,178.0,12.2,48.0,1.0,9,1,0,True,False,False,False,4.0
20,7.2,1.6,2.3,1.5,1.0,4.5,4.2,0.1,1.1,0.3,121.9,11.2,49.0,1.0,10,0,0,False,False,True,False,3.0
42,3.2,1.2,1.1,0.8,1.0,4.3,3.7,1.8,0.1,1.3,191.5,11.4,53.0,2.8,8,1,1,True,False,True,False,4.0
31,2.6,1.3,1.4,0.3,0.5,0.7,0.8,3.2,2.5,4.8,92.6,35.3,86.0,9.4,1,1,1,True,False,True,False,4.0
19,6.4,2.1,1.5,0.0,2.2,4.4,4.2,1.8,0.9,1.7,190.4,16.2,52.0,1.7,8,1,1,False,False,False,False,3.0
45,1.8,1.9,0.1,0.9,0.0,1.9,2.2,2.4,3.2,4.5,168.8,26.8,70.0,9.7,2,1,0,True,False,False,False,5.0
19,6.2,2.5,1.1,0.5,1.2,4.5,3.9,1.0,0.3,0.0,184.5,7.4,56.0,1.0,10,0,1,False,False,False,True,5.0
52,7.6,2.0,3.1,0.9,3.0,4.5,4.0,1.4,1.4,0.0,101.5,13.8,42.0,1.0,10,1,1,True,False,False,False,3.0
17,7.8,2.1,2.6,0.0,2.0,3.8,3.5,1.6,1.3,6.7,155.4,14.0,62.0,4.6,6,1,1,False,False,True,False,3.0
67,5.8,2.5,0.9,1.3,2.4,2.3,3.2,2.3,2.2,3.3,91.5,22.0,75.0,5.5,4,0,1,False,True,False,False,4.0
37,3.9,3.3,1.5,0.0,0.0,1.0,1.2,2.7,3.3,5.0,104.2,33.8,87.0,7.6,1,0,0,False,False,True,False,5.0
51,5.9,3.3,2.6,0.3,0.4,2.1,3.2,2.0,2.1,4.4,311.3,16.3,82.0,9.1,3,1,0,True,False,False,False,4.0
67,7.9,3.2,2.0,1.4,2.6,4.5,4.0,1.9,0.7,0.6,186.6,19.9,56.0,2.8,8,0,0,False,False,True,False,4.0
51,5.8,2.8,2.4,0.0,1.5,4.5,4.0,1.8,1.9,1.4,173.0,8.6,56.0,2.1,8,0,0,True,False,True,False,4.0
24,7.2,3.9,2.1,0.5,0.4,4.5,4.1,1.2,1.4,2.0,151.7,15.0,52.0,1.1,9,0,0,True,False,True,False,4.0
24,6.6,2.4,1.7,0.4,2.0,4.5,4.1,1.6,0.3,1.4,155.7,16.2,53.0,1.0,9,0,0,True,False,False,True,4.0
33,4.0,2.3,1.3,0.6,0.9,3.1,3.5,1.5,2.1,6.8,177.4,22.8,74.0,5.1,5,0,1,True,False,False,True,4.0
31,8.2,4.0,0.2,0.8,3.9,4.5,3.8,1.0,0.8,0.0,90.1,5.9,44.0,1.0,10,0,0,False,False,False,True,4.0
35,3.9,0.2,2.3,0.6,2.0,0.9,1.4,2.2,2.9,3.3,173.7,15.6,79.0,8.5,1,0,1,False,False,False,False,4.0
28,3.4,1.8,1.3,0.0,0.5,2.9,3.4,1.9,2.4,6.1,172.7,27.3,75.0,4.8,4,1,1,False,False,True,False,4.0
23,6.5,3.1,0.0,0.7,2.3,4.5,3.9,1.2,0.9,0.0,67.3,11.9,43.0,1.0,10,1,1,False,False,False,False,3.0
60,6.5,2.9,0.9,0.6,3.0,3.4,3.4,1.8,1.2,2.0,81.0,26.4,64.0,4.0,6,0,1,False,False,True,False,3.0
15,9.9,4.3,2.4,0.6,1.4,4.5,4.0,1.1,1.4,0.0,180.8,13.5,45.0,1.0,10,0,0,True,False,False,True,2.0
65,3.2,2.1,0.0,1.9,0.6,2.7,3.5,1.8,1.3,4.2,50.6,12.6,67.0,6.2,4,1,0,True,False,False,True,4.0
59,3.7,1.6,0.4,1.4,1.4,3.2,3.6,0.9,2.2,1.3,226.7,17.6,63.0,4.5,5,0,1,False,False,True,False,5.0
27,5.7,1.7,1.7,1.7,0.8,3.5,3.7,1.7,1.4,5.2,146.4,19.9,70.0,3.3,6,1,1,True,False,False,False,4.0
18,7.7,2.3,3.0,0.8,1.1,2.6,3.7,1.9,3.1,4.5,69.8,13.3,73.0,6.8,4,1,1,False,False,False,True,4.0
15,8.4,3.5,2.6,1.7,0.0,4.5,3.8,0.9,1.5,0.9,154.4,7.4,49.0,1.0,10,0,0,True,False,False,True,4.0
63,7.7,3.5,3.2,0.1,2.3,3.7,4.2,1.1,1.6,2.6,209.2,10.3,58.0,3.6,7,0,0,True,False,True,False,3.0
54,3.2,1.9,1.7,0.4,0.3,2.6,3.1,1.6,1.5,2.8,100.6,24.3,77.0,7.4,4,1,0,True,False,False,True,4.0
46,4.9,2.2,1.3,0.3,2.0,2.4,3.1,1.9,2.3,2.4,110.1,29.0,69.0,6.9,3,0,1,True,False,False,True,3.0
48,4.3,1.4,2.4,0.3,1.1,2.5,2.7,1.9,2.3,7.0,143.0,16.4,87.0,5.8,3,1,0,True,False,True,False,4.0
42,2.9,1.5,0.5,0.6,1.6,2.5,3.5,1.3,2.0,2.8,178.8,29.9,66.0,5.1,4,0,0,False,False,True,False,5.0
45,3.6,2.9,0.4,0.7,0.9,1.6,2.2,3.0,1.8,5.9,145.3,20.5,82.0,7.2,2,1,0,True,False,False,True,4.0
22,6.7,3.4,0.2,0.9,1.6,4.5,3.7,1.0,1.2,0.0,45.0,13.6,53.0,1.0,10,0,0,False,False,False,False,3.0
53,6.4,1.4,2.7,1.6,1.8,3.4,3.5,1.8,1.2,5.4,93.7,23.2,68.0,4.7,5,0,1,True,False,True,False,4.0
40,3.0,2.2,0.6,0.0,1.0,1.7,2.2,2.5,2.4,3.2,106.4,31.1,75.0,8.9,2,1,1,True,False,True,False,5.0
72,3.1,1.8,2.6,0.0,0.0,0.6,1.3,2.6,3.1,5.2,180.4,24.0,80.0,8.0,1,0,1,True,False,False,True,5.0
48,4.7,2.8,1.7,0.0,1.7,4.4,4.0,1.3,0.9,0.7,182.2,21.8,55.0,2.7,7,0,0,False,False,False,True,4.0
68,5.5,1.7,2.7,0.1,1.8,4.0,4.1,1.6,1.9,2.4,132.3,18.0,65.0,3.4,7,0,0,True,False,False,True,4.0
68,1.0,0.3,0.3,0.3,0.0,0.7,1.7,2.7,3.1,6.3,119.3,27.1,82.0,9.3,1,1,1,False,False,False,False,4.0
17,4.8,2.9,0.8,0.2,0.4,4.5,3.9,0.5,1.3,0.1,218.9,6.9,56.0,1.0,10,0,0,True,False,True,False,4.0
73,3.6,1.7,2.0,0.0,1.1,3.2,3.6,1.8,1.6,3.3,98.0,11.3,72.0,5.8,5,1,0,False,False,False,True,4.0
64,2.4,1.8,1.0,0.7,0.0,3.3,3.7,1.8,1.5,7.8,159.4,29.2,81.0,5.4,5,0,1,True,False,False,True,5.0
26,5.2,2.4,0.0,0.4,2.1,3.0,3.3,1.8,2.4,2.9,160.0,32.3,74.0,8.9,4,0,1,False,False,False,True,5.0
15,4.0,2.3,0.0,0.1,0.9,4.5,3.5,0.2,0.5,0.0,149.2,10.5,43.0,1.0,10,0,1,False,False,True,False,4.0
68,4.4,2.4,0.3,0.7,1.7,1.5,2.4,2.8,2.8,3.7,83.0,23.8,79.0,8.2,2,1,1,False,False,False,True,4.0
58,1.0,0.5,0.4,0.3,0.3,1.2,1.0,2.9,2.3,2.9,186.7,36.9,87.0,7.4,1,1,1,True,False,False,True,5.0
19,10.0,2.5,2.2,1.3,3.4,4.5,3.9,0.9,1.0,3.1,100.9,12.7,61.0,2.5,8,1,1,True,False,True,False,3.0
44,1.9,0.3,1.9,0.5,0.0,0.9,1.2,3.0,2.8,5.0,158.3,26.2,79.0,10.0,1,0,1,True,False,False,False,4.0
44,4.9,2.7,1.7,0.4,0.9,2.5,2.8,2.1,1.8,2.7,52.6,33.5,72.0,7.3,3,0,1,False,False,False,False,4.0
73,8.4,3.0,3.7,0.8,2.6,4.5,3.8,1.9,1.2,0.0,104.6,11.5,46.0,4.1,8,1,1,False,False,False,False,4.0
71,3.6,0.8,2.8,0.0,0.3,0.8,1.1,3.8,3.6,4.6,75.1,21.4,82.0,8.0,1,0,1,False,False,True,False,5.0
31,6.9,2.3,2.4,1.3,1.5,4.5,4.0,0.4,1.4,1.5,107.5,14.4,48.0,1.0,10,1,1,True,False,True,False,4.0
62,5.2,3.0,0.0,1.1,2.0,2.7,3.3,1.6,1.6,2.9,205.2,12.8,71.0,6.1,4,0,0,True,False,False,False,4.0
61,2.2,1.6,1.6,0.1,0.0,3.6,3.8,1.7,0.7,1.7,116.3,11.3,65.0,4.4,6,1,1,True,False,True,False,5.0
37,4.6,2.6,1.8,0.0,0.7,3.6,3.5,1.2,0.8,2.3,72.1,17.7,61.0,4.3,6,0,1,False,True,True,False,4.0
29,2.9,0.2,1.0,0.0,1.6,2.9,3.5,2.5,1.1,2.6,100.7,32.3,68.0,6.8,4,0,0,False,False,False,False,4.0
51,7.8,3.0,3.4,0.0,1.9,4.5,4.2,0.8,1.0,0.7,200.1,19.7,48.0,1.0,8,0,1,False,False,False,True,3.0
35,3.3,2.0,1.6,0.0,0.6,3.3,3.7,2.0,1.5,1.4,202.5,25.9,60.0,6.1,5,1,1,True,False,False,True,5.0
28,5.2,1.8,0.1,0.0,3.2,3.7,4.0,1.3,1.1,1.1,151.3,21.2,55.0,3.5,6,1,0,False,False,True,False,4.0
16,5.9,2.9,0.4,0.0,1.9,4.5,3.9,0.7,0.9,0.0,175.3,10.7,38.0,1.0,10,0,0,False,False,False,True,4.0
25,10.0,3.6,4.0,0.4,2.2,4.5,3.9,1.1,1.2,0.0,126.1,10.8,55.0,1.0,10,0,0,True,False,True,False,3.0
65,5.2,2.4,1.0,0.5,2.1,2.6,3.5,2.0,1.9,4.3,223.8,24.6,69.0,5.1,4,1,1,False,False,False,False,4.0
53,3.9,3.4,0.0,1.4,0.0,0.8,1.2,3.1,2.8,4.3,104.7,19.9,86.0,8.6,1,0,1,False,False,False,False,4.0
52,2.9,0.6,0.8,1.2,1.3,4.3,4.1,1.8,1.0,0.0,213.3,7.3,55.0,1.1,8,1,0,False,False,False,True,4.0
74,3.0,2.6,0.0,0.2,1.4,1.1,1.2,2.7,2.5,3.5,144.2,20.8,74.0,8.5,1,1,1,False,False,False,True,4.0
48,5.3,1.9,2.5,0.5,1.1,2.0,3.0,1.6,2.6,5.3,58.2,31.2,66.0,7.8,3,1,1,True,False,False,True,4.0
52,3.5,1.3,0.0,1.3,1.6,1.5,2.2,2.7,2.3,4.8,101.5,13.9,77.0,8.8,2,1,1,True,False,False,True,4.0
64,1.0,0.3,0.0,0.3,0.0,0.8,1.0,2.1,3.1,8.4,84.5,35.4,91.0,9.8,1,1,0,False,True,True,False,4.0
48,5.4,2.6,1.5,0.7,1.5,4.5,3.9,2.1,0.9,1.8,168.1,14.9,54.0,1.8,8,1,1,True,False,False,False,3.0
32,6.2,2.8,2.7,0.2,1.1,4.0,3.8,1.6,1.1,2.4,123.6,17.7,56.0,1.2,7,1,1,False,False,False,True,3.0
44,4.5,3.2,1.4,0.6,0.0,2.5,3.3,1.8,1.9,7.0,155.6,14.0,79.0,6.0,4,0,1,False,False,False,False,4.0
29,5.7,3.1,0.1,0.7,1.8,3.4,3.7,1.4,1.3,6.5,105.4,21.5,81.0,6.3,5,0,1,False,False,False,False,4.0
41,2.4,1.3,1.7,0.4,0.2,2.3,3.2,1.8,1.7,5.1,59.5,13.4,75.0,8.1,3,0,1,False,True,True,False,4.0
65,5.5,3.2,1.0,1.2,1.0,1.5,2.6,3.0,1.4,5.3,130.8,33.7,84.0,7.2,2,1,1,True,False,True,False,4.0
48,6.4,3.3,2.7,0.1,1.1,2.4,3.0,1.9,1.9,4.8,145.3,30.6,76.0,8.5,3,1,1,True,False,False,True,4.0
66,3.7,1.8,2.4,0.7,0.0,2.5,2.9,1.6,2.1,7.1,116.0,29.2,76.0,6.0,3,0,1,True,False,False,True,4.0
71,3.8,2.0,0.9,1.7,0.0,4.2,3.7,1.1,1.3,0.0,141.6,8.4,59.0,3.0,7,0,1,True,False,False,False,4.0
52,5.5,1.2,2.4,0.8,1.9,2.2,3.4,1.8,2.8,3.7,134.4,15.7,80.0,6.2,3,0,0,True,False,False,True,4.0
47,4.9,3.3,1.8,0.1,0.8,2.9,3.6,0.9,2.0,4.2,204.5,15.6,71.0,8.3,4,1,1,True,False,False,True,4.0
38,4.1,0.6,3.0,0.8,1.0,3.8,3.9,1.8,1.1,0.0,134.0,16.2,58.0,3.0,7,0,0,False,False,False,True,4.0
29,8.3,2.5,2.3,2.1,1.5,4.5,3.6,0.9,1.0,0.0,272.1,13.1,33.0,1.0,10,0,0,False,False,False,True,3.0
74,3.7,1.5,2.1,0.6,0.0,3.7,3.8,0.6,1.3,6.8,60.9,12.1,69.0,5.3,6,1,1,True,False,False,False,4.0
44,5.2,1.0,3.0,1.1,1.0,2.1,3.2,2.3,2.4,4.5,153.8,24.3,72.0,5.7,3,1,1,True,False,True,False,3.0
69,2.9,0.3,1.5,0.6,1.3,2.0,2.2,2.3,3.2,5.2,127.6,34.9,76.0,7.6,2,1,1,False,False,False,False,4.0
56,5.1,1.8,0.6,0.8,3.2,3.2,3.4,1.3,1.5,1.9,0.0,17.5,70.0,6.3,5,0,1,True,False,False,False,4.0
65,2.7,0.9,1.7,0.6,0.5,1.0,1.4,1.9,2.5,4.9,159.9,26.8,73.0,8.6,1,0,0,True,False,False,True,4.0
31,4.9,2.1,1.1,0.0,2.2,4.1,3.9,2.2,0.9,0.1,223.9,16.0,52.0,3.4,7,0,1,True,False,False,False,4.0
19,8.5,3.6,2.2,0.8,1.4,4.5,4.0,1.0,0.7,0.0,176.2,11.9,48.0,1.0,10,0,0,False,False,True,False,3.0
43,3.2,2.2,1.6,0.0,0.3,2.0,3.0,2.1,3.2,0.3,148.8,19.8,76.0,8.9,3,1,0,True,False,False,True,4.0
18,7.8,3.8,1.9,0.4,0.8,4.5,3.7,0.8,0.5,0.5,174.7,11.2,52.0,1.0,9,1,0,False,True,False,True,3.0
24,5.6,1.1,0.2,1.7,2.3,4.5,3.8,1.4,0.9,0.6,123.7,15.0,51.0,1.0,9,0,1,True,False,False,True,4.0
70,4.7,0.8,2.1,0.6,2.2,2.4,3.4,2.1,1.7,3.7,171.6,20.3,69.0,5.7,4,0,1,False,False,True,False,3.0
31,2.1,1.1,0.1,0.0,0.9,3.9,3.6,1.9,1.2,1.2,171.4,18.6,58.0,1.4,7,0,0,True,False,False,False,4.0
24,7.1,1.9,2.6,0.7,1.7,4.5,3.8,0.5,1.0,0.0,194.1,7.8,47.0,1.0,10,0,1,True,False,True,False,4.0
31,7.0,4.5,2.6,0.3,0.4,4.1,4.2,2.1,0.9,1.3,145.0,22.6,66.0,4.2,7,0,0,False,False,False,True,4.0
74,3.0,0.5,1.9,0.7,1.2,2.3,3.0,2.1,1.9,5.7,155.6,31.3,80.0,8.7,3,1,1,False,False,False,True,4.0
34,4.6,2.6,1.8,0.0,1.0,3.7,3.8,2.0,1.4,0.7,134.4,25.5,62.0,4.6,6,0,1,False,False,True,False,5.0
38,4.5,1.4,1.3,1.1,2.3,4.0,4.0,0.8,1.1,2.4,93.6,10.0,65.0,2.2,7,0,0,False,False,False,True,5.0
19,5.8,1.8,0.8,0.7,1.9,4.5,4.1,0.4,1.1,1.3,148.0,12.3,63.0,1.0,9,0,0,False,False,False,False,4.0
48,1.9,0.9,1.5,0.0,0.7,0.9,1.3,2.4,2.6,6.7,200.3,16.7,81.0,10.0,1,0,0,False,False,False,True,5.0
20,8.8,2.8,3.7,0.8,0.8,4.5,3.8,0.7,1.0,0.2,184.7,5.3,40.0,1.1,10,1,0,False,False,False,True,3.0
67,6.0,2.0,1.8,1.8,1.4,4.5,3.7,2.0,1.6,0.5,120.9,18.9,48.0,3.6,8,1,1,True,False,False,True,3.0
16,5.3,3.0,0.0,0.1,1.2,4.5,4.0,1.2,1.3,0.0,168.4,7.8,43.0,1.0,10,0,1,True,False,False,False,4.0
27,4.6,2.2,0.0,1.1,1.1,3.2,3.9,2.1,1.7,3.3,170.2,23.1,70.0,6.2,5,1,1,True,False,False,True,4.0
57,1.5,0.3,0.0,0.9,1.0,1.4,1.9,2.5,3.1,3.2,148.9,29.5,74.0,7.8,2,1,1,False,False,False,True,5.0
57,6.6,3.0,1.1,0.8,2.8,4.1,4.0,1.7,1.6,0.0,148.3,22.0,55.0,1.7,7,0,1,True,False,False,False,4.0
62,3.9,0.2,2.9,1.1,0.9,2.1,2.7,1.9,1.9,6.1,135.7,22.4,69.0,5.7,3,1,0,True,False,True,False,4.0
25,3.3,0.3,0.4,0.4,1.7,4.5,4.0,1.5,0.9,0.0,124.0,17.8,63.0,1.0,9,1,0,False,False,True,False,5.0
65,7.4,1.2,3.1,0.7,3.8,4.5,3.9,1.4,0.8,0.8,160.9,10.7,51.0,1.2,9,0,0,False,False,False,True,4.0
61,3.4,1.2,1.7,0.7,0.6,1.7,2.3,2.3,2.1,7.2,129.4,37.4,88.0,8.2,2,0,1,False,False,False,True,4.0
71,6.0,3.3,2.0,0.1,1.6,4.5,4.0,1.3,1.4,0.0,236.8,17.9,48.0,1.0,9,0,0,True,False,False,True,3.0
37,5.4,1.8,2.0,0.9,1.6,1.0,1.4,2.2,2.7,4.8,162.5,15.0,88.0,9.3,1,1,1,False,False,False,True,5.0
69,6.1,3.1,2.1,0.4,1.4,3.9,4.1,1.1,1.0,0.4,163.0,15.7,58.0,1.0,7,0,0,True,False,True,False,4.0
30,5.3,1.5,1.0,1.7,1.4,4.5,3.7,1.8,1.3,0.3,106.2,11.5,61.0,3.2,7,0,1,True,False,True,False,4.0
45,2.1,2.3,0.0,0.3,0.5,0.6,1.4,2.6,3.2,4.7,95.0,27.5,87.0,8.2,1,1,0,True,False,True,False,4.0
25,5.1,2.4,0.9,0.0,1.8,4.5,4.0,0.5,1.6,0.0,217.9,12.0,41.0,1.0,10,0,0,True,False,False,False,5.0
68,3.2,2.6,0.5,1.3,0.0,2.2,3.5,2.0,2.2,6.9,58.9,11.8,73.0,7.4,4,1,0,True,False,True,False,4.0
30,6.9,1.6,1.8,0.2,3.2,2.9,3.6,1.0,1.1,4.4,181.4,26.0,71.0,5.2,5,0,1,False,False,True,False,4.0
22,7.2,1.7,1.7,0.0,3.1,4.5,4.1,0.9,1.6,0.0,196.1,6.5,55.0,1.0,10,0,1,True,False,False,False,4.0
18,5.9,1.7,1.2,0.8,1.1,4.5,4.3,1.0,1.0,0.0,166.9,9.7,45.0,1.0,10,1,0,False,False,False,False,3.0
54,6.7,0.5,3.4,1.4,2.5,4.5,4.0,1.7,1.3,0.0,204.8,11.7,47.0,2.3,9,0,0,False,False,False,True,4.0
18,5.6,1.9,0.8,1.0,1.1,4.5,3.9,0.9,1.2,1.3,178.5,10.3,50.0,1.0,10,0,0,True,False,False,True,4.0
70,2.5,1.7,0.0,0.3,1.4,2.9,3.3,1.8,0.7,1.6,170.7,11.9,69.0,8.0,4,1,0,False,False,True,False,4.0
39,4.8,2.5,1.6,0.7,0.7,3.3,3.7,2.5,1.3,3.1,75.5,18.3,67.0,4.0,5,1,1,True,False,False,False,4.0
17,8.3,2.1,2.8,0.4,2.2,4.0,3.8,2.0,1.6,4.1,194.5,10.5,68.0,2.7,7,1,1,False,False,False,True,3.0
46,6.5,3.2,1.8,1.6,0.8,4.5,4.3,1.0,1.5,0.0,204.4,9.9,46.0,2.0,9,0,0,True,False,False,True,4.0
17,6.8,2.1,1.1,0.3,2.2,4.5,3.7,1.3,1.1,0.1,143.6,6.9,51.0,2.1,9,1,1,True,False,False,True,3.0
41,4.6,1.5,1.8,0.7,1.4,2.6,3.7,2.0,1.5,2.6,153.6,22.2,64.0,6.3,4,0,0,True,False,False,False,4.0
43,6.6,2.1,3.5,0.7,1.4,4.5,3.8,1.4,0.9,0.0,89.3,13.1,50.0,3.0,8,0,0,False,False,False,True,4.0
46,2.5,2.7,0.5,0.0,0.0,3.7,3.8,1.8,1.6,9.3,151.3,17.5,70.0,3.9,6,1,1,False,False,True,False,4.0
64,2.5,0.4,1.5,0.5,1.5,3.2,3.8,0.7,1.9,0.7,153.3,21.7,61.0,4.5,5,1,0,True,False,True,False,4.0
72,3.1,1.4,2.2,0.5,0.3,2.0,2.9,2.3,2.8,4.6,96.3,15.6,79.0,7.2,3,0,0,False,False,False,True,4.0
65,5.2,1.4,1.8,1.4,1.5,2.4,2.9,2.1,2.0,2.3,135.5,36.0,67.0,6.1,3,0,0,False,False,False,False,4.0
33,7.0,2.4,1.2,0.7,3.3,4.5,3.8,0.7,2.2,0.0,189.5,12.9,50.0,1.0,10,0,0,False,False,False,False,3.0
35,2.8,2.5,1.0,0.4,0.0,2.3,2.9,1.6,1.8,6.9,176.4,20.8,78.0,6.7,3,1,1,False,False,False,False,4.0
19,5.7,2.1,1.2,0.5,1.3,4.5,4.0,1.2,2.1,0.1,71.6,12.1,51.0,1.0,10,0,1,False,False,True,False,4.0
32,3.0,0.2,2.1,0.6,0.8,1.9,3.4,2.4,2.8,2.2,135.4,20.8,71.0,7.9,3,0,0,False,False,False,True,4.0
42,2.3,0.5,2.0,0.6,0.4,1.8,2.5,2.4,2.3,7.2,122.1,37.2,88.0,8.2,2,1,1,False,False,True,False,5.0
56,6.4,1.8,3.8,1.2,0.6,3.4,3.8,1.4,1.7,3.3,107.0,29.0,70.0,4.8,5,0,1,True,False,True,False,3.0
36,4.2,1.5,0.0,1.2,2.9,2.7,3.2,1.7,1.5,2.7,125.7,32.9,67.0,6.6,4,0,1,True,False,False,False,4.0
35,7.8,2.0,3.4,0.0,3.1,4.5,3.7,0.8,1.1,0.0,181.8,9.0,60.0,1.7,9,0,1,True,False,False,True,4.0
20,5.3,1.6,1.3,1.2,0.4,4.2,4.0,2.3,1.6,2.0,222.8,10.1,57.0,3.9,7,0,0,False,False,True,False,4.0
15,9.0,3.4,1.4,1.1,1.8,4.5,3.6,0.9,1.1,2.9,146.7,7.9,47.0,1.0,10,0,0,False,False,True,False,3.0
19,4.5,0.2,2.4,0.6,0.5,4.5,3.9,0.9,0.6,1.0,59.6,10.5,55.0,1.0,8,0,1,True,False,False,True,4.0
55,4.4,2.3,2.4,0.0,0.7,3.7,4.0,2.6,0.6,8.7,115.7,17.9,76.0,3.1,6,0,1,False,False,False,False,4.0
26,6.4,2.7,2.8,0.7,0.0,4.5,3.9,0.9,0.9,2.5,84.9,5.4,45.0,2.6,10,0,1,True,False,False,False,4.0
40,8.3,2.6,3.0,0.4,3.5,4.5,3.9,1.2,1.2,0.5,246.4,10.4,52.0,1.0,10,0,1,True,False,False,True,3.0
60,6.3,2.7,1.5,0.9,2.5,4.5,4.1,1.4,1.6,0.0,180.8,7.8,50.0,2.1,9,0,0,False,True,False,True,3.0
48,6.3,2.8,3.0,1.0,0.7,3.4,3.7,1.6,1.0,2.5,162.3,12.6,67.0,2.9,6,0,1,True,False,False,True,3.0
63,4.3,1.5,0.8,1.4,1.7,1.0,1.5,2.3,2.9,5.1,99.2,14.9,87.0,7.8,1,1,0,True,False,False,True,5.0
28,2.9,1.0,1.2,0.0,1.0,0.8,1.1,3.6,3.5,4.9,86.8,34.4,87.0,7.4,1,1,1,False,False,False,False,5.0
40,5.0,0.2,1.3,1.9,2.3,4.5,4.2,0.6,0.5,0.1,202.8,6.4,48.0,1.0,10,0,1,False,False,True,False,4.0
59,3.6,1.7,0.9,1.1,1.1,2.8,3.4,1.4,1.9,2.2,143.7,23.9,71.0,5.7,4,0,0,True,False,False,True,4.0
41,4.2,1.3,1.6,1.0,1.2,4.1,3.6,1.5,0.9,1.0,140.3,22.1,63.0,3.2,7,1,1,False,False,False,True,4.0
23,8.5,3.0,2.5,1.7,0.7,4.5,4.0,1.2,0.7,2.1,227.6,9.4,49.0,1.4,9,0,1,False,False,True,False,3.0
40,6.0,1.7,2.2,0.8,2.0,4.5,3.7,1.2,1.2,0.0,81.6,6.5,51.0,1.4,9,0,0,True,False,False,True,4.0
71,5.9,1.1,0.8,1.2,3.6,4.5,3.9,1.6,1.8,0.9,240.8,13.6,51.0,2.6,8,0,1,True,False,True,False,5.0
61,2.4,0.9,0.7,0.7,1.1,2.3,2.8,1.8,2.1,10.1,146.0,21.3,81.0,6.6,3,1,1,False,False,True,False,5.0
71,6.0,3.8,0.6,1.1,1.1,4.5,3.6,1.7,0.8,0.0,138.9,13.5,53.0,1.0,8,1,1,True,False,True,False,4.0
36,5.0,2.0,1.6,1.3,1.4,1.0,0.9,3.0,2.3,5.1,138.2,15.3,86.0,8.9,1,0,0,False,False,False,True,4.0
61,3.0,1.3,0.0,1.2,1.7,3.2,3.8,1.0,1.5,0.8,102.2,17.5,68.0,4.3,5,0,0,False,False,False,True,5.0
70,2.8,2.1,0.5,0.0,1.1,2.6,3.2,2.6,1.7,7.7,187.4,12.2,78.0,6.6,4,1,0,False,True,False,False,4.0
44,5.1,3.7,1.0,0.4,1.0,3.2,3.7,0.6,1.1,2.5,169.5,28.5,71.0,5.8,5,0,1,True,False,False,False,4.0
57,6.3,1.6,2.7,1.3,1.5,3.9,3.9,1.5,1.0,1.7,154.6,17.8,62.0,3.3,6,0,0,False,True,False,False,4.0
62,3.9,2.6,1.4,0.9,0.0,1.5,2.6,2.3,2.6,2.4,78.0,37.7,77.0,8.9,2,1,0,True,False,False,True,5.0
31,6.8,3.1,2.6,0.6,0.9,4.5,4.0,1.8,0.8,0.2,172.4,8.6,57.0,1.9,8,0,0,True,False,False,True,4.0
40,2.1,0.3,1.7,0.9,0.0,0.9,0.8,2.6,2.6,2.9,104.0,24.4,82.0,8.1,1,0,0,True,False,False,True,5.0
50,2.3,1.4,1.0,0.0,0.9,0.8,1.5,2.2,2.6,4.2,121.5,27.3,73.0,10.0,1,1,1,True,False,False,True,5.0
15,6.8,3.0,1.0,1.1,0.5,4.5,3.9,1.0,1.4,0.7,72.4,14.9,43.0,1.0,10,0,0,False,False,False,True,3.0
22,4.8,1.4,0.2,0.8,2.0,4.1,4.2,1.9,1.3,4.0,115.8,10.1,62.0,3.7,7,1,1,True,False,False,False,4.0
63,6.7,2.4,4.1,0.7,0.7,4.5,4.0,1.3,1.0,0.0,214.8,14.9,55.0,2.3,9,0,0,True,False,False,True,4.0
49,4.7,1.3,2.7,0.5,1.0,4.5,4.1,1.4,1.2,0.0,163.2,20.3,56.0,2.6,8,0,0,False,False,False,True,5.0
66,3.5,1.6,2.2,0.7,0.0,2.0,2.5,3.2,2.5,5.7,113.5,26.8,84.0,7.5,2,0,1,True,False,True,False,5.0
29,4.2,1.5,0.1,0.4,2.4,0.7,1.1,3.6,3.0,6.5,113.9,40.4,90.0,8.7,1,1,1,False,False,False,True,5.0
61,3.1,2.6,1.0,0.4,0.3,2.4,3.1,1.7,1.4,4.0,76.7,17.6,79.0,4.8,3,1,0,True,False,False,False,5.0
70,4.1,2.2,0.4,1.7,0.9,2.5,3.1,2.7,2.9,4.5,99.0,18.9,76.0,6.1,3,1,1,False,False,False,True,5.0
36,5.0,2.1,1.6,0.0,2.2,4.4,4.0,2.1,1.0,0.0,99.3,8.6,60.0,3.8,7,0,1,False,False,False,False,4.0
28,6.8,4.3,0.5,0.0,2.2,2.8,3.4,2.1,1.6,4.3,233.8,24.4,75.0,5.9,4,1,1,True,False,False,True,4.0
40,4.6,3.6,0.8,1.1,0.3,4.4,3.8,0.9,0.9,2.5,139.0,15.0,57.0,2.5,8,0,1,True,False,False,True,5.0
42,1.4,0.2,0.5,0.0,1.9,1.0,1.0,2.7,2.8,3.5,115.4,32.3,80.0,7.8,1,1,1,True,False,True,False,5.0
37,1.9,1.6,1.2,0.0,0.3,2.4,3.0,2.8,1.7,4.2,158.1,33.0,79.0,6.7,3,1,0,False,False,True,False,5.0
28,8.4,4.2,1.6,1.2,1.6,4.5,4.1,0.3,1.2,0.5,122.0,10.8,48.0,1.0,10,0,1,True,False,True,False,4.0
38,3.7,1.5,1.3,1.4,0.6,3.8,3.8,1.7,1.3,3.0,133.0,12.1,64.0,3.9,6,0,0,True,False,False,True,4.0
16,8.8,3.9,3.2,0.0,0.4,4.5,4.0,1.3,1.6,4.6,156.7,7.4,68.0,3.8,8,1,1,True,False,True,False,3.0
59,4.6,1.6,2.4,0.0,1.4,4.5,3.3,2.2,0.7,0.0,106.8,7.8,54.0,1.4,8,0,1,True,False,False,True,4.0
40,2.2,1.8,0.6,0.0,0.7,3.3,3.8,2.2,2.2,1.6,154.5,22.6,63.0,5.1,5,0,0,False,False,True,False,4.0
28,8.6,2.8,1.9,0.2,3.4,3.1,3.8,1.8,1.2,2.2,160.3,24.1,66.0,5.2,5,0,1,False,False,False,False,4.0
73,4.1,1.9,0.7,1.7,0.8,2.0,3.1,2.1,1.8,2.8,109.9,19.2,80.0,6.1,3,1,0,True,False,False,True,4.0
70,3.1,2.4,1.1,0.3,0.2,2.3,3.2,2.0,1.9,4.6,160.2,30.7,73.0,5.7,3,0,1,True,False,False,True,5.0
65,6.1,3.4,2.0,1.1,0.5,3.7,3.8,1.5,1.3,7.4,174.2,14.9,72.0,4.3,6,1,0,False,False,False,True,4.0
21,8.0,2.7,2.2,1.0,1.4,3.4,4.0,1.4,1.4,5.9,169.6,20.8,62.0,4.8,6,1,1,False,False,True,False,3.0
17,6.6,2.1,0.9,1.4,1.5,4.5,3.9,1.6,1.3,1.1,62.9,19.7,64.0,2.6,8,0,0,True,False,True,False,4.0
61,4.6,3.5,0.3,0.2,1.7,2.4,2.9,2.5,1.7,3.6,162.3,16.7,80.0,7.7,3,1,1,True,False,False,True,4.0
37,6.1,2.8,1.6,0.6,2.3,2.9,3.4,1.4,1.1,4.1,108.6,29.4,73.0,5.5,4,1,1,True,False,True,False,3.0
60,2.9,1.3,2.0,0.5,0.0,1.0,1.0,3.0,2.9,2.1,147.0,14.3,79.0,8.2,1,1,1,False,False,False,True,5.0
57,6.9,3.8,0.8,0.9,2.4,4.5,4.2,2.6,1.2,0.0,139.4,15.4,49.0,1.0,9,0,0,True,False,True,False,4.0
61,5.3,2.6,2.4,1.3,0.5,3.7,4.0,1.6,1.4,0.0,132.8,13.5,55.0,5.3,6,1,1,False,False,True,False,3.0
74,6.8,1.8,2.2,1.9,1.8,4.3,4.2,2.0,1.2,0.4,136.4,8.1,50.0,3.7,7,1,1,False,False,True,False,4.0
59,3.6,0.2,0.8,0.4,3.1,3.4,3.6,0.8,1.0,4.0,160.5,10.2,62.0,3.7,5,0,1,False,False,False,False,4.0
32,4.6,0.8,2.7,0.7,0.6,3.5,3.8,1.7,1.0,0.0,142.0,17.1,61.0,4.5,6,0,0,True,False,False,True,5.0
72,7.2,3.5,2.8,1.1,0.6,3.1,3.7,1.4,1.6,2.1,113.2,12.2,74.0,7.5,5,0,1,True,False,False,True,4.0
52,8.1,3.6,3.8,1.0,0.4,4.5,3.9,1.4,1.2,0.0,169.9,10.0,39.0,1.2,10,0,1,True,False,True,False,3.0
49,6.9,2.1,3.4,1.6,1.1,4.5,4.0,1.9,1.5,0.1,190.2,15.8,47.0,1.0,9,0,0,True,False,False,False,4.0
65,3.4,0.4,0.5,0.5,2.7,2.7,3.5,1.8,2.1,5.2,144.2,24.8,69.0,7.1,4,0,0,False,False,True,False,4.0
29,3.9,1.0,2.5,0.4,0.3,3.2,3.1,1.2,1.2,1.7,33.6,25.6,68.0,5.2,5,1,0,False,True,False,True,5.0
39,4.1,0.5,2.5,1.4,0.9,2.6,2.8,1.8,2.9,5.9,118.1,24.7,86.0,6.4,3,1,1,False,False,True,False,5.0
69,3.2,0.5,1.1,0.8,2.4,1.3,2.6,1.8,1.9,4.8,90.9,30.1,79.0,8.4,2,1,1,False,False,False,True,3.0
51,8.0,3.8,2.0,0.9,2.0,4.5,4.0,0.7,0.9,1.7,156.9,11.2,50.0,1.3,10,0,0,True,False,False,False,3.0
42,4.3,3.9,0.0,0.6,0.9,2.0,2.0,2.3,2.5,4.2,72.9,17.4,81.0,7.3,2,1,0,True,False,False,True,4.0
24,3.7,1.0,0.0,1.2,1.2,4.5,3.7,1.8,0.6,1.3,114.5,10.7,50.0,1.4,9,0,1,True,False,False,True,4.0
53,3.5,2.0,0.0,0.1,2.3,2.3,3.0,2.7,1.6,7.3,131.0,28.7,85.0,6.2,3,0,1,False,False,False,True,5.0
71,5.5,0.8,1.9,0.3,3.0,2.6,3.2,2.5,1.0,5.5,142.2,26.5,67.0,4.9,4,0,1,False,False,False,True,5.0
31,6.5,2.0,2.0,0.0,3.1,1.6,2.5,2.2,2.7,4.3,108.4,18.1,79.0,7.3,2,1,0,False,False,False,True,4.0
53,6.7,3.5,1.2,0.2,2.8,3.7,3.9,1.3,0.0,2.6,202.9,19.1,65.0,3.1,6,0,0,True,False,True,False,3.0
36,7.5,3.0,3.4,1.2,0.7,3.7,3.9,1.1,1.4,2.0,186.7,10.7,57.0,4.1,6,0,0,True,False,True,False,3.0
40,8.0,2.7,2.6,0.6,3.2,4.5,3.9,2.3,1.4,0.9,200.8,17.6,50.0,1.2,8,0,0,False,False,False,True,4.0
58,1.3,1.8,0.0,0.0,0.7,2.7,3.0,2.4,2.2,1.1,171.5,29.4,72.0,8.7,3,0,0,True,False,True,False,5.0
39,4.4,3.1,1.3,1.5,0.0,1.7,2.7,3.2,2.2,3.7,146.6,33.0,77.0,7.2,2,1,1,False,False,False,True,4.0
31,5.1,2.6,0.5,0.7,1.5,1.8,2.2,2.7,1.9,4.6,129.3,16.3,88.0,8.2,2,1,1,False,False,True,False,5.0
27,9.0,2.4,2.0,1.6,2.9,4.5,3.4,1.4,1.8,0.0,177.2,8.2,49.0,1.4,10,0,0,False,False,True,False,3.0
34,5.9,1.9,1.5,1.1,2.1,4.0,3.5,1.5,1.2,2.6,129.4,13.0,65.0,2.7,7,0,1,True,False,False,False,4.0
39,3.7,2.3,0.5,0.7,1.3,4.2,3.7,1.7,0.5,0.0,128.0,10.7,65.0,3.3,7,1,0,True,False,False,False,4.0
18,10.0,2.3,3.4,1.7,1.7,4.5,4.4,0.6,0.8,0.0,125.6,5.4,51.0,1.8,10,0,1,True,False,False,True,4.0
24,5.6,1.5,1.6,0.4,1.9,4.5,4.2,0.9,1.6,0.0,192.2,11.8,47.0,1.0,10,1,0,True,False,False,True,4.0
17,4.7,1.3,1.0,0.0,1.5,3.9,3.6,1.4,1.6,3.0,47.8,17.5,67.0,1.7,7,0,1,True,False,False,True,4.0
55,4.0,1.1,1.2,1.6,1.1,3.9,3.6,1.8,1.2,0.0,178.2,15.9,46.0,4.6,6,0,1,False,False,False,True,5.0
59,5.5,1.2,3.3,1.0,0.7,2.0,3.1,2.1,2.7,5.2,189.5,20.7,79.0,8.9,3,0,0,False,False,True,False,3.0
32,6.7,1.8,2.5,1.4,1.5,4.5,3.9,1.0,1.2,0.0,160.4,7.9,47.0,1.0,10,1,0,True,False,False,True,5.0
61,4.2,1.7,1.3,1.1,1.3,4.4,3.6,2.2,0.8,1.8,232.2,9.8,64.0,4.4,7,0,0,True,False,False,True,4.0
50,4.0,1.4,0.4,1.6,1.4,2.7,3.1,1.7,1.1,2.0,75.7,17.6,71.0,6.6,4,0,0,True,False,False,False,5.0
61,3.6,1.4,0.6,0.3,2.4,0.7,1.1,2.5,3.5,6.5,168.5,30.1,90.0,8.9,1,0,1,True,False,True,False,5.0
36,3.8,2.3,1.0,0.5,1.2,0.8,1.1,2.2,1.9,4.6,97.4,14.5,77.0,9.4,1,0,0,False,False,False,True,4.0
48,6.1,3.2,2.1,0.5,1.2,3.4,3.5,1.3,1.4,2.3,180.3,13.1,66.0,3.5,5,0,1,True,False,False,True,3.0
61,5.4,2.0,2.3,0.5,1.6,4.2,3.9,1.2,1.8,0.1,65.7,13.5,57.0,1.2,8,0,0,True,False,True,False,4.0
22,6.9,1.9,0.7,0.0,4.0,4.5,4.0,1.8,1.0,2.0,208.6,8.3,52.0,1.1,9,1,0,True,False,False,True,3.0
54,3.5,1.2,2.4,0.7,0.3,2.5,2.6,2.2,2.5,3.3,126.4,16.4,72.0,7.1,3,1,1,False,False,True,False,5.0
63,5.1,1.8,0.5,1.1,2.5,1.7,2.3,3.0,2.7,3.1,84.2,22.1,76.0,8.1,2,1,1,False,False,False,True,4.0
58,4.3,3.1,0.8,0.2,1.1,1.5,2.2,2.5,2.6,6.2,67.4,22.8,91.0,8.6,2,0,1,True,False,False,False,5.0
33,3.7,2.9,0.0,0.1,1.3,3.6,3.8,1.9,1.3,1.7,151.6,13.6,56.0,5.0,6,0,0,False,False,False,True,5.0
56,3.0,2.9,0.0,0.5,0.1,1.0,1.5,2.7,2.5,3.9,199.7,17.7,71.0,8.6,1,1,1,False,False,False,False,4.0
55,6.9,2.8,0.5,1.1,3.3,3.0,3.5,1.6,1.5,0.0,142.9,22.4,61.0,4.9,4,0,1,False,False,False,True,3.0
51,4.5,2.4,1.5,0.0,1.6,1.8,2.1,2.9,2.1,2.7,5.6,27.7,79.0,8.1,2,1,0,True,False,True,False,4.0
20,7.5,2.4,0.4,2.0,2.1,4.5,4.0,0.8,0.9,0.1,148.3,8.4,42.0,1.0,10,0,1,False,False,False,True,3.0
66,4.1,2.2,3.1,0.0,0.0,2.6,3.6,1.8,1.8,1.2,65.0,30.0,67.0,5.5,4,1,0,False,False,True,False,4.0
40,2.1,1.6,0.5,0.3,0.8,1.6,2.2,3.0,2.1,4.9,157.4,35.3,82.0,9.4,2,0,0,False,False,False,True,5.0
48,5.5,2.1,1.7,1.3,1.8,4.5,3.4,0.1,1.2,0.8,174.6,14.8,43.0,1.0,10,0,0,False,False,True,False,4.0
73,6.3,2.2,3.0,1.2,1.2,1.7,2.5,2.5,2.3,4.3,185.3,26.9,79.0,8.1,2,1,0,False,False,False,False,4.0
70,6.3,2.6,1.6,1.1,1.8,3.3,3.4,2.3,2.4,4.3,150.5,23.3,71.0,5.7,5,1,1,True,False,False,False,4.0
73,6.3,2.1,1.1,0.2,3.5,4.3,4.2,2.2,1.8,1.0,91.3,20.7,52.0,1.0,8,0,1,False,False,True,False,4.0
59,6.8,3.9,1.7,0.3,1.9,4.5,3.9,1.1,1.2,0.5,185.8,13.7,49.0,1.0,10,0,0,False,False,False,True,4.0
20,3.4,0.9,0.9,0.1,1.0,4.1,4.1,1.4,0.3,0.0,231.0,18.1,57.0,3.7,8,0,1,False,False,False,True,5.0
51,2.3,2.7,0.4,0.4,0.7,3.3,3.4,1.9,1.7,8.0,82.2,26.9,75.0,4.8,5,1,1,True,False,False,True,4.0
71,5.0,2.0,2.2,0.8,0.6,2.7,3.3,1.4,2.3,6.0,76.0,24.5,67.0,6.8,4,1,1,False,False,False,True,4.0
47,2.7,2.0,0.9,0.1,1.0,0.6,1.4,2.8,1.8,4.8,115.7,38.7,86.0,9.9,1,1,1,False,False,False,False,5.0
67,3.4,1.3,2.5,0.0,1.0,3.3,3.9,1.8,1.7,1.4,146.6,27.5,68.0,5.9,5,0,0,True,False,False,False,4.0
36,7.0,2.9,2.4,1.3,1.5,3.9,3.9,2.4,1.5,3.2,74.0,17.5,69.0,4.3,7,1,1,False,False,True,False,4.0
35,5.7,2.6,1.7,0.5,1.9,3.2,3.7,1.8,1.6,4.9,184.2,16.9,73.0,4.9,5,0,1,False,False,True,False,3.0
20,8.9,2.8,2.6,1.0,1.8,4.5,4.0,1.1,1.3,0.7,178.6,10.0,47.0,2.3,10,0,0,False,False,False,True,4.0
20,5.5,2.2,0.9,0.4,1.5,4.5,3.7,1.2,0.9,0.0,123.7,6.0,44.0,1.5,9,1,1,True,False,True,False,3.0
69,5.7,1.7,2.4,0.9,1.6,2.8,3.8,1.1,1.6,6.9,181.5,29.4,71.0,5.1,5,0,1,True,False,True,False,4.0
62,9.1,1.9,2.4,2.0,3.9,4.2,3.4,1.3,1.1,0.7,257.7,13.3,56.0,2.8,7,0,0,False,False,False,False,4.0
18,5.0,2.4,1.2,0.0,0.7,4.5,4.0,1.3,0.9,2.2,113.7,12.3,52.0,1.7,9,0,0,True,False,False,False,4.0
44,1.6,0.2,1.0,0.1,1.4,3.3,3.2,1.9,1.3,7.0,24.6,26.7,68.0,5.3,5,0,1,False,False,False,True,4.0
25,4.9,2.8,1.9,0.1,0.0,4.2,3.9,0.9,0.5,1.6,116.5,10.7,63.0,2.7,7,1,1,False,False,False,True,4.0
44,9.5,4.2,3.7,1.9,1.0,4.5,3.9,1.1,0.7,0.0,225.2,14.1,44.0,1.0,10,0,0,False,False,True,False,3.0
45,3.4,2.4,1.2,0.6,0.5,3.7,3.7,2.1,0.8,0.0,91.6,12.1,60.0,1.8,6,0,0,True,False,False,False,5.0
38,3.2,1.7,1.0,1.1,0.7,1.4,2.4,2.5,2.6,6.3,72.2,15.9,78.0,7.7,2,1,0,False,False,False,False,4.0
69,4.0,1.9,2.8,0.0,0.2,3.6,3.8,0.2,0.9,1.7,208.9,21.8,69.0,5.0,6,1,1,True,False,False,True,5.0
23,5.6,2.6,1.6,0.8,0.0,4.5,4.1,0.7,1.6,0.0,82.6,9.0,52.0,1.0,10,1,0,True,False,False,False,4.0
69,5.1,1.8,2.5,0.4,1.5,2.7,3.5,1.6,1.7,5.9,105.7,18.9,82.0,5.7,4,1,1,True,False,False,True,4.0
17,10.0,2.8,3.1,1.4,2.1,4.5,3.4,0.7,1.2,0.0,247.7,9.5,47.0,1.0,10,0,1,True,False,True,False,3.0
65,2.7,1.8,0.0,1.0,0.6,3.8,4.1,1.0,1.0,0.0,137.9,16.7,50.0,2.9,6,0,0,False,True,True,False,5.0
45,4.4,3.5,1.5,0.3,0.0,2.7,2.8,2.0,2.3,3.8,193.1,13.6,74.0,6.9,3,1,0,False,True,False,True,4.0
54,7.1,3.5,1.2,1.5,1.5,3.9,3.9,2.2,1.1,2.6,140.9,8.7,56.0,2.5,7,1,1,True,False,False,True,3.0
51,4.5,1.7,0.4,1.6,1.9,3.2,4.0,0.7,1.7,2.4,125.5,16.5,62.0,3.2,6,0,1,False,False,False,True,4.0
50,4.2,1.9,0.0,1.5,2.1,1.6,2.5,2.4,2.9,7.3,111.8,15.4,92.0,10.0,2,1,0,True,False,False,True,4.0
38,2.7,2.0,0.0,1.1,0.4,0.6,1.5,2.5,2.1,5.0,118.6,20.5,90.0,10.0,1,1,1,False,False,False,True,5.0
45,3.8,2.0,1.6,0.4,0.8,2.9,3.1,1.8,2.2,2.6,140.8,29.8,68.0,5.5,4,0,0,False,False,False,False,4.0
20,3.5,1.1,0.9,0.7,0.3,4.5,3.9,2.0,0.9,0.1,198.5,10.6,64.0,2.1,8,0,1,False,False,False,True,5.0
16,3.7,1.0,0.6,0.3,0.7,4.3,4.0,1.6,1.0,1.8,138.2,22.8,59.0,1.0,7,1,1,True,False,True,False,4.0
34,4.9,3.1,1.6,0.7,0.6,4.5,3.8,2.3,1.7,0.0,191.2,13.2,44.0,3.2,8,0,1,False,False,False,True,4.0
42,4.0,3.0,0.7,0.2,0.9,2.0,3.2,1.8,2.1,3.1,184.6,26.0,69.0,7.2,3,0,1,True,False,False,True,5.0
25,7.9,3.0,2.9,0.5,1.1,4.5,4.0,2.3,0.9,2.2,197.9,10.2,49.0,2.2,8,0,0,False,True,False,True,3.0
18,6.9,1.9,0.8,1.9,1.5,4.5,4.0,0.8,1.7,0.5,106.6,5.2,49.0,1.3,10,0,0,True,False,False,True,4.0
29,7.6,3.7,3.2,0.8,0.6,4.5,4.2,0.4,0.4,0.0,174.4,9.5,35.0,1.0,10,1,1,False,False,False,True,4.0
20,5.6,2.0,1.5,0.3,1.3,4.5,3.5,1.0,1.2,0.0,44.9,15.9,52.0,3.4,8,1,1,False,False,True,False,4.0
68,3.5,2.8,0.8,0.0,0.5,1.6,2.0,2.8,2.0,4.5,140.1,18.0,73.0,6.3,2,0,1,False,False,True,False,4.0
63,1.4,0.8,0.7,0.5,0.0,2.6,3.1,1.8,1.9,6.1,119.2,34.0,80.0,7.4,3,1,1,True,False,False,True,5.0
44,7.5,1.8,3.2,1.0,1.9,3.6,3.8,1.7,1.4,0.8,220.8,12.4,57.0,4.0,6,0,0,False,False,True,False,2.0
70,4.7,1.9,2.3,0.7,0.7,3.9,3.7,1.8,0.4,4.0,231.4,22.5,62.0,3.1,6,1,1,True,False,False,True,4.0
52,1.9,1.9,0.7,0.6,0.0,2.5,3.0,1.7,2.9,4.5,152.6,25.9,66.0,8.0,3,1,1,False,False,False,True,4.0
65,4.6,0.8,1.6,0.9,2.0,3.5,3.9,1.7,1.7,2.9,121.5,11.2,64.0,5.1,5,1,1,True,False,True,False,4.0
71,3.4,2.6,0.0,0.8,1.1,1.1,1.2,2.1,3.0,5.0,130.8,26.7,85.0,10.0,1,1,0,True,False,False,False,4.0
16,6.6,2.9,0.0,1.0,1.9,4.5,4.0,1.2,0.7,0.6,126.0,8.9,62.0,2.3,8,0,1,False,False,False,True,4.0
29,4.6,1.3,0.7,1.0,1.8,2.2,3.1,2.4,1.5,4.9,204.3,20.6,76.0,6.7,3,0,1,True,False,True,False,4.0
25,3.1,1.0,0.6,0.5,0.3,2.4,3.2,2.4,2.1,4.7,161.4,24.3,80.0,6.2,3,0,1,True,False,True,False,4.0
22,7.4,1.3,2.8,0.5,2.3,4.5,4.0,0.8,0.8,0.0,149.0,8.4,53.0,1.0,10,0,0,True,False,False,True,3.0
40,2.0,2.4,0.0,0.6,0.0,1.1,1.4,2.4,2.5,5.5,97.9,21.2,84.0,8.7,1,1,0,True,False,True,False,4.0
65,2.0,1.5,0.0,0.9,1.0,2.5,3.1,1.7,2.3,3.4,119.6,20.9,80.0,3.6,4,0,1,False,False,False,True,5.0
59,5.1,1.9,2.0,1.3,0.9,2.8,3.2,1.9,1.6,3.7,94.1,24.6,76.0,5.0,4,1,0,False,False,False,True,4.0
58,3.0,1.0,1.8,0.4,0.6,1.5,2.2,2.3,2.6,5.4,210.9,35.7,82.0,7.0,2,1,0,True,False,True,False,4.0
19,8.7,3.8,1.1,0.5,2.6,4.5,3.9,1.0,1.1,2.1,113.5,12.9,63.0,1.4,9,0,0,True,False,False,True,3.0
20,8.4,2.1,3.8,0.1,1.7,4.5,3.8,0.8,1.8,0.3,112.5,7.5,52.0,1.0,10,1,0,True,False,False,True,3.0
40,4.3,3.0,2.2,0.0,0.0,3.7,3.8,2.2,0.5,0.1,181.6,22.9,60.0,2.9,7,1,1,True,False,False,True,4.0
68,4.0,2.4,2.8,0.0,0.1,4.0,3.8,1.3,0.8,1.0,153.2,10.8,59.0,2.9,7,0,0,False,False,False,True,4.0
18,7.2,2.0,1.4,0.0,3.6,4.5,3.5,1.1,0.7,0.0,111.5,7.5,42.0,1.0,10,0,1,False,False,True,False,3.0
33,3.1,1.9,0.9,0.2,0.9,1.9,2.3,3.1,3.3,6.6,64.7,15.8,83.0,6.6,2,1,1,True,False,True,False,5.0
34,2.8,1.3,0.9,0.9,0.6,2.2,2.8,1.9,0.8,7.1,165.8,26.8,80.0,6.3,3,0,1,True,False,False,True,4.0
47,5.8,1.6,2.5,0.0,2.6,4.5,4.1,1.9,1.3,1.7,111.1,7.8,48.0,2.0,9,0,1,True,False,True,False,3.0
34,3.8,1.1,2.4,0.6,0.0,2.2,3.1,1.0,2.3,4.6,149.7,14.7,74.0,8.2,3,1,1,False,False,True,False,4.0
63,5.5,1.0,1.3,1.1,2.8,4.3,4.1,1.3,1.2,2.3,230.0,20.6,63.0,2.7,7,0,0,False,True,True,False,4.0
26,6.2,3.9,2.0,0.1,0.6,4.5,4.2,1.7,0.7,0.0,94.0,14.6,55.0,1.0,9,0,1,True,False,False,False,4.0
61,6.7,2.3,2.6,0.3,1.9,4.5,4.4,0.3,0.8,2.2,85.3,13.7,47.0,1.0,10,1,0,True,False,True,False,3.0
15,6.3,3.3,0.9,0.0,0.9,4.5,3.8,1.9,1.2,3.9,201.2,14.9,55.0,2.4,8,1,0,False,False,True,False,4.0
40,1.3,1.3,1.1,0.0,0.0,2.5,3.5,1.8,1.8,5.1,166.8,16.7,78.0,6.8,4,0,1,False,False,False,True,5.0
28,6.1,0.9,2.0,1.4,1.6,4.5,3.9,1.7,0.7,1.7,187.0,14.8,58.0,1.0,9,0,0,True,False,True,False,4.0
52,2.7,1.1,0.0,0.9,2.3,1.9,2.3,1.9,2.5,3.3,223.3,25.4,72.0,9.1,2,0,1,True,False,True,False,5.0
51,4.4,1.6,2.0,1.9,0.0,3.4,3.4,1.7,1.6,2.3,169.7,19.6,69.0,4.7,5,0,0,True,False,True,False,5.0
25,3.0,2.0,0.3,0.2,0.2,3.0,3.5,1.4,1.7,2.7,127.5,13.9,67.0,4.5,5,1,0,False,False,False,False,5.0
50,7.5,1.9,2.5,1.5,2.6,4.5,4.3,1.3,1.4,0.0,209.4,12.5,51.0,1.0,10,0,1,True,False,False,True,3.0
27,7.6,1.3,3.9,0.2,1.8,4.5,3.9,0.6,0.6,0.0,165.0,13.7,69.0,1.0,10,0,0,True,False,False,True,3.0
57,4.3,2.1,0.7,0.3,1.9,2.6,2.7,1.9,1.9,2.1,184.1,22.0,63.0,6.8,3,0,0,False,False,False,False,4.0
17,7.7,2.2,0.0,2.2,2.3,4.5,3.8,1.3,0.5,0.0,98.9,7.1,56.0,1.0,10,1,1,True,False,True,False,4.0
47,4.8,2.6,1.3,0.1,1.9,1.5,2.3,2.6,2.6,5.2,162.5,16.6,77.0,9.5,2,1,1,False,False,True,False,5.0
20,8.5,3.3,1.2,1.6,1.5,4.5,3.7,1.1,0.5,1.3,246.7,6.2,56.0,1.0,10,0,0,True,False,False,True,4.0
64,5.9,1.7,2.2,0.6,2.5,1.7,2.5,2.6,2.1,4.4,150.9,21.5,82.0,7.5,2,1,0,True,False,False,False,5.0
70,5.1,3.1,1.8,0.0,1.0,0.8,1.2,3.1,2.5,4.5,134.7,36.2,82.0,9.5,1,1,0,False,False,False,True,4.0
24,4.9,2.1,1.2,0.0,1.4,4.5,4.0,0.6,1.2,0.0,259.1,14.2,47.0,1.1,10,0,0,True,False,True,False,4.0
19,5.9,0.6,1.6,0.7,2.2,4.5,3.6,0.9,0.8,1.2,173.8,15.6,48.0,1.0,9,0,0,False,True,True,False,4.0
37,3.1,3.6,0.3,0.0,0.6,2.4,2.8,1.8,1.6,6.2,184.7,21.1,80.0,7.0,3,0,1,False,False,True,False,5.0
24,10.0,4.0,2.4,0.4,2.8,4.5,3.7,0.1,1.3,1.4,119.3,11.3,46.0,1.0,10,1,0,True,False,False,True,3.0
58,6.5,2.6,3.3,0.0,1.7,4.5,4.2,0.9,1.2,0.5,170.9,6.4,55.0,1.3,10,0,1,False,False,False,True,3.0
16,4.0,2.1,0.2,0.8,0.3,4.3,3.8,1.5,0.3,0.2,154.4,20.1,55.0,3.0,7,0,0,True,False,False,False,4.0
27,2.8,1.8,0.0,0.0,1.2,2.3,3.1,2.0,2.0,8.9,225.2,28.0,88.0,6.0,3,0,0,False,False,False,True,5.0
54,2.2,1.6,1.1,0.6,0.0,3.3,4.0,0.8,1.6,2.6,194.1,19.3,67.0,5.0,5,1,0,True,False,False,False,5.0
16,5.5,3.1,0.2,0.0,1.5,4.5,3.8,0.9,1.3,0.7,170.1,12.6,55.0,1.0,10,0,1,False,False,False,True,4.0
34,3.7,2.0,0.1,1.3,1.0,3.0,3.4,1.5,1.6,0.0,160.2,26.6,57.0,7.8,4,0,0,True,False,True,False,5.0
15,4.9,3.5,0.0,0.0,0.5,3.6,3.7,1.9,2.0,4.5,122.0,25.2,63.0,2.2,6,1,1,True,False,True,False,4.0
51,2.9,2.0,1.3,0.4,0.0,3.8,3.5,1.6,1.2,3.2,139.9,17.9,62.0,3.7,6,1,1,False,False,True,False,4.0
23,4.5,1.6,1.0,0.9,0.6,4.5,4.0,1.2,1.5,0.0,179.8,15.8,46.0,1.0,9,0,1,False,False,False,True,4.0
31,5.1,1.5,1.9,0.8,1.2,4.5,3.8,1.5,0.9,0.0,182.9,13.4,60.0,1.0,9,1,0,True,False,False,False,4.0
23,3.7,1.3,0.9,0.0,1.0,4.5,3.7,0.7,1.5,0.0,136.9,12.1,53.0,1.0,10,0,1,True,False,False,False,3.0
25,2.9,2.5,0.2,0.0,0.0,3.4,2.8,1.7,1.4,5.2,177.3,13.0,79.0,4.9,5,1,1,False,False,True,False,4.0
29,4.3,0.8,1.5,1.1,1.4,2.5,3.4,1.9,2.2,2.9,196.6,18.5,59.0,5.3,4,0,0,False,False,False,False,3.0
38,1.5,1.3,0.3,0.5,0.4,1.5,2.4,2.4,2.3,4.9,231.9,18.9,81.0,7.6,2,0,0,True,False,False,True,5.0
52,6.8,3.2,2.1,0.0,2.3,2.6,3.5,1.6,1.8,3.8,246.6,13.6,69.0,6.8,4,1,0,True,False,False,False,4.0
69,3.5,1.1,0.0,1.1,2.5,1.7,2.6,3.0,2.3,1.5,45.0,26.5,72.0,4.9,2,0,1,True,False,False,True,4.0
49,3.2,2.8,0.0,0.3,1.1,0.9,1.3,2.6,2.7,8.3,59.5,18.2,80.0,10.0,1,1,1,False,False,False,False,5.0
44,2.3,0.2,0.0,0.2,3.0,2.7,3.4,1.3,1.8,2.2,134.9,15.6,73.0,5.6,4,0,0,True,False,True,False,5.0
45,5.2,3.3,1.0,0.1,1.3,3.1,3.3,1.6,0.6,6.9,79.5,19.6,82.0,3.1,5,1,1,True,False,True,False,5.0
63,1.4,0.9,1.2,0.1,0.1,0.6,1.7,3.1,3.2,7.0,124.9,30.1,89.0,8.9,1,1,0,False,False,True,False,5.0
19,6.4,1.2,1.7,0.1,2.6,4.5,3.4,0.8,0.5,1.1,209.6,7.5,31.0,1.0,10,1,1,True,False,True,False,3.0
74,6.2,2.6,0.9,0.8,3.0,3.9,3.8,1.4,1.6,0.0,188.1,10.1,55.0,3.0,7,0,0,False,False,True,False,3.0
58,5.9,2.2,0.6,1.5,2.4,2.9,3.7,1.9,2.0,4.2,121.1,27.7,70.0,6.4,4,1,0,True,False,False,True,3.0
64,5.5,2.8,3.1,0.0,0.6,4.5,3.8,1.4,1.5,0.7,120.7,14.8,55.0,1.9,9,0,1,True,False,True,False,4.0
28,4.1,0.8,2.8,0.4,0.2,3.7,3.5,1.4,0.9,1.9,100.8,13.3,63.0,5.1,6,0,0,True,False,True,False,3.0
67,4.8,1.7,2.6,0.5,1.0,2.5,3.1,2.3,2.0,2.1,91.5,29.5,65.0,8.7,3,0,1,False,False,False,False,4.0
70,6.7,1.4,1.8,0.9,3.9,3.8,4.1,1.4,1.5,1.4,122.1,13.0,61.0,4.6,6,0,0,True,False,True,False,4.0
25,4.9,1.0,1.9,1.2,0.2,4.5,4.4,1.7,0.5,0.0,198.5,11.3,54.0,1.0,10,0,0,False,False,False,True,4.0
23,6.5,2.5,0.6,0.5,2.2,4.5,3.8,1.0,0.7,0.0,170.6,12.0,43.0,1.3,10,0,1,False,False,False,True,3.0
48,5.0,2.8,1.7,0.2,1.3,3.1,3.7,1.9,0.7,3.4,148.1,16.9,68.0,7.0,5,1,1,False,False,True,False,4.0
26,5.5,1.7,0.5,0.9,2.3,2.1,3.2,2.0,2.5,4.0,82.5,18.4,79.0,6.3,3,0,1,True,False,False,True,3.0
49,2.6,3.4,0.3,0.0,0.1,1.7,2.5,3.0,2.3,5.1,200.4,28.2,84.0,7.9,2,0,1,True,False,False,True,4.0
49,1.1,1.3,0.0,0.0,1.2,2.7,3.5,1.7,2.1,6.6,159.3,11.8,84.0,5.4,4,0,0,True,False,False,True,5.0
15,8.7,3.3,1.9,2.2,0.5,4.5,3.8,1.5,1.4,3.2,105.5,17.8,54.0,1.7,9,0,0,True,False,False,True,3.0
54,4.2,2.5,1.7,0.1,0.6,3.0,3.6,1.8,1.9,2.4,171.6,11.1,72.0,3.6,5,1,0,True,False,True,False,5.0
36,3.5,0.9,1.2,0.4,2.1,0.6,1.2,2.7,2.5,5.1,126.9,40.0,90.0,7.9,1,0,1,False,False,False,False,5.0
74,5.3,3.8,1.0,0.9,0.3,3.0,3.1,1.5,1.2,0.0,178.2,32.8,70.0,5.8,4,0,0,True,False,False,True,5.0
43,3.1,1.6,0.0,0.8,1.7,1.8,2.1,2.2,2.5,6.0,66.3,16.2,78.0,8.5,2,0,1,True,False,False,True,4.0
22,7.8,3.1,1.8,1.1,1.5,4.5,3.8,0.5,1.0,0.3,159.8,10.6,45.0,1.0,10,1,0,True,False,False,True,3.0
25,5.0,2.1,1.2,1.2,0.4,4.5,4.2,0.0,1.5,0.0,164.6,11.9,54.0,1.0,10,0,0,False,False,False,True,4.0
55,4.6,2.3,2.5,0.0,0.7,2.9,3.5,2.0,1.8,4.4,197.9,28.7,79.0,6.6,4,0,0,True,False,False,True,4.0
51,6.2,2.8,1.7,1.4,1.7,4.5,3.9,0.7,1.5,0.8,72.8,5.5,47.0,1.1,10,0,1,False,False,False,True,4.0
28,7.1,2.8,2.3,0.9,1.4,3.5,3.7,1.9,1.7,3.5,161.8,15.6,69.0,4.2,6,1,1,True,False,True,False,4.0
74,4.3,1.7,1.5,0.8,1.4,2.4,2.5,1.7,1.5,6.2,184.8,17.2,78.0,8.5,3,0,0,False,False,True,False,3.0
44,5.5,2.5,1.7,0.9,1.2,2.8,3.3,1.7,1.0,3.0,176.1,30.5,62.0,3.8,4,1,0,False,False,True,False,3.0
49,5.1,2.4,2.5,0.0,1.1,4.2,3.8,1.5,0.7,1.6,72.0,26.5,68.0,3.6,6,1,0,True,False,False,False,5.0
35,4.4,2.2,1.3,0.5,1.4,1.9,2.8,2.3,2.0,5.8,113.7,29.8,74.0,5.7,2,1,1,True,False,False,True,4.0
51,5.7,1.8,2.0,0.0,2.8,2.4,3.2,2.5,2.0,5.4,149.6,27.0,70.0,7.3,3,1,1,True,False,True,False,4.0
19,6.1,2.2,1.0,0.0,1.9,4.5,4.0,1.2,0.7,0.0,140.6,9.5,44.0,1.0,10,1,1,True,False,True,False,4.0
33,6.1,3.8,1.4,0.3,1.3,3.5,3.4,1.6,2.0,6.5,46.0,15.6,73.0,5.2,4,0,1,False,False,False,True,4.0
73,5.1,1.7,3.3,1.1,0.3,1.6,2.1,2.9,2.6,3.6,98.8,18.2,72.0,7.4,2,1,1,False,False,False,True,3.0
28,7.0,3.1,2.2,0.8,1.0,4.0,3.9,2.1,1.1,1.9,138.5,14.8,60.0,1.4,7,0,0,False,False,False,True,4.0
40,2.5,1.4,0.9,0.9,0.5,1.0,1.3,3.0,2.8,7.8,105.4,18.0,77.0,9.8,1,1,0,False,False,True,False,5.0
18,4.4,1.2,2.0,0.3,0.6,4.5,4.0,1.4,1.4,1.0,136.3,8.8,43.0,1.0,10,0,0,True,False,True,False,4.0
39,4.8,4.9,0.1,0.8,0.0,4.5,3.8,1.2,0.9,0.0,62.2,11.9,46.0,1.6,10,0,0,True,False,False,True,4.0
59,4.8,2.5,1.3,0.5,1.4,3.1,4.0,1.9,1.7,2.6,92.5,27.7,68.0,4.3,5,0,0,False,False,False,True,5.0
56,6.8,2.5,0.5,1.2,3.5,4.5,4.3,0.8,0.4,0.0,98.2,10.5,53.0,1.0,10,0,1,True,False,False,True,4.0
39,6.2,2.5,2.0,1.0,1.6,4.5,3.9,1.5,0.9,2.1,157.6,14.5,65.0,3.2,8,0,1,False,False,False,True,4.0
32,7.1,3.3,1.3,0.7,2.1,4.5,4.1,0.9,1.5,0.0,112.2,6.9,49.0,1.0,10,0,1,True,False,False,True,4.0
54,5.5,2.4,1.8,0.1,2.4,3.7,3.5,1.5,0.8,2.2,217.8,23.6,72.0,3.9,6,0,0,True,False,False,True,4.0
22,7.5,2.7,2.4,0.8,1.1,4.5,3.7,1.0,0.7,0.0,30.2,10.9,40.0,1.0,10,0,1,False,True,True,False,4.0
53,2.6,1.0,1.0,0.7,1.2,0.8,1.4,2.6,2.4,4.0,141.0,40.8,83.0,8.0,1,0,0,True,False,True,False,5.0
54,3.7,2.9,1.0,0.7,0.0,2.8,3.5,1.7,1.7,3.8,174.4,25.3,74.0,5.5,4,1,1,False,True,False,False,3.0
28,5.4,1.8,1.5,0.3,1.6,1.9,2.5,3.2,2.4,7.1,88.3,28.5,71.0,8.4,2,1,0,False,True,False,False,4.0
46,3.8,2.6,0.6,0.2,1.5,3.3,3.6,2.0,1.7,6.4,187.6,15.8,76.0,4.9,5,0,1,False,False,True,False,5.0
65,2.5,0.5,1.5,0.8,0.5,2.4,3.2,2.7,2.6,3.6,74.3,26.5,72.0,5.4,3,1,1,False,False,False,True,4.0
52,5.5,2.6,1.5,0.1,2.5,2.2,2.8,1.8,2.1,4.0,173.1,28.0,78.0,5.9,3,1,0,False,False,False,True,4.0
47,2.2,0.2,1.8,0.4,0.6,4.1,3.7,1.6,1.6,1.1,98.0,14.2,66.0,5.9,6,1,0,False,False,False,False,5.0
37,7.2,1.8,2.0,1.0,4.0,4.5,4.4,1.0,1.1,0.0,188.2,5.6,46.0,1.0,10,0,0,True,False,False,True,4.0
29,3.3,0.5,0.0,0.9,1.8,2.8,3.4,1.8,1.5,2.8,123.0,26.1,67.0,6.2,4,0,1,True,False,True,False,5.0
47,2.8,2.6,0.1,0.0,1.4,2.6,3.6,1.1,2.2,2.8,53.2,22.0,71.0,6.5,4,1,0,False,False,True,False,4.0
39,5.4,2.1,0.2,0.8,3.3,1.8,2.3,2.6,2.3,4.8,188.4,23.1,76.0,9.4,2,1,0,True,False,True,False,4.0
31,4.6,1.3,1.6,1.8,0.0,4.5,4.0,1.4,0.5,1.5,209.8,17.0,65.0,1.0,8,0,1,True,False,False,False,4.0
47,5.3,3.3,1.2,1.0,1.1,3.9,4.0,1.8,1.5,0.4,171.4,22.3,57.0,3.9,6,0,0,True,False,False,True,4.0
61,2.0,1.2,0.0,0.4,1.0,0.8,1.0,2.5,3.0,8.5,181.3,23.1,88.0,8.6,1,1,1,False,False,False,True,5.0
69,5.9,0.2,3.6,1.4,1.2,3.3,3.9,0.9,1.6,1.0,188.0,11.2,64.0,5.5,5,0,1,False,False,False,True,4.0
16,7.1,2.5,0.0,1.9,1.6,4.5,3.9,1.0,1.1,0.0,114.6,7.1,50.0,1.0,10,1,0,True,False,True,False,4.0
28,4.1,0.4,1.5,1.1,1.2,1.3,1.4,2.3,2.6,4.4,134.8,39.8,86.0,9.8,1,1,0,False,False,False,True,5.0
67,5.1,1.2,2.1,0.0,2.8,3.0,3.2,2.2,1.5,8.9,98.2,17.5,85.0,5.8,4,1,1,False,False,False,False,4.0
54,4.1,1.5,0.7,1.0,1.8,3.4,3.5,1.2,1.9,4.2,176.1,13.0,69.0,5.1,5,1,1,False,False,False,False,4.0
54,5.4,0.7,2.2,1.4,1.9,3.1,3.3,1.0,1.2,1.0,151.5,27.5,61.0,5.6,5,0,0,False,False,False,True,4.0
65,2.4,1.6,0.4,0.0,1.9,2.7,3.2,1.7,1.1,11.0,144.8,11.8,76.0,5.2,4,1,1,False,False,False,False,4.0
53,2.6,0.7,1.7,1.2,0.1,2.4,3.4,1.9,2.1,2.5,107.1,28.8,68.0,7.3,4,0,0,True,False,False,True,4.0
65,3.1,2.1,0.0,0.5,1.6,1.8,2.4,1.4,2.4,3.7,149.5,33.1,77.0,10.0,2,0,1,False,False,True,False,4.0
20,7.2,0.9,2.8,1.4,1.6,4.5,4.1,1.3,1.4,0.0,133.1,10.7,53.0,1.1,10,0,0,True,False,False,True,4.0
20,4.9,2.0,1.5,0.6,0.3,4.5,3.9,1.2,1.1,2.5,83.4,15.9,66.0,3.9,8,1,0,False,False,False,False,4.0
17,6.7,3.0,0.0,0.8,2.3,4.5,4.2,1.4,1.3,0.0,106.4,6.7,54.0,1.0,10,1,0,False,True,False,False,4.0
21,6.7,2.7,2.2,0.8,0.0,4.5,4.2,0.8,0.8,0.5,95.9,12.8,49.0,1.6,9,0,0,True,False,True,False,3.0
65,9.0,1.9,3.3,1.0,3.9,4.5,3.8,0.5,1.6,0.0,206.0,10.4,31.0,1.0,10,0,1,True,False,False,True,3.0
22,4.4,1.1,0.5,0.9,1.4,4.5,3.2,1.4,0.6,2.0,108.1,9.5,55.0,2.6,8,0,1,False,False,False,True,4.0
56,2.9,2.1,1.3,0.1,0.5,1.9,2.4,3.2,1.7,5.7,181.5,32.3,80.0,9.2,2,1,0,True,False,True,False,4.0
66,3.6,1.4,0.9,0.4,2.0,0.8,1.3,3.4,2.4,6.6,97.9,15.0,87.0,7.7,1,0,1,False,False,False,True,5.0
29,5.4,2.2,0.7,0.6,2.0,4.4,3.6,1.3,0.9,0.0,46.5,13.7,61.0,2.3,7,0,0,True,False,True,False,4.0
61,4.6,0.5,0.5,1.3,3.4,4.5,4.2,1.1,1.5,0.0,158.6,16.1,51.0,2.2,8,1,1,True,False,False,True,4.0
43,6.8,2.7,0.8,0.9,3.2,4.5,3.9,2.0,0.8,1.7,163.2,15.6,55.0,2.5,9,0,0,False,True,True,False,4.0
47,2.5,2.0,0.8,0.2,0.1,2.1,2.8,1.3,1.9,7.4,185.5,25.6,81.0,7.2,3,0,1,False,False,False,False,5.0
66,4.9,4.0,1.1,0.0,1.1,3.1,4.1,1.1,1.5,2.8,217.9,28.4,73.0,3.6,5,0,0,False,False,False,True,4.0
44,4.8,3.2,1.0,1.0,0.5,4.5,3.9,1.4,0.5,0.1,150.9,10.4,54.0,1.0,9,0,1,True,False,False,False,4.0
53,6.3,2.5,2.3,0.3,2.1,4.5,3.9,1.1,1.8,1.2,88.9,17.6,52.0,1.0,9,0,0,False,False,False,True,3.0
41,6.7,1.9,2.2,1.1,2.8,4.0,3.9,1.3,0.9,1.9,145.8,11.7,56.0,3.2,7,1,0,False,False,False,True,3.0
50,1.2,1.3,0.0,0.6,0.1,0.7,1.0,1.9,3.0,4.9,160.1,27.5,84.0,8.8,1,1,1,False,False,True,False,5.0
43,5.3,2.8,0.8,1.5,1.3,2.6,2.8,1.7,2.2,4.9,126.3,34.0,87.0,5.7,3,1,1,False,False,False,True,5.0
52,5.1,1.8,2.9,0.2,0.8,4.5,3.9,1.4,0.5,1.0,43.7,12.6,53.0,1.0,9,0,1,False,False,False,False,4.0
71,7.8,3.1,1.8,1.5,2.2,3.7,4.1,1.6,1.2,2.0,231.7,20.5,57.0,4.1,6,0,0,True,False,False,False,4.0
47,6.3,2.4,1.9,1.2,1.8,4.4,3.8,0.8,0.9,0.0,144.0,17.0,56.0,1.0,9,0,1,True,False,True,False,3.0
51,6.0,2.4,1.8,0.3,2.6,4.3,4.1,1.8,1.2,1.8,88.1,23.1,67.0,4.3,7,0,0,False,False,False,False,4.0
41,4.2,2.5,1.2,0.1,1.0,3.9,4.0,1.9,1.6,0.0,126.1,11.6,53.0,3.0,7,0,1,True,False,False,True,4.0
69,4.7,1.2,1.5,1.8,1.3,1.7,2.3,1.7,2.8,5.5,185.4,33.6,85.0,9.1,2,0,1,False,False,False,True,5.0
47,3.2,1.1,1.1,0.1,1.8,1.8,2.2,2.3,2.6,7.5,177.0,37.9,87.0,9.7,2,0,0,True,False,False,True,5.0
18,6.1,1.0,2.4,0.8,1.1,4.3,3.6,0.9,0.8,5.8,157.9,8.6,58.0,2.6,7,1,1,False,False,False,True,5.0
36,5.8,2.9,1.1,0.8,1.7,4.5,4.5,1.9,0.9,0.0,113.1,12.0,52.0,1.0,9,0,1,False,False,True,False,4.0
16,7.1,1.1,1.4,0.6,2.7,4.5,4.2,1.1,1.4,0.0,59.3,13.4,46.0,1.0,10,1,0,True,False,False,True,4.0
24,8.7,1.3,2.3,1.1,3.5,4.5,3.9,1.2,0.8,0.0,181.6,11.0,54.0,2.9,9,0,0,True,False,False,False,4.0
19,5.1,2.5,1.1,0.0,0.9,4.2,3.8,1.0,1.1,2.6,135.1,15.8,66.0,2.1,7,0,0,True,False,True,False,4.0
73,7.5,1.8,1.4,1.8,3.5,3.9,3.7,1.3,1.2,2.0,255.2,23.3,62.0,1.6,7,1,0,False,False,False,True,3.0
24,3.9,1.7,1.1,0.1,0.9,4.2,3.6,1.5,0.5,0.2,116.0,16.6,45.0,2.6,8,0,1,False,False,True,False,4.0
47,4.9,1.6,1.4,0.5,2.3,4.1,3.7,2.1,1.1,0.0,109.2,20.1,68.0,4.8,6,0,0,True,False,False,True,5.0
68,1.0,0.2,1.1,0.0,0.9,2.6,2.9,2.3,2.2,10.1,133.3,30.7,79.0,6.1,3,1,1,False,False,True,False,5.0
52,3.2,1.1,0.9,1.2,0.4,0.5,1.6,2.7,2.5,6.1,139.0,36.2,84.0,8.2,1,0,1,True,False,True,False,5.0
27,8.0,3.1,0.7,1.7,2.6,4.3,3.9,1.7,1.6,2.6,179.0,20.4,57.0,2.3,7,0,1,True,False,False,False,3.0
45,5.3,1.5,1.3,1.8,1.4,4.0,3.7,1.9,0.7,3.1,84.5,11.8,70.0,3.9,7,1,1,False,False,False,True,4.0
61,6.3,0.3,2.6,1.3,2.7,4.5,4.3,1.9,1.6,0.0,81.4,6.1,51.0,3.0,9,0,1,True,False,False,True,4.0
50,5.1,1.1,2.2,0.4,2.2,3.8,3.7,0.9,1.7,0.0,46.5,16.9,60.0,5.2,7,1,1,True,False,True,False,3.0
59,3.6,2.3,0.0,0.6,1.8,0.8,1.2,2.8,3.1,5.7,99.8,15.3,82.0,9.1,1,1,1,True,False,False,True,4.0
38,4.6,2.3,1.0,0.4,2.0,3.8,4.0,1.6,1.7,0.0,166.4,9.0,61.0,2.1,6,1,1,True,False,False,False,4.0
66,4.7,1.7,0.8,0.0,2.5,3.4,3.6,1.6,1.0,1.4,78.5,26.9,63.0,3.0,6,0,1,True,False,True,False,4.0
70,3.6,1.4,0.0,0.4,2.3,3.0,3.5,1.7,0.9,1.7,193.5,21.6,69.0,4.8,5,1,0,True,False,False,True,5.0
29,4.4,0.7,1.8,1.1,1.0,2.2,2.9,2.4,2.2,2.1,165.4,28.6,79.0,7.1,3,0,0,False,False,False,True,4.0
43,4.5,2.3,1.4,0.1,1.8,2.5,3.5,1.8,1.5,5.2,275.7,32.7,71.0,6.7,4,1,1,True,False,False,False,4.0
22,9.7,2.8,3.7,0.0,2.9,4.5,3.6,1.2,1.0,1.4,221.0,10.9,52.0,1.9,9,1,0,False,False,True,False,3.0
19,6.3,3.2,1.1,0.0,1.4,4.5,3.9,1.0,0.8,0.0,141.7,13.8,61.0,1.1,10,0,0,True,False,True,False,5.0
43,2.8,1.0,0.6,1.1,0.9,1.7,2.1,2.4,2.1,6.3,106.9,31.9,95.0,6.5,2,0,0,True,False,True,False,5.0
61,4.1,3.2,0.5,0.0,0.8,1.0,1.2,2.7,3.0,4.6,141.0,22.9,77.0,7.5,1,1,1,False,False,False,True,5.0
18,6.2,1.9,1.0,0.3,2.2,4.5,4.1,1.1,0.9,0.8,141.5,5.8,49.0,1.0,10,0,0,False,True,True,False,3.0
26,6.1,2.0,2.1,0.4,1.2,4.5,3.7,1.2,1.1,1.4,143.2,15.9,59.0,1.7,8,0,0,True,False,True,False,4.0
59,6.9,2.8,2.3,0.8,1.8,4.5,3.7,1.6,0.8,0.0,133.8,17.8,50.0,1.0,9,1,1,False,False,False,True,4.0
16,8.9,1.5,4.7,0.7,1.1,4.3,3.8,1.9,0.9,1.9,166.0,14.8,54.0,1.2,8,1,0,False,False,False,True,3.0
41,3.0,0.2,0.2,0.8,2.6,1.8,2.9,1.4,1.2,5.3,148.0,34.9,83.0,7.7,3,1,0,False,False,True,False,4.0
45,5.6,2.6,1.6,0.5,1.6,3.2,3.8,0.7,1.0,2.8,164.1,11.6,72.0,5.2,5,0,0,False,False,False,True,3.0
65,5.0,2.3,0.7,0.0,2.8,3.5,3.2,1.8,1.7,2.1,56.9,28.7,64.0,6.1,5,0,1,True,False,True,False,4.0
65,6.4,1.7,1.9,1.1,2.8,2.8,3.4,1.1,1.2,5.0,208.3,31.6,83.0,6.2,4,1,1,True,False,False,True,5.0
50,6.1,2.6,3.0,0.0,1.3,4.3,3.7,1.3,1.0,0.0,189.9,12.5,46.0,1.0,8,1,1,False,False,True,False,4.0
50,8.2,2.7,2.4,1.1,2.7,4.4,3.7,1.0,1.0,0.5,85.6,7.2,49.0,1.0,9,1,1,True,False,False,False,3.0
40,2.4,0.6,0.2,1.3,1.1,0.5,1.0,2.6,3.1,6.6,99.3,41.0,86.0,8.4,1,0,1,False,False,False,False,4.0
57,7.3,2.0,2.3,2.0,1.7,3.6,3.6,1.8,0.6,2.1,132.0,24.8,61.0,4.3,6,0,0,True,False,True,False,4.0
41,1.0,0.2,0.0,0.1,0.6,1.6,2.1,2.9,2.4,5.2,164.9,37.9,89.0,6.9,2,1,0,True,False,False,True,4.0
19,5.2,1.9,0.0,0.3,2.0,4.5,3.8,0.6,0.9,0.0,194.4,7.8,48.0,1.0,10,1,1,False,False,True,False,4.0
34,4.6,1.7,1.2,0.6,1.7,2.5,2.9,2.4,2.8,2.4,153.6,19.5,68.0,5.1,3,1,1,True,False,True,False,5.0
25,7.2,2.4,2.2,0.6,1.9,4.5,3.7,1.5,1.9,1.7,88.9,12.0,54.0,1.0,9,0,0,False,False,False,True,4.0
24,4.0,1.0,1.9,1.1,0.0,3.2,3.6,1.5,1.9,3.0,127.2,21.7,72.0,5.0,5,0,0,False,False,False,True,4.0
54,5.5,1.6,3.6,0.9,0.0,4.5,4.0,1.8,1.4,1.0,123.7,15.2,56.0,1.2,8,1,0,False,False,True,False,4.0
52,1.4,0.2,1.6,0.4,0.3,1.0,1.3,2.5,2.6,6.2,105.4,19.9,90.0,8.6,1,1,1,False,False,False,False,5.0
20,6.8,2.5,1.4,0.5,1.9,4.5,3.9,0.8,1.1,0.0,152.7,5.3,48.0,1.2,10,1,1,False,False,False,False,3.0
22,8.6,1.9,2.8,1.2,2.1,4.5,4.0,1.0,1.0,1.5,183.7,14.2,46.0,1.0,10,1,0,False,False,True,False,3.0
37,4.6,2.1,1.1,0.0,2.5,4.5,3.6,1.1,1.2,0.0,150.0,17.4,61.0,3.1,8,0,1,False,False,False,True,4.0
61,2.6,0.7,1.9,0.5,1.0,1.0,1.0,2.2,2.4,5.5,78.1,17.3,77.0,9.3,1,1,1,True,False,False,True,5.0
40,6.1,2.4,2.0,0.9,1.6,4.4,4.0,1.8,0.6,1.8,239.6,15.6,48.0,1.4,8,0,0,True,False,False,False,3.0
60,3.8,3.5,0.4,0.0,0.7,2.0,2.9,2.4,1.9,3.0,188.2,16.6,64.0,6.5,3,1,0,True,False,False,False,4.0
57,5.2,1.8,1.9,0.0,2.8,3.3,3.6,1.6,1.2,1.6,214.0,10.8,66.0,5.5,5,0,1,True,False,False,False,3.0
26,8.8,2.6,3.9,1.5,0.7,4.5,3.8,1.1,0.6,0.8,140.3,8.1,45.0,1.5,9,0,0,False,False,False,True,3.0
40,5.9,1.2,2.8,0.6,2.6,2.4,3.1,2.1,2.7,5.3,70.1,29.4,72.0,6.3,3,0,1,False,False,True,False,4.0
27,3.4,1.9,0.6,0.0,1.1,2.8,3.7,1.1,2.1,5.5,87.8,21.9,68.0,6.4,4,1,1,False,False,False,True,4.0
54,7.7,0.6,4.1,1.2,3.0,4.1,3.7,1.8,1.3,3.0,140.9,12.7,55.0,2.8,7,0,0,True,False,False,False,2.0
32,6.6,2.7,2.3,0.5,1.6,4.5,4.0,0.5,1.0,0.8,134.6,12.5,44.0,1.0,10,1,0,False,False,False,True,4.0
39,5.2,2.1,2.0,0.0,1.6,1.6,2.5,2.0,2.4,3.9,140.5,25.4,88.0,7.0,2,1,0,True,False,True,False,5.0
47,2.6,0.9,1.4,0.8,0.6,2.6,3.1,2.7,2.5,2.9,128.8,20.7,73.0,6.6,3,1,1,False,False,True,False,5.0
61,7.0,1.3,2.3,0.6,3.6,4.5,3.7,1.6,1.4,0.0,103.9,8.1,53.0,1.0,8,1,1,False,False,True,False,4.0
54,5.5,2.1,1.6,0.2,2.4,4.2,3.5,1.2,1.5,0.2,225.1,8.7,56.0,2.6,8,1,1,True,False,False,True,4.0
74,4.8,2.8,1.5,0.1,1.9,2.8,3.8,1.4,1.8,2.5,224.5,17.0,68.0,6.4,4,0,0,True,False,True,False,4.0
57,5.0,3.3,1.4,0.0,1.6,0.6,1.0,2.7,3.2,4.9,136.4,21.6,80.0,8.1,1,0,0,True,False,False,True,4.0
26,6.8,1.9,2.6,1.0,0.7,4.5,4.2,1.1,0.7,1.8,158.9,10.0,55.0,3.2,8,0,0,False,False,False,True,4.0
58,4.2,0.8,2.4,0.0,2.1,2.5,3.4,2.6,1.4,3.1,225.6,14.5,79.0,5.8,3,1,0,False,False,True,False,5.0
50,4.0,2.2,1.3,0.1,1.3,2.0,2.5,1.6,2.2,4.2,239.2,29.0,81.0,8.5,2,1,1,False,False,False,False,4.0
62,4.9,3.6,0.0,0.7,1.5,1.9,3.2,2.0,1.8,9.5,142.1,23.8,85.0,8.2,3,1,1,True,False,False,False,5.0
18,6.1,0.5,1.5,1.5,2.3,4.5,3.9,0.8,1.1,1.5,80.0,11.3,39.0,1.0,10,1,0,True,False,False,True,4.0
19,4.8,1.1,0.7,0.7,1.7,4.3,3.9,1.5,1.2,4.1,161.3,13.6,58.0,1.8,8,1,0,False,False,False,True,4.0
70,5.1,2.5,1.0,1.0,1.4,2.1,2.8,2.4,1.7,3.4,43.2,26.5,71.0,7.4,3,1,1,False,False,False,False,4.0
51,5.8,2.1,1.4,0.7,2.8,4.5,4.2,1.4,1.5,0.0,172.1,16.3,58.0,1.4,9,0,0,True,False,True,False,3.0
22,4.0,1.5,0.3,1.1,0.6,4.5,4.4,1.1,1.0,0.7,172.1,6.6,51.0,1.5,9,0,0,True,False,False,True,4.0
56,2.7,2.2,0.0,1.8,0.0,3.2,3.9,1.2,2.1,0.6,167.6,21.2,71.0,4.1,5,0,0,False,False,False,True,4.0
63,4.4,2.9,1.8,0.3,0.6,4.2,3.8,1.4,0.9,0.5,84.3,12.7,58.0,2.4,7,0,1,True,False,False,True,5.0
42,4.5,1.9,1.5,0.6,1.6,2.4,2.8,2.3,2.6,4.9,251.9,16.7,82.0,7.7,3,1,1,True,False,False,True,4.0
45,4.6,1.8,1.5,0.7,2.1,3.5,4.0,1.2,0.9,0.2,79.1,15.5,60.0,5.5,5,0,0,True,False,True,False,3.0
72,5.5,2.5,2.1,0.9,0.7,2.9,3.1,2.6,1.7,3.9,196.8,30.1,66.0,6.2,4,1,1,False,False,False,True,4.0
23,7.5,1.8,0.8,0.7,4.0,4.5,4.0,1.0,1.2,0.5,98.6,13.6,46.0,1.0,10,0,0,False,False,False,True,4.0
68,5.8,3.0,1.9,0.3,1.6,3.1,3.6,1.7,1.0,1.9,138.3,13.6,61.0,4.0,4,0,1,False,False,False,True,4.0
65,7.8,3.8,3.0,0.6,1.6,4.3,4.1,1.6,0.9,1.4,87.7,22.3,61.0,2.0,7,0,0,False,False,False,True,4.0
43,3.9,1.2,1.2,2.1,0.1,2.9,3.6,1.3,2.1,3.6,166.4,27.4,68.0,5.8,4,1,0,False,False,False,True,4.0
28,4.9,0.9,3.6,0.8,0.0,3.3,3.7,1.8,1.1,3.0,191.9,9.6,72.0,5.0,6,0,0,True,False,False,True,5.0
54,2.7,2.3,1.6,0.0,0.0,1.2,1.2,2.1,3.4,4.9,150.3,35.2,85.0,7.9,1,1,0,False,False,False,True,4.0
55,3.3,0.8,0.6,0.4,2.8,2.9,3.4,2.1,1.1,2.1,104.4,10.3,63.0,5.0,5,0,0,True,False,False,True,4.0
36,4.8,0.8,2.4,0.6,2.6,3.6,3.4,1.9,1.6,2.3,232.4,17.2,59.0,3.4,6,0,0,False,False,True,False,5.0
25,3.9,0.2,1.4,0.5,1.4,4.0,3.9,1.9,1.1,3.5,42.9,10.6,54.0,3.0,8,0,1,True,False,False,True,4.0
37,4.2,1.7,2.7,0.6,0.2,3.2,3.6,2.0,1.4,2.5,176.8,23.0,78.0,6.9,4,0,1,True,False,False,True,4.0
15,7.0,2.0,2.0,0.8,1.1,4.5,3.8,1.4,1.3,2.8,56.0,15.9,47.0,1.1,9,0,0,True,False,True,False,4.0
60,5.5,1.5,1.1,0.9,2.8,4.1,3.9,1.7,1.1,1.9,195.9,8.8,54.0,3.8,7,0,0,True,False,True,False,4.0
51,7.2,3.3,3.2,0.8,0.9,4.5,4.1,1.1,1.2,0.0,203.0,9.8,38.0,1.6,9,0,0,True,False,False,True,4.0
35,4.8,3.2,1.0,1.2,0.5,4.5,3.9,0.8,1.2,0.0,122.4,9.6,48.0,1.0,10,1,1,True,False,False,True,4.0
40,3.8,3.7,0.0,0.0,1.0,4.3,4.0,1.4,1.4,1.0,140.1,20.6,60.0,4.4,7,0,0,False,True,False,False,4.0
60,4.9,2.0,2.5,0.4,1.1,3.1,4.2,1.5,1.9,2.6,96.1,18.0,67.0,5.0,5,0,1,True,False,False,True,4.0
50,7.3,3.1,1.9,0.9,2.1,2.8,3.4,2.4,1.3,3.0,114.7,13.6,78.0,5.2,4,0,0,False,False,False,False,4.0
68,4.9,2.3,2.9,0.8,0.0,2.3,3.1,2.3,1.8,5.3,161.7,13.2,77.0,6.4,3,1,1,False,False,True,False,4.0
37,3.5,2.2,0.5,0.2,1.6,3.0,3.7,1.0,1.1,5.8,185.3,22.3,75.0,5.0,5,0,1,False,True,False,True,4.0
71,3.0,1.6,1.2,0.3,0.7,1.0,0.9,3.1,2.3,5.3,184.5,15.7,95.0,10.0,1,1,1,False,False,False,True,5.0
15,3.9,0.2,1.1,0.1,0.9,4.3,3.5,1.1,0.5,0.0,206.9,18.5,58.0,1.3,8,0,0,False,False,True,False,4.0
68,7.2,2.6,2.5,1.2,2.2,3.7,3.8,2.0,1.2,3.3,221.9,23.7,72.0,3.8,6,1,0,True,False,False,False,4.0
69,4.0,3.0,2.2,0.0,0.1,4.5,3.9,1.7,0.8,1.0,161.2,20.9,54.0,2.4,8,0,0,True,False,False,False,3.0
65,2.8,0.6,1.7,0.0,1.6,2.5,2.9,2.2,2.4,5.0,189.9,23.5,78.0,5.6,3,0,0,True,False,True,False,5.0
54,5.3,2.0,1.7,0.9,1.9,4.5,3.9,2.1,1.5,0.0,121.5,12.0,60.0,1.4,8,0,0,False,False,False,True,5.0
29,5.9,2.9,0.2,0.9,2.0,4.4,4.1,1.9,1.1,0.0,172.1,17.5,50.0,1.9,9,1,1,False,False,True,False,4.0
35,5.1,1.7,2.3,0.0,2.1,2.8,3.1,1.6,2.1,3.3,160.2,28.6,70.0,5.4,4,1,1,True,False,True,False,4.0
61,7.2,3.1,2.4,1.0,2.0,3.7,3.6,0.8,1.2,0.3,125.0,13.3,56.0,5.0,6,0,0,True,False,False,True,4.0
23,9.4,1.9,4.0,0.7,2.1,4.5,3.4,1.1,1.6,0.3,122.4,13.3,48.0,1.0,10,0,1,False,False,True,False,3.0
67,4.4,1.5,2.0,0.9,0.5,1.5,2.5,2.1,3.0,4.1,190.7,35.3,70.0,8.6,2,1,0,True,False,True,False,4.0
23,9.0,3.1,2.2,0.6,2.8,4.2,4.1,1.3,0.7,3.0,206.1,19.1,50.0,1.0,8,0,1,False,False,True,False,4.0
24,4.8,1.2,2.0,0.9,0.2,4.5,4.0,1.0,1.4,0.0,236.9,13.3,54.0,1.0,10,0,0,False,False,True,False,5.0
66,3.2,1.3,0.7,0.9,1.8,3.2,3.3,1.3,1.6,0.4,114.9,16.0,65.0,4.9,5,0,1,False,False,True,False,4.0
71,4.6,1.2,2.9,0.9,0.7,1.2,1.5,2.3,2.6,6.0,106.4,23.3,76.0,10.0,1,1,1,False,False,False,True,4.0
67,2.2,1.0,1.4,0.7,0.0,2.3,3.1,1.9,1.6,8.0,111.6,33.3,80.0,7.2,3,0,0,False,False,False,False,5.0
40,3.7,2.1,1.3,0.5,0.8,2.8,3.3,2.1,1.8,4.8,188.2,16.5,71.0,6.7,4,1,1,False,False,False,True,4.0
55,3.8,1.5,1.4,0.6,1.3,0.9,1.4,2.4,2.7,5.5,175.2,25.8,79.0,9.3,1,0,0,False,False,False,True,4.0
49,6.1,2.4,1.4,0.7,2.8,3.5,3.7,1.5,1.2,3.5,163.6,11.6,74.0,5.3,5,1,1,False,False,False,False,4.0
66,5.0,0.4,1.0,1.1,3.2,4.0,3.7,2.1,0.8,0.3,15.5,19.8,62.0,4.8,7,1,1,True,False,False,True,4.0
39,4.7,1.0,1.7,1.8,1.3,3.9,3.5,1.4,2.2,0.0,40.4,19.2,61.0,4.2,6,0,1,True,False,False,True,5.0
40,3.0,2.0,1.4,0.9,0.0,3.5,3.5,1.1,1.2,7.7,158.1,23.7,84.0,4.6,5,0,1,True,False,False,True,4.0
25,5.7,3.3,1.3,0.8,0.1,4.5,4.0,1.2,1.4,0.0,216.5,9.8,43.0,1.0,9,0,0,True,False,False,True,3.0
52,7.0,2.3,2.0,1.3,2.2,4.5,4.1,0.5,1.1,0.5,184.2,14.7,51.0,1.0,9,0,1,False,False,True,False,4.0
16,7.1,1.5,1.6,0.8,2.1,4.5,3.8,0.9,1.4,1.0,119.4,10.6,49.0,1.0,10,0,0,False,False,False,False,4.0
21,2.9,0.7,0.9,0.0,0.8,2.2,2.9,1.9,1.1,3.9,177.6,35.5,74.0,5.8,3,1,1,True,False,False,True,5.0
32,2.3,1.4,0.7,0.2,0.2,2.2,2.8,1.6,2.7,3.0,185.6,12.1,59.0,6.3,3,1,0,True,False,False,True,3.0
41,6.7,2.0,1.6,1.7,2.4,3.0,3.8,2.4,1.1,0.4,168.3,23.1,57.0,3.7,5,0,0,False,True,False,True,3.0
48,1.0,0.2,0.7,0.2,0.2,0.9,1.4,2.2,2.3,7.3,168.0,20.5,96.0,10.0,1,1,1,True,False,True,False,5.0
41,2.5,0.9,0.6,0.9,1.0,1.6,2.3,2.9,3.1,3.8,163.9,16.6,81.0,9.5,2,1,1,True,False,True,False,5.0
31,3.3,1.3,0.6,0.0,1.9,3.0,3.1,1.9,1.9,5.1,242.0,23.4,76.0,5.7,4,1,1,False,False,False,True,3.0
57,4.0,1.8,1.8,1.4,0.0,4.4,3.9,1.4,1.1,0.9,135.6,12.5,63.0,1.0,8,1,1,False,False,True,False,4.0
73,6.7,2.0,2.8,0.3,2.4,3.5,3.5,1.7,0.7,2.6,96.0,18.3,58.0,3.5,6,1,0,True,False,False,True,4.0
58,6.7,1.5,1.9,0.6,3.8,3.3,3.4,1.3,1.2,1.5,22.1,15.1,74.0,6.0,5,0,0,True,False,True,False,4.0
73,5.9,2.5,2.5,0.5,1.5,4.1,4.1,1.4,1.4,0.0,55.2,17.8,52.0,1.0,8,0,0,True,False,False,False,4.0
65,4.5,2.1,1.4,0.9,1.4,2.2,3.4,2.0,2.2,5.9,137.4,27.3,81.0,7.3,3,0,1,False,False,False,True,4.0
68,4.4,1.7,1.7,0.7,1.4,2.7,3.0,2.0,1.0,3.1,119.7,23.8,76.0,5.2,4,0,1,False,False,False,True,4.0
38,7.7,2.6,3.3,1.1,1.6,4.0,3.9,1.6,1.6,5.3,258.1,21.8,66.0,4.8,6,0,1,True,False,False,False,4.0
39,5.5,2.5,2.4,1.0,0.7,4.5,3.4,1.7,0.9,0.0,114.0,17.6,53.0,3.3,8,1,0,False,False,True,False,4.0
21,4.5,0.7,2.5,0.8,0.3,4.5,3.9,0.1,1.6,0.0,152.1,10.6,49.0,1.4,10,1,1,False,False,False,True,5.0
66,4.4,2.0,1.2,1.0,1.0,0.5,1.1,2.8,2.6,5.6,13.2,17.8,78.0,7.7,1,0,1,True,False,False,True,4.0
20,7.8,2.8,1.5,1.0,1.6,4.5,4.1,0.4,1.2,1.0,0.0,7.6,45.0,1.0,10,1,0,False,False,True,False,4.0
67,4.9,3.0,1.9,0.4,0.4,2.8,3.5,1.2,2.1,2.5,166.4,13.3,71.0,6.9,4,1,1,False,False,False,True,4.0
38,2.3,2.3,0.8,0.3,0.1,0.7,1.4,2.6,2.6,4.5,247.5,18.6,73.0,8.7,1,1,0,True,False,False,True,4.0
47,3.3,1.8,0.0,1.5,1.0,2.7,3.1,2.3,1.5,3.1,159.2,12.7,67.0,6.5,4,1,1,True,False,False,False,3.0
63,4.5,2.4,1.9,1.0,0.1,3.6,3.7,1.7,0.9,2.4,176.6,20.6,66.0,4.7,5,0,0,False,False,True,False,4.0
43,7.3,2.7,2.6,0.8,2.1,4.5,4.0,0.3,1.2,0.0,113.9,12.1,43.0,1.0,10,0,0,False,False,False,True,3.0
57,3.0,2.1,1.6,0.1,0.0,2.3,3.0,3.0,1.9,3.9,126.8,15.5,81.0,5.7,3,0,0,False,False,False,False,4.0
36,1.8,2.2,0.8,0.0,0.2,2.3,3.2,1.7,2.3,3.7,86.7,13.1,78.0,7.0,3,0,1,False,False,False,True,4.0
40,5.5,1.8,1.1,0.4,2.8,3.5,4.1,2.0,1.1,4.3,79.3,17.2,67.0,3.8,6,1,1,False,False,False,False,4.0
42,1.0,0.8,0.0,0.3,1.2,1.5,2.4,3.0,2.6,6.7,109.6,38.2,92.0,9.2,2,1,0,True,False,True,False,5.0
64,3.5,1.8,1.1,0.4,1.6,4.4,3.6,1.7,1.2,0.0,189.1,15.4,53.0,1.6,8,0,1,False,False,True,False,3.0
35,2.4,1.4,0.3,1.1,1.3,0.9,1.5,2.1,2.5,6.7,149.3,36.7,83.0,7.8,1,1,1,True,False,False,False,5.0
63,3.6,1.4,0.7,1.5,0.8,1.8,2.3,2.5,2.9,7.4,109.7,18.3,85.0,8.7,2,1,0,True,False,True,False,5.0
21,8.3,3.3,0.2,1.3,2.5,4.5,4.1,1.2,0.8,1.0,133.7,17.1,49.0,1.0,9,0,0,False,False,False,True,4.0
31,3.3,2.9,0.1,0.2,0.8,4.1,3.9,0.9,0.4,1.7,100.5,15.0,57.0,1.5,7,0,1,False,False,False,True,5.0
34,1.1,0.5,0.4,0.9,0.6,0.3,0.9,2.5,2.6,6.0,119.2,22.4,88.0,9.4,1,1,1,True,False,False,True,5.0
55,4.8,1.0,2.2,0.3,2.1,3.3,3.5,0.9,0.8,2.4,101.5,20.5,74.0,4.3,5,0,0,False,False,False,True,4.0
63,1.3,1.7,0.9,0.0,0.0,0.9,1.4,2.6,2.8,5.3,123.3,36.3,88.0,7.3,1,1,0,True,False,True,False,4.0
34,2.7,1.4,0.3,0.6,1.1,1.7,2.1,2.8,2.2,2.8,158.3,33.5,77.0,8.5,2,0,0,True,False,False,True,5.0
68,5.7,2.3,2.3,1.4,0.9,4.5,3.9,1.5,1.5,0.5,199.9,12.4,54.0,1.2,8,1,0,True,False,True,False,3.0
36,2.9,0.9,1.6,0.4,1.1,3.1,3.8,1.9,1.5,3.5,182.3,13.5,66.0,5.9,5,0,1,False,False,False,False,4.0
42,4.0,2.9,0.0,1.1,0.9,2.2,3.2,2.3,1.4,4.8,170.0,15.5,81.0,6.8,3,1,1,False,False,True,False,4.0
54,5.7,2.0,2.6,0.2,1.8,2.8,3.7,1.3,1.8,3.9,122.7,17.0,74.0,5.7,4,1,1,True,False,False,True,4.0
63,5.8,1.7,1.6,1.0,2.5,3.4,3.6,1.2,2.3,6.0,64.2,28.6,72.0,7.2,5,0,1,False,False,False,True,4.0
21,7.7,2.0,2.3,0.5,1.9,4.5,4.1,1.8,1.5,1.9,242.1,8.6,57.0,1.2,9,1,0,True,False,False,True,3.0
15,6.9,1.6,1.3,1.5,1.1,4.5,4.0,0.8,1.6,0.0,181.3,11.3,46.0,1.0,10,1,0,False,False,False,True,3.0
46,5.3,0.2,3.3,0.4,2.0,3.2,3.3,2.6,2.1,3.8,156.7,15.2,65.0,5.2,5,1,1,True,False,False,True,4.0
27,5.5,2.0,1.1,0.3,2.1,3.8,4.1,1.2,1.4,3.3,141.7,21.3,70.0,3.2,7,0,1,True,False,False,True,4.0
44,4.0,1.7,0.0,1.5,1.8,2.5,3.0,2.5,1.9,6.5,151.7,28.6,79.0,8.7,3,1,1,False,False,False,False,4.0
37,3.6,1.1,0.5,0.3,2.4,2.3,3.0,1.4,2.5,5.8,69.0,32.4,73.0,6.5,3,0,0,True,False,True,False,3.0
65,4.6,3.0,2.1,0.7,0.0,3.9,3.9,0.2,1.5,1.4,123.5,17.2,64.0,4.3,6,0,1,True,False,False,True,4.0
73,4.9,2.6,1.7,0.3,1.4,2.0,3.0,2.3,1.9,4.2,133.3,25.8,64.0,6.8,3,0,1,False,False,False,True,4.0
70,7.5,4.2,1.4,1.2,1.7,4.5,3.7,0.0,0.9,0.7,166.4,7.3,48.0,1.0,10,0,1,False,True,False,True,3.0
33,3.8,2.8,0.4,1.4,0.0,1.5,2.0,3.0,2.5,4.1,146.8,16.1,87.0,8.4,2,0,0,True,False,False,True,4.0
46,3.6,1.4,1.5,0.2,1.6,4.3,3.8,2.2,0.4,1.3,96.5,22.3,65.0,2.5,7,0,1,True,False,False,False,4.0
44,4.7,1.2,1.5,0.9,2.3,4.1,3.8,1.3,0.8,0.6,185.1,11.0,62.0,1.9,8,1,0,True,False,True,False,5.0
43,4.5,1.6,1.5,1.0,1.2,3.8,3.8,1.4,1.2,0.8,118.9,19.7,61.0,3.4,7,1,0,False,False,False,True,4.0
63,5.2,1.4,2.1,0.7,2.1,2.3,2.8,1.2,1.5,4.0,109.8,17.0,81.0,6.0,3,0,1,True,False,False,True,4.0
59,6.7,2.1,1.7,1.5,2.4,4.1,3.8,0.9,1.0,0.4,45.0,12.7,51.0,2.6,8,0,0,False,False,False,True,3.0
43,5.0,0.6,1.2,1.5,2.7,3.8,3.6,1.0,0.6,1.6,161.6,26.8,66.0,3.1,6,0,0,False,True,True,False,4.0
44,4.9,2.6,0.4,0.1,2.6,4.4,3.8,1.1,0.5,1.4,179.2,8.5,58.0,3.1,8,0,1,True,False,True,False,4.0
30,8.9,2.1,3.0,1.3,2.8,4.3,3.9,1.3,0.2,1.2,173.7,8.8,56.0,2.1,9,1,1,True,False,False,True,3.0
54,6.9,2.5,3.7,0.9,0.9,3.5,3.8,2.1,1.7,3.3,243.6,24.7,62.0,3.5,5,0,0,True,False,True,False,4.0
33,5.2,1.0,3.4,0.7,1.0,2.9,3.8,1.3,1.2,2.9,135.3,12.2,70.0,5.4,5,0,0,True,False,False,True,4.0
32,4.3,2.2,2.3,0.5,0.0,4.2,4.1,1.6,1.9,2.9,122.7,21.6,65.0,2.7,7,0,1,False,False,False,True,5.0
15,4.2,3.2,0.0,0.0,0.3,4.5,3.9,0.9,0.9,0.0,123.1,5.2,54.0,1.0,10,0,0,True,False,False,True,4.0
28,4.3,1.2,0.0,0.8,2.6,4.2,3.7,1.2,1.0,0.9,31.9,16.0,49.0,2.9,7,0,0,True,False,True,False,4.0
65,2.8,1.2,0.9,0.8,0.8,1.0,1.0,2.7,2.6,4.0,135.7,24.5,80.0,9.1,1,1,1,False,False,False,False,4.0
61,6.7,2.6,1.4,1.8,1.8,2.5,3.5,1.4,1.2,6.8,152.8,13.8,74.0,4.3,4,1,1,True,False,False,True,4.0
64,3.1,1.1,1.4,0.2,1.6,2.1,3.0,2.8,2.2,3.9,212.3,27.5,76.0,5.0,3,1,1,False,False,True,False,5.0
16,7.0,1.8,1.7,0.0,2.6,4.5,4.0,0.7,1.1,0.0,145.2,14.6,55.0,1.4,10,0,0,True,False,True,False,4.0
68,1.9,3.3,0.0,0.0,0.0,3.1,3.4,1.8,1.7,3.5,164.6,24.0,83.0,5.9,4,1,1,False,False,False,True,4.0
42,6.9,1.2,3.3,1.6,1.8,4.5,4.2,1.2,0.9,0.4,222.5,8.4,57.0,1.0,9,0,1,False,False,True,False,3.0
63,7.5,3.4,3.2,0.3,1.7,4.5,4.1,0.7,1.1,0.4,95.4,6.0,49.0,1.0,10,0,0,False,False,False,False,4.0
64,3.2,1.7,0.1,1.4,0.5,2.8,3.5,1.8,1.2,2.1,247.1,28.6,64.0,5.6,4,0,0,False,False,True,False,4.0
44,3.1,1.0,0.0,0.6,2.4,4.5,3.7,1.4,1.3,2.0,140.9,18.9,60.0,1.0,8,1,0,True,False,False,True,4.0
52,2.7,2.5,1.4,0.0,0.0,0.8,1.6,2.5,2.6,6.7,178.5,31.1,96.0,8.7,1,1,1,True,False,False,False,5.0
65,8.1,2.1,2.9,1.8,2.5,3.3,3.8,1.4,1.8,2.3,244.5,9.1,64.0,3.7,6,0,0,False,False,False,True,4.0
18,5.9,2.0,1.5,1.4,0.0,4.5,3.9,2.1,1.2,0.0,203.6,7.2,60.0,1.0,9,0,0,False,False,True,False,4.0
15,5.3,1.3,1.8,0.5,0.5,4.5,4.0,1.2,1.0,0.4,211.5,14.3,41.0,1.0,9,0,0,True,False,False,True,4.0
22,6.6,2.1,1.0,1.2,1.3,4.5,3.8,1.9,1.1,3.0,211.4,11.2,62.0,1.8,8,1,0,True,False,False,True,4.0
43,3.5,0.2,1.7,0.7,1.6,4.3,4.0,1.4,1.3,0.6,187.9,12.4,61.0,3.8,7,1,1,True,False,False,True,4.0
69,4.7,2.2,2.5,0.9,0.0,1.8,2.7,2.3,2.7,3.8,131.8,22.8,86.0,9.1,2,0,0,True,False,True,False,5.0
53,8.7,3.2,2.0,1.7,2.4,4.5,3.9,1.3,1.0,0.3,109.5,13.0,49.0,1.0,10,0,1,True,False,False,True,4.0
17,5.6,0.4,2.1,0.0,2.2,4.2,3.9,1.8,1.3,3.7,150.2,20.6,59.0,2.2,7,0,1,False,False,False,False,4.0
46,4.3,1.6,0.0,0.4,3.3,2.4,2.9,2.8,2.0,3.1,167.5,18.3,80.0,7.1,3,0,0,True,False,True,False,4.0
24,7.9,1.2,3.9,0.6,2.1,3.1,3.7,1.2,2.1,4.1,144.8,25.1,51.0,4.5,5,0,0,True,False,True,False,3.0
24,2.9,0.6,0.0,0.8,0.7,1.6,2.5,3.2,2.5,7.0,51.5,20.1,77.0,8.5,2,1,1,False,False,True,False,4.0
33,1.5,0.2,1.7,0.0,0.3,0.7,1.4,2.6,3.2,5.0,87.6,18.9,84.0,7.1,1,1,0,False,False,False,True,5.0
60,3.4,0.9,1.3,1.2,1.0,2.8,3.6,1.6,2.1,2.0,258.5,31.0,71.0,5.8,4,1,1,False,False,False,True,5.0
48,5.6,1.8,1.4,0.0,3.6,4.5,3.7,1.4,1.2,0.0,115.1,11.2,57.0,2.1,9,0,1,False,False,True,False,3.0
74,6.2,3.0,2.5,0.0,1.4,3.4,3.9,1.4,1.7,3.0,87.2,20.3,69.0,4.3,6,1,1,True,False,False,True,3.0
47,2.4,0.6,0.7,0.4,1.5,1.5,2.4,2.8,2.6,5.2,136.2,17.0,79.0,9.5,2,0,0,False,False,False,False,4.0
37,6.6,2.3,1.0,1.7,2.8,2.5,3.4,2.0,1.5,3.1,120.1,14.5,65.0,5.3,3,1,1,False,False,False,True,4.0
69,3.8,2.2,0.2,2.1,0.2,2.7,3.3,1.4,1.6,2.3,96.7,27.4,69.0,5.2,4,0,1,True,False,True,False,4.0
42,8.2,3.5,2.7,0.9,1.9,4.5,4.3,0.8,1.1,0.0,216.2,12.5,46.0,1.0,10,0,1,False,False,False,False,4.0
46,5.4,2.5,1.8,0.5,1.9,3.7,3.9,0.5,1.5,2.3,158.4,23.2,60.0,5.1,5,0,1,False,False,False,True,3.0
64,7.1,2.6,2.2,0.7,2.4,4.2,4.1,1.4,1.4,0.9,89.5,15.2,55.0,3.9,7,0,0,True,False,False,True,4.0
21,8.8,2.6,2.4,0.8,2.3,4.5,4.0,1.0,0.8,0.9,91.9,13.6,51.0,1.0,10,1,1,True,False,True,False,3.0
43,6.9,1.2,3.7,1.5,1.3,4.2,4.2,2.2,0.3,0.7,104.3,9.0,56.0,1.9,7,0,0,True,False,False,False,4.0
22,6.1,1.5,3.5,0.0,0.0,4.5,3.8,1.2,0.9,0.0,170.9,13.0,49.0,1.0,10,0,0,True,False,False,False,4.0
15,8.7,3.0,1.9,1.3,0.8,4.0,4.0,1.7,1.3,3.3,152.1,12.4,56.0,3.1,7,1,1,True,False,False,False,4.0
71,3.4,0.2,1.7,0.0,2.2,3.8,4.2,1.5,1.2,0.0,205.5,25.3,61.0,3.4,6,1,0,False,False,False,True,4.0
69,5.0,1.4,0.9,0.3,3.3,3.8,3.7,1.4,0.8,1.8,86.1,12.6,65.0,3.8,6,0,0,True,False,True,False,3.0
17,4.9,0.8,2.3,0.6,0.2,4.4,4.0,1.6,1.3,3.5,111.6,9.9,66.0,1.7,7,0,0,False,False,False,False,3.0
38,4.5,2.2,2.3,0.8,0.1,3.3,3.2,1.9,1.9,3.4,170.7,17.7,79.0,7.3,4,0,1,False,False,True,False,5.0
37,2.5,1.6,0.7,0.6,0.0,1.0,1.7,2.3,2.6,5.8,94.2,23.0,79.0,9.4,1,1,1,False,False,False,True,4.0
73,5.2,2.6,2.3,0.7,0.6,2.8,3.3,1.7,2.9,4.5,132.7,25.5,79.0,6.2,4,1,1,False,False,True,False,4.0
22,7.9,1.9,2.6,0.6,2.3,4.2,3.8,2.1,0.5,1.7,101.6,10.5,50.0,1.7,7,1,0,True,False,False,True,3.0
68,2.7,0.6,0.3,0.0,2.7,2.4,2.9,2.4,1.7,7.1,98.2,19.3,68.0,8.0,3,1,1,True,False,False,True,5.0
71,2.8,0.7,1.7,0.9,0.0,0.9,1.2,2.7,2.9,2.3,212.6,31.0,80.0,8.6,1,0,1,False,False,True,False,5.0
61,3.5,2.0,1.4,1.1,0.2,1.6,2.3,2.1,2.4,5.4,140.1,20.4,86.0,9.7,2,1,0,False,False,True,False,4.0
51,3.0,1.3,1.5,1.4,0.0,1.5,2.4,2.9,2.2,4.4,98.0,23.3,73.0,7.7,2,1,0,False,False,False,True,4.0
17,4.9,1.5,0.5,1.7,0.5,4.5,3.9,0.0,0.7,0.6,16.3,6.3,47.0,1.0,10,0,0,True,False,False,True,5.0
65,3.5,2.8,0.0,0.8,1.2,2.1,2.5,1.8,1.5,5.4,157.8,14.7,73.0,6.0,3,1,0,False,False,False,True,4.0
47,4.6,2.7,0.7,1.4,1.0,2.3,3.1,2.2,2.4,4.8,182.8,29.8,85.0,5.9,3,1,1,True,False,False,True,4.0
42,5.8,3.6,0.5,0.6,1.9,4.5,4.3,1.6,1.0,0.9,122.4,6.8,55.0,2.0,9,0,0,False,False,False,True,3.0
61,2.7,1.7,1.9,0.0,0.0,2.6,3.1,1.5,2.0,3.7,194.0,32.2,73.0,5.9,4,1,0,False,True,True,False,4.0
22,5.6,1.4,1.9,1.2,0.9,4.5,4.1,1.0,0.5,0.0,75.6,12.1,43.0,1.4,10,0,0,True,False,False,False,4.0
48,7.2,2.4,1.8,1.0,2.8,4.5,4.5,0.4,1.6,0.0,205.1,12.8,43.0,1.0,10,0,0,False,False,True,False,3.0
49,4.0,1.5,0.0,0.6,2.8,3.0,3.3,1.8,2.0,3.6,84.8,21.7,80.0,4.8,4,1,0,True,False,False,True,4.0
46,4.7,1.5,0.3,0.6,3.1,2.4,3.0,2.5,1.8,3.9,169.9,17.3,75.0,6.4,3,1,1,True,False,False,True,4.0
38,4.1,1.8,0.8,0.9,1.8,3.0,3.3,1.6,2.0,3.4,129.4,31.6,73.0,4.4,4,1,1,False,False,False,True,5.0
28,5.7,3.5,1.5,0.4,0.7,3.9,4.0,2.1,1.4,2.9,162.4,26.6,65.0,3.8,6,0,0,False,False,True,False,4.0
46,5.4,2.6,1.1,0.9,1.6,2.8,3.2,2.2,2.4,3.9,161.1,35.3,73.0,7.9,3,1,1,False,False,False,True,4.0
70,7.6,2.7,1.8,0.0,3.9,2.4,3.2,2.0,1.6,4.4,145.5,18.6,76.0,7.1,4,1,0,False,False,True,False,3.0
60,5.7,3.4,2.6,0.1,0.9,4.3,3.8,1.6,0.8,1.5,190.9,15.6,62.0,2.3,6,1,0,False,False,True,False,4.0
57,5.5,2.8,0.4,0.0,3.2,4.4,3.7,0.8,0.5,0.7,194.3,13.2,53.0,1.2,7,0,0,False,False,False,True,4.0
30,2.8,1.0,0.4,1.9,0.0,3.3,3.3,2.1,1.5,2.8,180.9,14.0,70.0,5.4,4,1,0,False,False,False,True,5.0
18,8.1,2.8,1.6,0.6,2.0,4.5,3.8,1.5,0.4,1.0,162.4,13.3,48.0,1.0,9,0,1,True,False,True,False,3.0
66,6.8,2.9,1.4,1.3,2.0,3.3,3.5,1.5,1.7,2.8,133.7,25.3,66.0,6.0,5,0,0,False,True,True,False,4.0
51,6.0,2.6,2.3,0.0,1.8,4.3,3.8,1.1,0.9,1.3,13.1,19.1,57.0,1.8,8,0,0,True,False,False,True,4.0
68,4.4,1.8,1.5,0.5,1.8,2.0,3.0,2.1,1.6,6.8,108.4,22.8,77.0,6.5,3,0,0,False,False,False,False,5.0
35,7.5,2.5,3.4,0.9,1.9,2.8,3.7,1.5,2.1,4.6,153.9,12.1,66.0,7.0,4,1,1,True,False,False,True,4.0
28,5.3,2.0,0.0,1.5,2.0,3.6,3.6,0.7,1.3,2.2,123.4,15.4,64.0,4.1,6,1,1,True,False,False,True,4.0
45,3.7,1.1,2.4,0.2,1.1,3.7,3.6,2.4,1.2,1.3,123.8,11.9,68.0,3.2,6,0,0,True,False,False,True,5.0
69,3.6,1.3,1.7,0.4,1.1,0.7,1.4,3.1,3.4,4.1,24.8,29.2,83.0,8.1,1,1,1,False,False,False,True,5.0
62,1.4,2.6,0.0,0.1,0.0,1.7,2.2,2.2,2.7,3.2,242.3,30.9,76.0,6.9,2,0,1,True,False,False,False,4.0
32,3.6,1.2,0.0,0.5,2.1,2.3,2.8,1.8,2.1,5.8,179.2,21.4,78.0,7.3,3,0,1,True,False,False,True,4.0
21,5.4,1.3,0.3,0.0,2.7,2.3,3.0,2.2,2.1,4.1,60.8,32.2,74.0,7.6,3,1,1,False,False,True,False,4.0
24,9.3,2.7,2.8,0.0,3.1,4.5,4.0,1.2,0.5,0.0,57.8,12.4,43.0,1.6,10,0,1,False,False,False,True,3.0
21,7.0,2.1,2.7,0.8,0.6,4.5,3.9,0.8,0.5,0.5,117.2,8.1,46.0,1.0,10,0,0,True,False,True,False,4.0
47,3.9,2.5,1.4,1.0,0.0,2.3,3.2,2.2,1.6,2.5,152.6,13.5,75.0,7.6,3,0,0,True,False,False,False,4.0
37,2.8,0.9,1.1,0.0,1.8,2.1,2.9,1.8,1.3,2.5,189.3,20.8,69.0,6.0,3,0,1,True,False,False,True,4.0
35,2.3,2.5,0.6,0.2,0.2,1.7,2.6,2.2,2.2,3.7,136.1,31.4,69.0,8.2,2,1,1,True,False,True,False,4.0
33,4.5,1.4,1.3,0.5,2.0,1.4,2.4,2.3,3.2,4.7,228.7,35.4,80.0,7.5,2,1,0,False,False,False,False,4.0
62,2.8,1.1,1.0,1.6,0.0,1.9,2.1,2.3,2.2,6.5,93.5,28.2,86.0,8.2,2,1,0,False,False,False,True,5.0
33,6.4,1.5,3.4,0.0,2.5,4.0,3.9,1.1,1.2,0.0,181.0,12.6,66.0,4.0,7,0,1,False,False,False,True,5.0
50,5.2,3.2,0.1,0.9,1.6,4.5,3.8,1.6,1.3,0.0,58.5,10.4,53.0,2.7,8,0,0,True,False,False,True,4.0
43,3.6,1.7,1.9,1.0,0.0,2.9,3.1,2.2,1.6,2.6,175.0,12.6,67.0,4.0,4,0,0,False,False,False,False,4.0
74,8.0,4.0,3.4,0.2,1.7,4.5,4.0,0.4,1.2,0.0,206.4,6.3,45.0,1.0,10,0,0,False,False,False,True,3.0
32,3.8,0.2,2.4,0.4,1.5,2.9,3.3,1.5,1.6,7.1,105.3,30.8,76.0,5.0,4,1,0,False,False,False,False,4.0
16,4.4,0.6,0.3,0.8,1.9,3.5,4.1,1.2,1.2,4.2,144.0,12.5,70.0,6.3,5,1,1,False,False,False,True,4.0
15,6.8,3.2,0.0,0.6,2.2,4.5,3.9,0.4,1.1,0.0,87.6,9.8,36.0,1.6,10,0,0,False,False,False,True,3.0
61,6.2,3.4,1.8,1.6,0.0,3.6,3.8,0.3,1.0,3.4,176.5,10.1,61.0,4.7,6,0,1,False,False,False,True,4.0
19,5.3,1.2,1.7,0.7,0.9,4.5,3.8,0.5,0.8,0.0,214.0,5.7,47.0,1.0,10,0,0,True,False,False,False,4.0
34,6.8,2.1,2.9,1.1,1.3,3.9,3.7,1.2,1.1,0.9,78.9,16.3,65.0,5.4,6,0,0,False,False,False,True,3.0
25,7.1,2.6,2.1,0.9,1.1,4.5,4.0,2.0,0.7,2.0,77.1,8.3,61.0,1.7,8,0,0,False,False,False,True,3.0
56,3.9,1.8,1.0,1.0,1.0,2.9,3.9,1.7,2.2,3.7,187.6,30.5,73.0,5.5,4,1,1,False,False,False,True,4.0
16,6.5,2.1,0.9,0.1,2.5,4.5,4.0,1.2,1.5,0.0,87.3,5.9,46.0,1.0,10,0,1,True,False,False,True,4.0
17,3.6,2.0,0.1,0.7,0.0,4.0,3.6,1.7,1.4,0.0,166.8,19.8,59.0,4.4,7,0,1,False,False,False,True,4.0
37,3.3,0.7,1.6,0.6,1.1,2.6,3.7,1.6,1.6,3.5,93.7,29.6,79.0,6.2,4,1,1,False,False,False,True,5.0
69,2.3,1.7,0.0,0.2,1.2,1.1,1.5,3.3,2.2,6.5,90.9,25.4,79.0,8.7,1,1,0,True,False,False,False,4.0
26,7.1,2.0,2.5,1.2,1.3,3.8,3.2,1.4,1.6,3.7,243.7,10.6,63.0,4.6,6,0,1,True,False,True,False,4.0
34,4.0,2.1,2.1,0.0,0.4,1.4,2.0,2.5,1.7,4.8,167.1,15.8,75.0,7.7,2,0,0,False,False,True,False,4.0
19,8.5,0.4,2.1,1.4,3.5,4.5,3.9,1.1,1.6,1.4,187.5,17.4,60.0,1.5,9,0,0,False,False,False,True,3.0
51,4.2,2.7,0.0,0.0,2.4,2.9,3.2,1.5,2.5,3.7,221.1,24.7,69.0,6.1,4,1,1,False,False,False,False,4.0
52,6.9,2.1,1.3,0.5,3.6,4.5,3.9,1.7,1.5,1.3,122.3,6.8,40.0,1.0,9,0,0,True,False,False,True,3.0
44,4.3,1.1,1.1,1.2,2.0,3.3,3.5,1.5,1.4,0.3,89.2,22.3,68.0,3.8,5,0,0,False,False,False,True,5.0
23,7.7,3.6,1.6,0.0,2.2,4.5,4.1,0.9,0.6,0.3,201.3,6.8,57.0,2.0,9,1,0,True,False,False,True,4.0
48,5.0,1.7,2.1,0.9,1.4,0.9,1.5,2.7,2.5,5.5,195.8,27.5,72.0,6.9,1,1,1,True,False,False,False,3.0
67,5.4,1.7,0.9,0.8,3.0,3.0,3.1,2.1,1.6,2.4,84.8,30.5,70.0,4.7,4,0,1,True,False,False,True,3.0
58,5.8,2.6,1.0,0.8,2.0,4.5,4.4,0.6,1.2,0.0,93.0,10.1,40.0,1.0,10,0,0,True,False,False,False,4.0
49,6.4,3.7,2.2,0.4,1.2,4.5,4.2,1.3,1.1,0.0,117.5,12.0,53.0,1.3,8,0,0,True,False,True,False,4.0
66,5.5,2.6,0.3,0.3,3.2,3.5,3.1,1.2,2.1,3.1,254.4,14.5,72.0,5.0,5,0,1,True,False,False,False,4.0
72,2.8,2.7,0.7,0.0,0.1,1.9,2.2,2.4,2.3,4.1,174.8,22.1,84.0,7.9,2,1,1,True,False,True,False,5.0
36,2.9,1.1,1.5,0.5,0.7,1.5,2.1,2.7,2.8,2.3,91.4,36.1,82.0,6.7,2,1,1,True,False,False,True,4.0
58,8.7,2.1,2.5,1.2,4.0,4.5,3.8,1.3,1.1,0.3,70.5,9.7,49.0,1.0,9,0,1,False,False,False,True,4.0
38,3.0,1.5,0.4,0.3,2.1,2.7,2.9,1.8,1.7,0.0,148.2,19.0,69.0,7.0,4,1,1,False,False,True,False,5.0
31,6.3,2.6,3.5,0.4,0.0,4.5,4.0,2.1,1.1,0.4,156.0,18.1,57.0,2.0,8,1,1,True,False,False,True,5.0
24,6.8,2.7,0.0,1.6,2.4,4.5,3.8,0.9,1.4,1.7,218.4,5.4,48.0,1.0,10,0,1,False,False,False,True,5.0
44,6.5,3.5,3.2,0.5,0.4,3.7,3.9,1.8,0.5,1.3,182.2,19.7,61.0,2.6,6,0,0,True,False,False,True,4.0
70,3.6,0.2,2.8,0.8,0.8,1.9,2.8,2.3,2.0,5.5,17.1,13.8,80.0,7.8,2,0,1,False,False,False,True,4.0
73,5.6,1.4,0.0,0.9,4.0,4.1,4.2,1.9,0.6,2.9,229.9,8.0,66.0,3.7,7,1,1,True,False,True,False,4.0
60,6.0,3.2,0.0,0.5,3.1,4.5,3.8,1.4,1.2,1.3,115.2,10.3,54.0,1.1,9,1,0,True,False,False,True,4.0
37,6.4,0.7,2.3,1.0,3.4,4.5,4.0,0.7,1.3,0.2,75.3,6.9,51.0,1.0,10,0,1,False,False,False,False,3.0
46,5.1,2.7,1.1,1.2,0.8,4.5,4.1,1.7,0.6,1.3,159.7,8.2,58.0,2.4,8,0,1,False,False,False,False,3.0
31,5.5,3.0,0.4,1.1,1.1,3.6,4.1,0.9,1.4,0.6,116.0,22.8,52.0,4.0,6,0,1,False,False,False,True,4.0
64,7.2,2.0,3.5,1.2,1.6,2.4,3.0,2.3,2.0,3.4,84.8,28.6,75.0,6.6,3,1,1,False,False,False,True,4.0
65,2.1,0.7,0.2,0.0,2.3,3.1,3.2,1.1,1.7,1.1,94.2,30.2,72.0,6.5,4,0,0,False,False,False,True,5.0
31,3.4,1.9,0.7,0.0,1.1,3.2,3.5,2.2,2.0,6.5,169.7,15.9,77.0,5.1,4,1,0,True,False,False,True,4.0
28,8.0,3.3,0.8,0.3,3.3,4.1,3.6,1.6,0.8,3.3,115.9,15.7,63.0,2.7,7,0,0,True,False,True,False,4.0
23,5.7,3.4,0.0,0.1,1.9,4.5,3.7,0.5,1.4,0.0,66.1,14.9,43.0,1.0,10,0,0,True,False,False,True,4.0
54,5.4,2.2,1.6,0.2,2.9,4.1,4.1,2.0,1.9,1.2,224.2,15.7,59.0,3.8,7,0,1,True,False,True,False,5.0
16,4.4,1.1,0.5,1.1,0.6,4.5,4.2,1.4,1.0,1.2,234.6,12.1,56.0,1.1,9,1,0,False,False,False,True,4.0
59,7.0,3.6,2.4,0.7,1.0,4.1,4.2,1.7,1.5,0.0,181.5,9.2,56.0,2.5,7,0,0,False,False,True,False,3.0
39,6.3,2.7,2.5,0.5,1.6,4.4,4.2,0.5,1.3,0.0,123.3,18.4,62.0,1.3,8,1,0,True,False,False,False,4.0
53,4.1,1.2,1.8,0.5,0.9,1.1,1.4,3.0,2.5,7.3,89.6,27.1,93.0,7.6,1,0,1,False,False,False,True,4.0
23,7.2,2.3,1.8,0.4,2.4,4.1,3.7,1.6,1.5,5.4,162.5,14.6,74.0,3.2,6,1,0,False,False,True,False,4.0
68,5.8,2.3,1.7,0.5,2.5,2.8,3.1,1.5,1.6,3.2,119.4,26.4,73.0,5.9,4,0,1,True,False,False,True,4.0
36,3.5,1.4,0.7,1.4,1.2,2.1,3.0,1.7,2.5,4.3,120.4,25.1,70.0,5.1,3,1,0,True,False,False,True,4.0
57,4.2,2.3,0.8,0.0,2.1,3.1,3.6,2.0,2.0,0.8,181.6,29.5,59.0,4.9,5,0,1,True,False,True,False,4.0
60,9.8,3.0,3.0,1.4,3.4,4.4,3.8,1.8,1.1,4.0,92.3,15.4,57.0,2.0,7,1,1,True,False,False,True,3.0
18,9.0,1.7,2.3,2.0,2.4,4.5,4.0,1.5,0.8,0.3,155.4,14.1,43.0,1.0,10,1,0,True,False,False,True,3.0
40,7.6,3.1,1.7,1.4,2.1,4.5,3.9,1.4,1.4,0.0,178.9,9.9,50.0,1.0,10,1,1,False,False,False,False,2.0
72,4.4,0.4,2.2,0.0,2.7,2.5,3.1,2.2,2.0,1.6,127.2,23.0,73.0,6.9,3,0,1,True,False,True,False,5.0
43,7.5,4.0,1.4,0.3,3.1,4.5,3.7,1.5,1.1,1.1,101.6,6.8,58.0,1.0,9,0,1,True,False,False,True,4.0
59,7.1,2.1,1.7,1.2,2.9,2.6,3.5,1.1,1.7,3.9,136.9,30.2,73.0,5.4,4,0,1,False,True,True,False,4.0
48,5.9,3.0,2.2,0.5,1.3,4.5,3.6,1.9,1.6,0.7,68.0,19.7,50.0,1.7,8,1,0,False,False,True,False,4.0
37,3.8,2.2,0.0,0.3,2.3,2.4,3.1,2.2,1.9,4.7,203.8,12.0,81.0,7.4,3,1,1,False,False,False,True,4.0
51,4.6,1.3,2.5,0.5,1.1,4.5,3.8,1.6,1.0,0.0,163.7,7.8,55.0,1.8,8,0,0,True,False,True,False,4.0
25,6.2,2.0,2.4,0.0,1.3,4.5,4.1,0.7,1.6,0.0,122.8,8.6,58.0,1.0,10,1,0,True,False,True,False,4.0
20,4.2,0.3,0.6,0.5,1.9,3.1,3.9,1.8,1.3,3.3,63.1,14.3,72.0,4.2,5,1,1,False,False,False,True,5.0
32,4.9,2.6,2.9,0.0,0.0,2.1,2.6,1.9,1.9,5.2,160.6,20.0,73.0,7.2,3,0,0,True,False,False,True,5.0
35,3.8,2.2,0.0,1.0,1.8,3.8,3.7,1.1,1.5,6.2,198.7,12.6,69.0,3.7,6,0,1,True,False,True,False,4.0
56,3.4,1.8,1.9,0.1,0.7,1.0,1.3,2.2,2.9,5.7,36.2,34.7,81.0,7.8,1,1,1,False,False,True,False,5.0
50,4.0,2.7,1.5,0.6,0.2,3.8,3.7,1.0,0.6,9.6,222.3,9.1,67.0,4.2,6,1,0,False,False,False,True,4.0
55,5.1,2.0,1.2,0.3,2.2,2.6,3.4,2.1,1.2,2.5,123.7,30.0,65.0,7.8,4,1,0,True,False,False,True,5.0
52,4.8,2.5,1.5,0.8,1.1,3.4,3.7,1.3,1.6,1.5,137.9,13.6,70.0,4.6,5,0,0,False,False,False,True,5.0
48,6.8,2.9,2.1,1.1,1.6,3.4,4.1,1.5,0.8,5.3,142.5,19.2,68.0,4.2,6,0,1,True,False,False,True,4.0
31,2.7,1.5,0.0,0.8,1.2,2.6,2.7,2.6,2.2,4.0,141.4,27.1,67.0,6.9,3,0,0,True,False,False,False,5.0
51,3.9,1.2,2.6,0.2,0.8,3.1,3.0,1.3,1.5,2.6,147.2,18.0,67.0,6.0,4,0,1,True,False,True,False,4.0
39,2.2,0.4,1.0,0.3,1.5,3.3,3.7,1.0,1.9,8.7,146.1,20.9,85.0,6.8,5,0,1,True,False,True,False,5.0
52,5.7,2.1,2.6,2.0,0.0,2.7,3.7,1.7,1.9,4.6,108.9,22.6,74.0,4.8,4,1,0,True,False,False,True,4.0
72,6.3,2.4,2.2,1.2,1.3,4.5,4.2,1.4,0.5,0.0,106.3,8.5,45.0,2.2,8,0,0,False,False,False,True,4.0
26,5.7,0.8,1.0,0.5,3.4,3.6,3.7,1.9,1.4,2.4,170.3,16.9,62.0,4.0,6,0,1,False,False,False,False,5.0
37,4.6,3.3,1.4,0.3,0.2,2.6,3.1,1.6,2.1,3.4,188.9,29.4,75.0,4.6,4,0,1,False,False,False,False,4.0
67,4.4,1.3,1.5,0.0,2.8,2.5,3.5,1.4,1.8,2.3,88.7,31.9,64.0,6.5,4,0,0,True,False,True,False,3.0
56,7.6,0.2,3.3,1.3,3.5,4.5,4.1,1.0,0.9,0.0,164.0,6.9,49.0,1.0,9,1,1,True,False,False,True,3.0
36,2.9,3.3,0.2,0.2,0.6,2.4,2.7,2.4,2.3,1.8,84.6,17.0,69.0,7.7,3,0,1,True,False,True,False,5.0
35,3.2,0.2,1.0,1.2,1.7,0.7,1.1,2.5,3.0,4.3,183.9,31.0,91.0,8.7,1,1,1,True,False,False,True,5.0
41,3.3,2.9,0.0,1.1,0.1,1.7,2.4,2.6,2.6,4.4,106.8,23.0,72.0,8.1,2,1,1,True,False,False,True,4.0
71,4.5,2.6,1.6,1.4,0.0,3.6,3.8,1.2,1.2,0.5,234.6,11.0,48.0,4.4,6,0,0,False,False,False,True,3.0
45,4.9,2.3,0.8,1.1,1.6,3.2,3.9,1.1,1.8,4.0,130.5,11.4,72.0,3.3,5,1,0,False,False,True,False,4.0
20,5.3,1.5,0.9,0.5,1.8,4.4,4.0,1.2,0.5,3.5,268.0,18.9,59.0,2.6,8,0,1,False,False,False,True,4.0
41,6.1,2.5,3.1,0.6,0.8,4.5,3.6,1.3,0.5,0.0,114.7,14.6,64.0,2.5,8,1,1,True,False,False,True,4.0
54,3.5,2.9,0.6,0.6,0.3,2.2,3.1,2.3,2.0,4.1,80.7,20.3,76.0,6.8,3,0,1,False,False,False,False,3.0
48,3.0,1.1,1.3,0.4,0.6,1.5,2.1,1.9,3.1,3.6,141.3,31.5,81.0,8.7,2,0,0,True,False,True,False,5.0
26,6.0,2.9,1.0,0.0,2.3,3.9,4.0,1.2,1.7,1.0,115.5,20.5,59.0,4.7,7,0,1,True,False,False,True,4.0
59,5.3,2.8,1.1,0.0,2.3,2.0,2.9,2.3,2.6,7.0,87.3,23.5,79.0,8.7,3,1,0,True,False,False,True,5.0
71,8.8,2.3,4.5,1.1,2.0,4.5,4.4,1.8,1.1,1.8,105.6,10.4,49.0,3.9,8,0,1,False,False,False,False,2.0
67,2.0,1.5,0.0,0.5,1.0,0.6,1.4,2.8,2.0,5.4,162.9,21.7,82.0,7.5,1,1,1,False,True,False,True,5.0
21,7.1,2.8,2.2,1.2,0.3,4.5,4.2,0.4,1.3,0.0,205.5,7.0,52.0,1.0,10,1,0,True,False,False,False,4.0
24,10.0,2.5,4.2,0.4,2.7,4.5,3.9,0.8,0.9,0.0,161.8,10.2,43.0,1.0,10,1,1,False,False,False,True,3.0
59,6.3,1.1,2.7,0.6,3.0,3.6,3.8,1.0,1.4,1.9,187.6,14.9,64.0,2.9,7,0,1,False,False,False,True,3.0
31,5.1,1.7,1.6,1.2,0.9,2.7,3.5,1.1,1.9,3.1,185.0,20.5,72.0,7.0,4,1,0,True,False,False,True,3.0
40,4.5,2.7,0.2,1.5,1.2,3.1,3.5,1.3,2.3,3.6,82.2,20.7,60.0,3.7,5,1,1,True,False,True,False,4.0
35,4.4,2.1,2.9,0.4,0.0,4.4,4.0,1.4,1.8,2.0,72.9,13.2,54.0,1.0,9,0,0,True,False,False,False,4.0
42,6.4,3.0,2.5,0.0,1.9,4.5,3.8,1.7,0.8,0.0,179.5,8.0,44.0,1.0,9,0,0,False,True,False,True,4.0
72,5.3,1.7,0.0,1.3,3.5,2.9,3.8,1.5,1.8,2.7,120.2,19.4,71.0,6.2,4,0,0,True,False,False,True,5.0
60,4.1,1.1,1.1,0.4,2.3,1.1,1.3,2.8,2.6,3.5,148.3,14.5,82.0,9.0,1,1,1,False,False,False,False,4.0
16,8.8,4.0,0.2,0.3,3.6,4.5,3.8,0.5,0.9,0.0,185.6,13.1,41.0,1.0,10,1,1,True,False,False,False,3.0
74,1.0,0.5,0.0,0.4,1.0,1.1,1.2,3.2,2.7,3.5,103.9,19.9,84.0,9.5,1,1,0,False,False,True,False,4.0
68,1.1,1.6,0.1,0.2,0.1,2.4,3.2,2.4,1.4,7.2,153.6,35.3,71.0,7.8,3,0,0,True,False,False,True,5.0
57,6.9,2.3,1.6,1.1,2.9,4.5,4.0,0.5,0.9,0.4,141.8,13.7,42.0,1.0,10,0,1,False,False,True,False,3.0
15,7.3,2.9,2.1,0.0,1.6,4.5,3.8,1.1,1.5,0.0,137.9,13.7,54.0,1.0,9,1,1,False,False,False,True,3.0
65,3.9,2.6,1.1,0.7,0.5,2.4,3.2,2.2,0.8,9.1,82.0,17.9,86.0,6.6,3,1,0,False,False,False,True,5.0
67,9.8,4.1,3.0,0.7,3.3,4.5,4.0,0.6,0.5,0.0,137.8,5.0,44.0,1.0,10,0,1,False,False,False,False,4.0
50,4.5,1.9,2.6,0.2,0.8,3.6,3.8,1.1,1.7,3.6,59.1,17.3,64.0,5.5,6,1,0,True,False,False,True,4.0
65,3.7,1.2,1.4,1.6,0.3,1.9,2.8,2.2,2.6,5.2,102.0,24.2,81.0,5.8,3,1,1,False,False,True,False,4.0
40,5.1,1.8,1.2,1.1,2.0,3.8,3.7,1.5,0.7,3.6,138.8,22.3,64.0,4.6,6,0,0,True,False,False,True,5.0
43,3.3,1.7,1.9,0.3,0.1,2.2,3.0,1.9,2.5,3.5,69.4,12.7,73.0,6.8,3,0,1,True,False,False,False,4.0
35,5.4,1.9,1.5,0.5,2.4,4.5,3.8,1.4,1.5,0.0,182.9,12.2,54.0,3.7,9,0,1,False,False,False,False,5.0
25,2.8,1.1,0.0,1.1,0.2,2.8,2.9,1.1,1.8,1.4,144.0,27.6,75.0,4.9,4,0,1,True,False,True,False,5.0
54,5.4,2.7,1.2,0.6,1.7,3.2,3.9,1.6,1.3,3.1,105.6,18.7,67.0,3.9,5,0,1,False,False,True,False,4.0
25,8.2,2.3,2.2,1.4,1.7,4.5,3.7,0.9,1.5,0.0,201.4,9.6,43.0,1.9,10,0,0,False,True,True,False,3.0
50,5.1,0.9,2.9,0.9,1.7,4.5,3.8,0.5,1.0,0.9,158.7,13.1,50.0,1.0,10,0,0,True,False,False,True,4.0
63,5.3,2.9,2.6,0.8,0.1,4.2,3.7,0.9,1.2,0.0,228.4,15.4,62.0,3.2,7,0,0,False,False,False,False,5.0
73,4.1,1.3,1.9,0.7,1.2,2.2,3.3,2.3,2.5,3.5,111.6,27.5,82.0,4.9,3,1,1,True,False,False,False,4.0
53,8.5,0.9,3.1,2.5,2.8,4.5,3.9,0.5,0.9,2.2,182.8,12.7,54.0,1.0,10,0,1,True,False,False,False,3.0
54,4.3,2.1,2.0,0.0,1.2,4.0,3.9,1.9,0.9,0.7,89.0,21.8,52.0,2.6,7,0,0,True,False,False,True,4.0
49,1.0,0.4,1.4,0.0,0.2,2.3,3.1,2.4,2.7,8.3,0.0,29.2,81.0,7.3,3,1,1,False,False,True,False,5.0
68,6.4,2.5,3.1,0.5,1.0,4.5,4.2,2.0,0.6,0.0,126.5,7.6,48.0,1.0,9,1,1,False,False,True,False,4.0
48,2.9,0.2,2.3,1.4,0.1,1.4,2.2,1.7,2.7,4.3,122.4,31.8,78.0,7.6,2,1,1,False,False,False,True,4.0
69,2.9,1.1,2.9,0.0,0.0,1.2,2.5,2.8,2.5,3.7,115.7,13.9,80.0,9.5,2,1,1,False,True,True,False,4.0
61,3.9,3.4,0.2,0.0,1.2,1.8,2.2,2.1,2.6,4.5,135.1,32.5,81.0,9.0,2,0,1,True,False,False,True,4.0
38,3.5,1.4,0.6,0.4,1.5,2.8,3.0,1.9,1.8,2.5,137.3,18.7,63.0,6.2,4,1,1,True,False,False,True,4.0
68,5.1,1.5,0.6,1.9,2.1,4.3,3.9,1.7,0.8,0.0,34.2,10.5,64.0,3.3,8,0,0,False,False,False,True,4.0
36,6.1,3.1,1.7,0.6,1.9,4.5,3.8,2.2,0.3,0.0,156.0,19.9,47.0,3.1,8,0,1,False,False,True,False,4.0
19,7.4,1.3,3.5,0.0,2.0,4.5,4.3,1.0,0.6,1.8,195.2,14.2,48.0,1.0,10,0,0,True,False,False,True,3.0
70,4.3,2.7,0.2,1.1,1.4,3.7,3.9,2.0,1.3,2.1,165.1,15.7,72.0,6.8,5,0,1,True,False,False,True,4.0
47,10.0,3.1,2.5,1.6,3.5,4.5,4.2,1.3,1.4,0.0,196.6,12.5,49.0,1.1,9,1,1,False,False,True,False,4.0
72,2.3,2.4,0.2,0.2,0.6,2.5,3.0,1.7,2.2,1.2,195.2,20.8,66.0,7.8,3,0,0,False,False,True,False,5.0
50,5.6,0.7,3.8,0.9,1.1,2.8,3.4,2.6,2.2,7.8,65.9,13.9,78.0,6.7,4,1,0,True,False,False,False,4.0
61,4.3,1.5,0.0,0.7,3.1,4.2,3.9,1.8,1.3,0.0,148.0,14.2,59.0,2.4,7,0,0,True,False,False,True,4.0
34,7.4,4.4,2.3,0.9,1.0,4.5,4.0,0.7,1.1,0.0,79.9,12.0,51.0,1.0,10,0,1,False,False,False,False,3.0
33,4.9,1.6,2.5,0.3,1.3,3.4,3.5,1.2,1.9,2.5,128.5,12.2,69.0,5.5,5,0,1,False,False,False,True,4.0
49,8.1,4.7,2.2,1.0,1.8,4.2,3.8,2.0,1.2,1.6,110.7,12.7,60.0,3.6,7,0,1,True,False,False,True,4.0
66,6.7,3.5,0.5,1.1,2.6,3.5,3.8,0.6,1.9,3.1,66.9,12.5,68.0,3.7,5,0,1,False,False,False,True,3.0
57,4.4,2.5,0.3,1.0,1.5,1.6,2.8,1.9,2.5,4.6,216.2,15.6,80.0,6.2,2,0,0,True,False,True,False,4.0
31,5.0,2.3,2.9,0.0,0.5,3.3,3.7,1.4,1.1,0.8,162.4,11.5,60.0,5.2,5,0,1,True,False,True,False,4.0
73,4.2,1.6,2.7,0.0,1.0,2.0,3.0,1.2,2.3,3.4,133.4,21.9,72.0,7.0,3,1,1,False,False,True,False,4.0
59,5.3,1.9,2.6,0.2,1.9,1.0,1.1,2.3,2.7,5.2,172.6,33.0,77.0,9.7,1,1,0,False,False,False,True,5.0
57,4.5,1.4,2.8,0.8,1.1,4.1,3.5,1.7,0.7,1.7,115.5,15.0,56.0,3.5,7,0,0,True,False,False,True,3.0
48,2.3,1.9,0.0,0.9,0.9,0.9,1.4,3.0,3.3,3.5,55.2,21.3,78.0,9.0,1,1,1,False,False,False,False,4.0
23,2.0,0.8,0.0,0.0,0.5,3.4,3.4,1.9,1.4,1.0,179.0,24.7,58.0,3.5,5,0,0,False,False,False,True,4.0
40,3.8,0.7,0.8,0.8,2.6,2.4,2.6,2.3,2.0,4.6,41.1,19.7,73.0,6.4,3,0,0,False,False,False,False,4.0
16,7.7,3.2,1.0,1.2,1.3,4.5,4.3,0.2,0.8,0.9,113.1,5.5,42.0,1.0,10,0,0,False,False,True,False,3.0
67,3.2,0.5,0.9,1.0,1.3,3.5,3.8,1.0,1.0,0.0,95.4,10.9,61.0,4.8,5,1,1,False,False,False,False,5.0
23,7.7,2.8,1.8,0.3,2.1,4.5,3.6,0.7,1.1,0.0,160.9,13.7,46.0,1.0,10,0,0,False,False,False,True,3.0
23,4.0,0.3,2.7,0.4,0.0,4.5,4.4,1.7,1.6,1.2,94.8,6.5,52.0,1.3,9,0,0,True,False,False,True,4.0
54,4.1,2.6,1.2,0.0,1.4,1.8,2.0,2.8,2.7,2.2,129.4,19.7,76.0,8.4,2,1,0,True,False,False,True,4.0
31,6.8,1.8,0.6,1.6,2.9,4.5,3.7,0.9,0.9,0.0,161.6,8.4,48.0,1.5,10,1,0,True,False,True,False,4.0
15,9.1,3.2,2.4,0.9,1.3,4.4,3.5,0.8,1.1,1.3,126.6,11.7,55.0,1.9,8,0,1,False,False,False,True,3.0
39,3.7,1.7,1.2,0.0,1.6,1.1,1.2,2.9,3.8,3.3,122.0,37.3,75.0,9.8,1,0,1,False,False,False,False,4.0
57,3.7,0.2,1.6,1.3,1.6,1.9,2.6,2.2,2.2,3.9,68.9,23.4,74.0,8.0,2,1,1,True,False,True,False,5.0
54,5.2,1.8,1.1,1.0,2.5,3.2,3.4,1.2,1.3,1.7,0.0,22.7,59.0,3.4,6,1,0,True,False,True,False,4.0
56,6.3,2.1,1.9,1.3,1.6,4.5,3.8,1.6,1.4,1.1,120.8,7.0,50.0,1.0,9,0,0,False,False,False,True,4.0
39,5.7,1.9,0.4,0.3,3.9,2.5,3.5,1.4,1.6,3.5,161.4,28.6,71.0,5.9,4,1,0,True,False,False,False,4.0
53,5.6,2.5,2.3,0.3,1.6,2.0,2.9,2.2,1.4,5.5,141.3,22.1,82.0,6.4,3,1,0,False,False,False,False,3.0
49,3.0,1.5,1.5,0.1,1.0,3.5,3.6,1.5,2.2,0.0,218.1,17.5,65.0,4.8,5,1,1,True,False,False,False,5.0
17,7.0,0.9,0.7,1.9,2.9,4.5,4.2,1.6,1.0,1.1,162.8,9.9,45.0,1.0,10,1,1,False,False,False,True,3.0
64,3.9,1.1,2.1,0.3,1.2,3.0,3.3,1.5,2.1,2.0,109.1,21.8,77.0,5.5,4,1,1,False,False,False,True,5.0
51,2.0,1.5,0.7,0.0,0.8,0.9,1.1,2.9,2.5,6.2,154.2,40.5,86.0,7.7,1,1,1,True,False,False,True,4.0
58,1.7,1.5,0.7,0.2,0.2,0.9,1.4,2.1,3.6,4.6,140.9,27.7,80.0,9.4,1,1,1,True,False,False,False,5.0
58,5.9,4.2,0.2,0.4,1.9,3.6,3.8,1.6,1.9,1.7,141.8,11.8,74.0,4.4,6,0,0,True,False,False,True,4.0
65,4.7,3.1,0.0,1.5,0.9,3.1,3.8,1.3,1.3,0.0,153.3,11.7,64.0,5.2,5,1,0,False,False,False,True,5.0
44,4.9,2.6,2.1,0.8,0.6,2.1,3.2,2.2,2.1,5.3,258.3,25.3,85.0,7.4,3,1,1,False,False,True,False,4.0
52,6.3,2.4,2.8,1.3,0.8,3.4,3.2,1.6,1.4,1.6,163.5,27.0,69.0,3.9,5,1,1,True,False,True,False,4.0
48,4.2,2.3,1.0,0.8,1.0,2.3,2.8,2.6,2.1,3.9,147.7,19.6,67.0,6.9,3,1,1,False,False,False,True,4.0
26,5.8,2.3,0.6,0.5,2.2,4.5,3.9,0.9,0.9,0.0,250.4,13.3,34.0,1.0,10,1,0,False,False,False,False,4.0
33,2.9,2.1,0.0,0.0,1.9,1.1,1.2,2.2,2.6,3.0,168.1,22.9,94.0,10.0,1,0,0,True,False,False,False,5.0
51,3.6,2.0,0.0,1.6,1.3,2.7,3.7,1.0,0.9,1.0,122.0,23.0,70.0,5.8,4,1,0,True,False,True,False,4.0
58,4.9,0.2,2.3,1.2,2.0,4.1,3.3,1.4,0.9,2.0,88.0,21.0,58.0,3.1,7,0,1,False,False,False,True,4.0
73,3.4,1.7,0.0,1.2,1.3,1.0,1.2,3.0,2.5,6.3,107.8,24.6,84.0,6.7,1,0,1,False,False,False,False,3.0
73,4.2,1.8,0.2,1.2,1.6,3.0,3.4,1.7,1.2,1.7,191.3,16.6,67.0,3.1,5,0,1,False,False,False,True,4.0
63,2.6,1.3,1.8,0.2,0.7,1.3,2.5,2.3,2.7,5.3,226.0,15.0,77.0,9.4,2,1,1,False,False,False,False,5.0
31,4.3,1.5,1.6,0.8,0.7,2.6,3.2,1.4,1.7,0.2,146.5,31.4,62.0,6.0,4,0,0,False,False,False,True,4.0
24,7.6,2.3,1.9,1.3,1.6,4.5,4.3,1.2,1.6,0.4,134.4,17.8,52.0,1.0,9,0,1,True,False,False,True,3.0
71,5.7,2.7,1.5,1.2,1.6,4.5,3.9,1.1,0.8,2.3,172.7,15.3,45.0,1.5,8,0,0,False,False,True,False,4.0
69,5.1,2.3,1.1,0.7,2.4,2.5,2.9,2.2,1.7,6.1,108.0,31.6,81.0,7.2,3,1,1,False,False,False,True,4.0
63,5.8,2.7,0.2,1.8,1.9,2.3,3.3,1.8,1.9,2.9,138.5,24.7,67.0,6.2,4,0,0,False,False,False,True,3.0
61,4.1,2.7,0.8,0.9,0.9,1.6,2.3,3.1,2.0,7.2,124.6,21.4,88.0,7.5,2,1,0,True,False,False,True,5.0
26,4.2,1.7,1.2,1.4,0.1,3.0,3.3,1.8,1.4,3.7,165.1,16.6,69.0,5.2,5,1,0,True,False,False,True,4.0
30,5.2,2.5,0.0,0.7,2.3,4.3,3.6,0.8,0.4,1.0,107.7,19.3,54.0,2.4,7,0,1,True,False,False,True,4.0
38,2.1,0.4,0.6,0.4,1.7,2.2,2.9,2.5,1.8,3.3,122.3,28.3,76.0,7.3,3,1,1,True,False,False,False,4.0
33,5.8,1.7,1.1,1.2,2.4,3.1,3.8,1.6,2.0,2.9,165.3,29.7,71.0,6.1,5,0,0,True,False,False,True,3.0
22,5.8,1.5,0.7,1.0,1.9,4.5,4.2,1.2,1.3,0.9,176.0,6.5,52.0,1.0,9,0,0,False,False,False,False,4.0
45,8.3,3.4,1.1,0.8,3.2,4.5,3.6,1.3,0.8,2.0,211.1,14.9,46.0,1.1,9,0,0,False,False,False,True,4.0
35,5.0,2.3,2.2,0.1,1.2,3.7,4.0,1.6,1.4,1.6,194.0,19.0,59.0,3.7,6,1,1,True,False,False,True,4.0
31,5.5,0.8,2.4,1.2,1.4,2.6,3.4,2.0,1.9,2.1,101.0,29.0,70.0,3.9,4,0,0,False,False,False,False,4.0
37,6.8,2.5,3.2,0.1,2.2,4.3,4.0,1.4,1.4,0.6,95.3,7.2,58.0,2.9,8,0,1,True,False,True,False,4.0
51,5.6,2.8,0.0,1.1,2.3,4.5,3.9,2.0,0.4,0.8,141.2,17.2,50.0,1.5,8,1,0,True,False,False,True,3.0
68,3.5,1.9,1.0,0.0,1.7,0.4,1.5,3.7,1.4,6.1,179.4,20.3,89.0,8.5,1,0,0,True,False,False,False,5.0
30,5.0,2.6,2.9,0.1,0.0,3.2,3.5,1.0,1.4,0.0,84.0,20.3,73.0,5.4,5,0,0,False,False,False,True,4.0
20,1.6,0.2,0.0,0.8,0.0,3.6,3.7,1.3,1.0,2.3,125.9,21.8,60.0,5.7,6,0,1,True,False,False,True,5.0
22,3.0,0.2,0.2,0.9,1.0,3.1,3.2,1.7,1.8,5.7,147.5,28.7,81.0,6.7,4,0,1,True,False,False,True,5.0
39,2.7,0.9,0.8,0.7,1.4,3.4,3.3,0.9,1.9,2.3,132.6,24.7,75.0,4.8,5,0,0,True,False,True,False,5.0
32,5.3,2.1,3.7,0.3,0.0,4.5,3.3,0.8,1.3,0.0,107.0,13.1,52.0,1.0,10,0,1,False,False,False,True,4.0
39,5.3,3.4,0.4,1.3,1.4,3.1,3.5,1.8,1.8,1.2,88.5,10.1,72.0,5.5,5,0,0,True,False,False,True,4.0
26,6.7,1.0,2.7,0.7,2.1,4.2,3.9,1.6,1.1,2.9,131.1,14.6,60.0,2.9,7,0,0,False,False,False,True,3.0
29,4.6,1.2,1.5,0.7,1.3,4.5,4.1,0.8,1.1,0.0,131.0,6.8,44.0,2.0,9,1,1,False,False,False,True,4.0
73,3.7,2.1,0.2,0.5,1.7,1.1,1.5,3.0,3.1,5.2,176.4,31.9,81.0,9.8,1,1,1,False,False,False,True,4.0
40,7.0,1.6,4.6,0.2,2.0,4.5,4.4,1.4,1.4,1.6,107.2,8.9,44.0,2.8,9,1,1,False,False,False,True,3.0
55,3.3,1.5,1.7,1.3,0.0,2.8,3.3,1.9,2.2,4.2,108.9,11.3,69.0,5.6,4,1,1,True,False,False,True,3.0
59,5.0,1.6,1.9,0.2,2.1,4.2,3.7,1.9,1.2,7.4,61.8,8.7,65.0,3.1,7,0,1,True,False,True,False,4.0
40,6.5,3.2,2.1,1.6,0.7,4.0,4.5,1.9,0.9,7.2,169.3,11.9,77.0,5.7,6,0,1,False,False,False,False,4.0
61,5.4,3.0,2.0,0.1,1.2,3.3,3.6,1.5,1.4,2.9,153.7,17.6,66.0,4.3,5,0,1,True,False,True,False,4.0
46,7.1,2.0,3.9,0.8,0.7,3.4,3.4,1.6,1.8,3.5,180.4,21.4,67.0,4.7,5,1,0,False,False,False,True,3.0
24,9.9,3.5,3.5,0.6,2.5,4.5,3.8,1.0,1.5,0.0,182.1,10.5,52.0,1.0,10,0,0,False,False,True,False,3.0
30,3.3,2.5,0.5,0.5,0.2,2.7,3.3,1.8,1.6,5.8,228.4,28.9,66.0,6.2,4,1,1,False,False,False,False,4.0
21,10.0,3.0,3.7,1.0,2.8,4.5,4.1,1.2,0.8,0.0,94.1,10.0,58.0,1.9,9,0,1,False,False,True,False,3.0
31,6.1,1.2,0.7,1.1,3.8,3.1,3.6,1.6,1.6,3.5,169.6,14.9,70.0,5.5,5,1,0,False,True,False,False,5.0
37,3.2,1.4,1.9,0.9,0.0,3.5,3.7,0.9,0.6,2.4,129.3,22.8,62.0,2.9,6,0,1,False,False,False,True,4.0
40,1.0,1.4,0.0,0.0,0.8,1.6,2.5,2.7,2.0,2.6,101.2,24.0,73.0,8.3,2,0,0,True,False,False,True,4.0
35,5.6,1.9,2.6,0.0,2.0,3.8,3.7,1.6,1.3,2.6,157.0,25.6,61.0,5.0,6,0,0,False,False,False,False,4.0
36,2.5,2.1,1.2,0.0,0.4,2.3,2.9,1.9,1.9,5.4,85.2,20.7,84.0,8.1,3,0,0,True,False,True,False,4.0
72,3.0,2.3,0.2,0.5,1.1,2.5,2.8,1.4,2.1,4.2,193.9,26.1,76.0,9.6,3,1,1,True,False,True,False,5.0
21,10.0,3.8,2.8,1.9,1.6,4.5,4.1,1.7,0.7,3.0,129.5,17.6,56.0,3.0,8,1,0,False,False,True,False,3.0
28,7.0,2.6,3.1,0.6,0.7,3.3,3.6,1.2,1.7,4.6,167.3,24.5,68.0,4.5,4,1,0,True,False,False,True,3.0
29,8.0,1.5,3.1,1.9,1.5,4.5,4.0,0.8,1.1,0.3,170.3,17.9,51.0,1.0,9,0,0,True,False,False,False,3.0
67,4.3,2.0,0.0,0.6,2.3,1.8,2.3,1.6,2.6,6.1,189.8,22.3,78.0,7.6,2,1,0,True,False,False,True,4.0
21,9.2,3.4,3.2,0.7,1.3,4.5,4.2,1.4,0.9,0.0,175.2,5.7,45.0,1.0,10,0,1,False,False,False,False,4.0
23,6.3,2.7,1.2,1.0,0.4,4.5,3.7,0.3,1.7,0.0,128.8,8.9,49.0,1.0,10,1,0,False,False,False,False,4.0
65,9.1,3.3,3.8,0.4,2.6,4.5,4.2,1.8,0.8,0.5,221.0,7.7,53.0,1.7,9,1,1,False,False,True,False,3.0
62,6.6,1.6,2.2,0.7,2.8,4.5,4.1,1.4,1.0,0.0,169.0,6.0,38.0,1.0,10,1,1,True,False,False,True,4.0
22,5.6,1.4,1.8,0.0,1.8,4.5,3.7,1.5,1.9,1.9,143.8,18.4,59.0,1.8,8,1,1,False,False,False,True,5.0
64,2.6,1.4,1.5,0.1,0.4,2.3,2.6,2.0,1.4,10.2,151.3,19.9,85.0,5.3,3,1,0,False,False,False,True,5.0
73,2.5,1.6,1.5,0.0,0.5,1.6,2.2,2.5,2.7,2.1,163.7,20.8,78.0,6.3,2,1,1,True,False,False,True,5.0
37,2.1,1.0,0.8,1.0,0.0,1.4,2.3,2.2,2.4,4.2,122.5,18.3,86.0,8.5,2,0,1,True,False,True,False,5.0
43,2.7,2.3,0.3,0.0,0.8,2.0,3.2,2.0,1.9,8.1,113.8,35.5,86.0,7.6,3,0,1,True,False,False,True,4.0
32,6.6,2.3,1.1,1.4,2.5,4.4,4.1,1.3,1.8,0.0,134.2,9.2,61.0,2.1,8,1,1,False,True,False,True,4.0
45,6.5,3.2,2.8,0.8,0.7,4.5,4.1,0.5,0.7,0.0,191.3,12.1,45.0,1.5,10,0,0,False,False,True,False,3.0
44,1.0,0.4,0.0,1.2,0.4,3.6,3.9,2.3,1.7,0.0,118.0,11.8,60.0,4.3,6,0,1,False,False,True,False,5.0
66,6.0,1.2,3.0,0.2,2.4,4.4,4.2,1.8,1.1,0.0,196.7,14.0,58.0,1.0,8,0,0,True,False,True,False,5.0
53,6.2,2.7,1.7,0.0,2.6,3.4,4.0,1.7,1.5,2.5,135.9,20.7,67.0,5.8,5,0,1,False,False,True,False,3.0
49,4.6,2.2,2.4,0.4,0.9,3.6,3.5,1.3,1.1,2.8,81.5,26.8,71.0,3.2,5,0,0,False,False,False,True,5.0
32,7.4,2.0,2.4,1.2,1.9,3.2,3.6,1.2,1.2,3.4,236.1,19.2,55.0,6.8,5,1,1,False,False,False,False,3.0
73,7.1,3.1,2.5,1.9,0.5,4.5,3.7,0.4,0.6,0.8,90.9,13.2,46.0,1.4,10,1,0,False,True,False,True,4.0
56,3.5,1.1,1.5,0.9,1.1,2.6,3.4,1.9,2.1,4.5,81.9,17.3,79.0,8.0,4,1,0,True,False,False,True,5.0
53,2.2,1.3,1.6,0.0,0.0,1.6,2.2,2.2,3.0,2.6,117.2,18.1,81.0,9.2,2,0,1,True,False,True,False,4.0
31,4.9,1.2,2.5,0.0,1.8,3.6,4.1,1.8,1.1,1.0,71.1,24.9,64.0,4.9,6,0,1,False,False,False,False,4.0
28,2.1,0.2,0.4,0.0,1.3,2.4,3.0,1.9,2.2,5.1,91.0,17.0,79.0,8.3,3,1,1,False,False,False,False,5.0
45,2.2,2.1,0.2,0.5,0.7,3.5,3.5,1.8,1.6,0.9,183.3,22.5,57.0,4.2,6,0,1,False,False,False,False,4.0
38,3.1,1.5,1.0,0.4,1.3,4.5,3.8,1.8,0.8,0.0,119.6,8.3,57.0,1.0,8,0,1,True,False,True,False,5.0
49,3.8,1.3,1.8,0.5,1.2,2.6,3.3,2.5,1.7,2.4,98.0,17.3,72.0,6.8,4,1,1,False,False,False,False,4.0
58,4.3,1.2,3.6,0.0,0.6,1.2,1.0,2.4,3.1,3.6,173.4,17.5,90.0,10.0,1,0,1,True,False,True,False,5.0
74,4.2,2.0,1.6,0.0,1.8,1.0,1.3,2.4,3.1,4.2,127.2,25.4,76.0,10.0,1,0,1,True,False,False,True,4.0
59,5.7,1.3,3.7,0.7,1.1,3.7,4.0,1.5,1.5,2.6,197.7,22.7,68.0,2.9,6,0,0,False,False,False,True,4.0
48,5.4,2.2,2.1,0.9,1.3,3.9,3.5,2.0,0.8,1.9,147.9,21.4,70.0,1.3,6,1,0,False,False,True,False,4.0
17,4.2,2.4,1.0,0.0,0.0,4.5,4.0,1.3,1.4,0.7,101.1,8.8,49.0,1.7,9,1,1,True,False,False,True,4.0
51,6.1,1.7,2.8,0.9,1.3,3.4,3.2,1.0,1.0,2.8,87.7,20.4,69.0,5.9,5,0,0,True,False,False,False,4.0
57,4.4,1.7,1.2,1.2,1.2,2.6,3.5,2.2,2.4,1.9,181.2,21.2,59.0,4.6,4,0,0,True,False,False,False,4.0
54,3.6,2.2,1.8,0.0,0.6,1.1,1.1,2.1,2.1,4.7,131.2,34.9,84.0,8.6,1,1,1,True,False,True,False,4.0
40,4.6,2.0,0.0,1.5,1.9,1.9,2.6,2.5,2.6,4.1,176.5,14.8,78.0,8.1,2,1,1,False,False,False,True,3.0
69,3.2,3.2,0.0,1.0,0.0,3.2,3.8,1.2,1.3,0.4,125.3,24.8,62.0,4.8,5,0,1,False,False,False,True,5.0
37,5.3,2.3,2.1,1.2,0.9,4.5,4.1,0.5,1.2,0.0,38.9,7.0,48.0,1.0,10,0,0,True,False,False,True,5.0
58,6.0,3.0,2.7,0.0,1.7,3.3,3.7,1.1,0.6,3.4,105.9,20.9,69.0,5.0,6,1,0,False,False,False,True,3.0
53,9.9,2.5,3.6,1.1,3.5,4.5,3.8,1.2,0.7,0.0,272.3,6.0,43.0,1.0,10,0,0,False,False,True,False,3.0
29,1.7,0.8,0.6,1.1,0.0,0.8,1.3,2.6,2.9,4.3,87.2,34.8,86.0,9.4,1,0,1,False,False,True,False,5.0
70,4.9,1.5,3.1,0.2,1.5,2.5,3.0,1.9,2.2,2.8,131.8,28.9,63.0,7.7,3,0,1,True,False,False,True,5.0
63,7.0,2.0,2.9,1.1,1.9,4.5,4.0,2.1,1.4,1.1,125.5,10.8,50.0,3.9,8,0,0,False,False,False,True,3.0
18,6.6,2.8,1.0,0.5,1.5,4.5,3.8,1.7,1.1,2.6,126.5,16.8,61.0,1.0,9,1,1,True,False,False,True,4.0
43,6.5,3.7,3.0,0.2,0.2,4.5,4.2,1.6,0.0,0.0,95.7,13.6,56.0,3.3,8,0,1,True,False,True,False,4.0
36,4.3,1.6,2.5,0.5,0.9,2.8,3.7,1.5,2.1,4.6,123.3,24.3,78.0,6.6,4,1,0,True,False,False,True,4.0
39,4.7,2.0,2.8,0.7,0.0,4.5,3.9,0.5,1.4,0.0,88.1,7.7,47.0,1.0,10,0,0,False,False,False,True,4.0
27,8.4,2.7,3.9,0.4,1.4,2.4,3.0,2.2,2.8,4.2,55.4,24.4,69.0,7.1,3,1,0,True,False,False,True,3.0
32,4.2,1.9,2.7,0.1,0.0,4.5,3.9,1.0,1.0,1.2,196.6,7.6,60.0,3.0,8,1,0,True,False,False,False,4.0
47,5.2,3.5,0.0,0.8,1.9,3.2,3.4,1.6,1.0,4.0,49.2,15.8,76.0,6.1,4,1,1,True,False,False,True,3.0
30,4.1,0.8,1.9,0.9,0.7,3.8,3.6,0.9,0.9,2.6,124.5,11.6,64.0,4.8,6,0,1,False,False,False,True,4.0
59,3.1,2.6,0.0,0.7,0.7,2.7,3.1,1.9,2.5,8.1,161.0,16.7,85.0,6.6,3,1,1,False,False,False,True,4.0
56,5.0,2.6,1.7,0.0,1.6,3.2,3.4,2.2,1.5,2.8,187.1,11.8,68.0,3.6,5,0,0,True,False,False,True,3.0
58,5.2,3.0,1.6,0.2,1.7,3.5,3.7,1.4,2.0,2.1,124.3,16.1,70.0,3.8,5,1,1,False,False,False,True,4.0
16,6.4,2.1,0.9,0.1,2.3,4.5,3.6,1.4,1.6,1.1,85.7,13.3,46.0,1.0,10,1,1,False,False,False,True,4.0
69,5.1,2.8,0.4,1.6,1.1,3.9,4.0,1.5,0.6,0.9,176.8,16.7,59.0,3.9,7,1,0,False,False,False,True,3.0
49,3.7,1.8,0.9,0.7,1.3,2.0,3.0,2.5,1.8,1.0,160.2,25.4,70.0,7.5,3,1,0,True,False,False,True,4.0
56,1.8,1.3,1.1,0.4,0.0,0.9,1.1,2.1,2.3,5.8,264.7,26.4,88.0,9.7,1,1,1,False,False,True,False,4.0
48,4.1,1.1,1.4,0.3,2.8,2.9,3.5,1.4,1.9,5.6,201.9,26.9,74.0,5.3,4,1,1,False,False,False,True,4.0
44,2.7,0.7,1.6,0.5,0.5,3.2,3.7,2.2,1.1,9.0,205.3,31.0,84.0,5.6,4,1,1,False,False,False,False,5.0
73,5.6,1.6,2.1,1.1,2.1,1.5,2.7,2.4,2.3,4.5,129.0,32.1,80.0,7.1,2,0,0,True,False,False,True,4.0
69,4.4,2.3,1.2,0.0,2.1,4.1,4.0,1.3,1.2,0.4,57.5,9.8,47.0,1.4,8,1,0,False,False,False,True,4.0
27,7.0,1.8,2.9,0.7,1.8,2.9,3.5,1.9,2.5,4.3,185.1,12.8,76.0,7.5,4,1,0,False,False,False,True,5.0
27,5.3,2.2,1.5,0.3,1.2,3.3,3.9,1.4,1.5,2.0,139.9,11.2,60.0,5.5,5,0,0,False,False,False,True,4.0
32,7.0,3.1,2.5,0.9,1.0,4.5,4.1,1.9,0.7,1.0,116.6,19.1,57.0,1.6,8,0,1,True,False,True,False,3.0
46,4.3,1.5,1.2,1.1,1.3,3.1,3.4,1.0,0.8,1.5,139.8,17.9,69.0,4.1,5,0,0,True,False,False,False,4.0
46,8.0,4.1,4.5,0.2,0.0,2.9,3.7,1.4,1.7,4.3,97.5,11.7,68.0,4.1,5,0,0,False,False,True,False,5.0
49,5.5,2.7,2.0,0.0,1.4,4.5,3.9,1.6,1.4,0.0,125.9,19.8,48.0,1.7,8,0,0,False,False,True,False,4.0
73,7.3,1.8,3.3,0.4,2.9,3.8,4.2,2.0,1.1,3.8,136.1,16.2,62.0,4.8,6,1,1,True,False,False,False,3.0
53,3.9,1.8,0.7,1.4,1.2,3.2,3.5,1.9,1.5,0.0,80.5,29.3,68.0,4.8,4,0,1,False,False,True,False,5.0
60,3.5,1.1,1.0,1.1,1.4,2.0,2.9,1.7,1.8,3.0,168.1,18.2,76.0,8.4,3,0,0,True,False,False,False,5.0
66,2.7,2.0,1.2,0.4,0.4,2.8,3.4,1.9,2.0,6.7,154.1,16.4,67.0,7.5,4,0,0,False,False,True,False,5.0
43,5.1,0.2,4.2,0.2,1.6,4.3,3.6,0.5,1.0,0.1,134.5,23.6,56.0,3.2,7,0,0,False,False,False,True,4.0
63,3.9,3.1,1.3,0.3,0.6,3.0,3.4,1.2,1.8,3.7,109.5,16.3,76.0,6.2,4,1,1,False,False,False,True,5.0
43,1.8,0.2,0.6,0.0,2.2,1.9,2.2,2.7,2.6,3.8,94.8,36.5,71.0,8.6,2,0,0,False,False,True,False,5.0
67,7.1,2.0,2.9,1.1,2.5,4.5,4.0,1.1,1.2,0.1,259.5,9.0,46.0,1.0,10,0,0,True,False,False,True,3.0
58,5.9,1.0,1.6,1.2,2.8,3.3,4.2,1.2,2.0,3.6,229.0,15.1,71.0,3.4,5,1,1,False,False,False,True,4.0
71,2.1,1.4,1.3,0.4,0.0,2.9,3.4,1.2,2.3,7.3,42.7,21.7,73.0,6.2,4,1,0,True,False,False,True,3.0
30,4.8,1.5,0.8,0.3,2.1,3.7,3.5,1.8,1.3,1.7,173.9,14.4,61.0,2.8,6,1,0,False,False,False,True,3.0
70,7.2,3.7,2.0,0.2,2.0,4.5,3.9,1.1,1.6,0.2,147.9,5.4,43.0,1.0,10,0,0,False,False,False,True,3.0
58,4.3,1.0,2.7,0.3,1.0,3.8,3.8,1.7,1.3,7.4,241.7,11.8,73.0,4.0,6,0,1,False,False,True,False,4.0
61,7.0,2.8,2.4,0.2,2.6,4.5,3.8,1.6,1.8,1.0,176.1,8.9,58.0,1.0,8,0,0,True,False,True,False,4.0
71,5.4,3.0,1.0,0.5,1.8,3.2,3.7,1.2,1.6,6.2,102.3,19.9,72.0,5.6,5,1,1,False,False,False,True,4.0
24,4.7,0.2,0.4,1.1,2.8,3.3,3.6,1.7,0.6,5.2,232.7,14.6,64.0,5.2,5,0,1,True,False,True,False,5.0
44,1.4,1.4,0.0,1.0,0.1,1.9,3.1,1.7,2.4,2.6,83.0,14.6,70.0,8.4,3,1,1,True,False,False,True,5.0
39,3.6,3.3,0.5,0.1,0.7,1.2,1.3,2.3,2.8,6.1,178.0,14.6,91.0,7.4,1,1,1,False,False,True,False,4.0
53,2.7,0.8,1.1,0.7,1.5,2.3,3.3,1.7,2.1,5.6,105.4,16.7,68.0,6.9,3,1,1,True,False,False,True,5.0
34,7.1,3.1,1.4,1.0,2.6,4.5,4.1,1.2,0.6,0.0,175.4,12.8,54.0,1.0,10,0,0,False,False,False,False,4.0
19,6.0,2.0,1.2,0.0,1.9,4.5,4.2,1.5,1.2,0.0,171.2,15.3,47.0,2.1,9,1,0,True,False,True,False,3.0
15,8.6,1.9,4.6,0.7,0.5,4.5,3.8,0.4,1.8,1.9,217.0,14.4,53.0,1.0,10,1,0,True,False,False,True,4.0
44,7.4,2.1,2.0,1.3,3.2,4.5,4.1,0.9,1.1,0.0,117.5,13.7,51.0,1.9,9,0,0,False,False,False,True,4.0
63,2.9,2.3,0.1,0.5,1.1,3.5,3.8,2.3,1.3,2.2,114.1,15.9,67.0,5.3,5,0,1,False,False,False,True,4.0
17,4.9,1.1,2.2,0.0,0.5,4.5,3.8,1.4,0.6,0.2,211.5,10.5,50.0,1.0,10,0,1,True,False,False,False,4.0
59,3.4,1.8,1.9,0.0,0.6,2.1,2.9,1.6,1.8,2.6,129.5,21.5,75.0,7.4,3,0,0,False,False,False,False,5.0
28,3.3,2.3,0.3,0.8,0.1,0.9,1.3,2.9,2.8,4.9,39.1,16.9,82.0,8.5,1,1,1,False,False,False,True,4.0
70,3.7,2.2,1.8,0.7,0.0,1.0,1.3,1.6,3.0,4.9,71.1,18.6,97.0,10.0,1,1,1,False,False,False,True,5.0
44,5.6,2.3,2.1,0.7,1.3,3.3,3.7,1.2,1.1,2.1,165.5,24.2,66.0,4.1,5,0,0,True,False,False,True,4.0
64,4.2,1.4,2.6,0.9,0.0,3.8,3.8,0.8,1.0,1.5,137.9,26.4,64.0,4.1,6,0,0,False,False,False,True,4.0
18,5.0,2.6,0.0,0.0,1.7,4.5,4.0,0.5,1.0,0.0,115.2,11.7,50.0,1.0,10,0,0,False,False,True,False,4.0
32,6.2,2.1,2.2,0.1,2.4,4.5,3.9,1.3,0.7,0.0,110.2,14.1,50.0,1.0,9,0,1,False,False,False,False,4.0
51,5.7,0.6,3.1,0.9,1.8,2.8,3.4,1.9,2.0,6.5,220.6,28.7,73.0,6.0,4,1,0,True,False,False,True,4.0
39,6.6,1.5,3.6,1.0,1.4,3.7,4.0,1.2,1.3,3.6,180.4,23.2,67.0,4.4,6,1,1,False,False,True,False,5.0
62,1.0,1.2,0.2,0.4,0.0,0.8,1.2,3.1,2.4,6.7,159.3,33.8,86.0,8.5,1,1,0,False,False,True,False,4.0
15,5.5,1.2,1.3,0.0,2.2,3.7,4.0,1.6,1.1,3.2,188.0,21.0,65.0,3.6,7,1,0,False,False,False,True,4.0
67,5.9,1.6,1.4,0.8,3.3,4.1,3.9,1.9,1.6,1.9,150.7,18.2,67.0,3.2,6,0,0,True,False,False,True,4.0
60,7.1,2.6,2.2,0.6,2.8,4.5,4.2,0.9,1.2,0.0,143.2,7.7,43.0,1.0,9,0,1,False,False,False,True,4.0
29,2.6,1.4,1.3,0.0,0.1,2.2,3.1,1.2,1.5,2.9,160.7,30.1,72.0,5.5,3,0,1,False,False,True,False,4.0
23,5.2,2.2,0.7,0.0,1.3,3.9,3.9,1.8,1.4,1.5,149.0,13.0,57.0,2.9,6,0,0,True,False,False,True,4.0
29,5.5,2.1,1.7,0.9,1.1,4.5,3.2,1.0,1.1,1.7,87.4,19.8,51.0,2.3,8,1,0,True,False,False,True,4.0
63,2.8,1.3,1.1,0.2,1.0,1.1,1.1,3.9,2.7,3.6,127.7,16.0,73.0,8.9,1,0,1,False,False,False,True,4.0
71,5.2,1.7,2.1,0.7,1.4,3.4,3.7,0.6,1.5,2.5,40.7,12.9,74.0,5.2,5,0,1,True,False,False,True,4.0
38,7.1,2.8,0.6,0.7,3.6,4.5,4.1,1.8,1.3,1.3,84.3,11.4,51.0,1.0,9,1,1,False,True,False,True,4.0
18,5.1,2.1,0.4,0.0,1.5,4.4,4.0,2.2,1.2,2.2,125.5,15.3,59.0,1.0,8,0,1,False,False,True,False,3.0
26,7.2,2.5,2.9,0.9,1.0,4.5,3.8,1.9,1.4,0.0,45.5,14.7,59.0,2.4,8,0,0,False,False,True,False,4.0
73,7.5,3.1,4.0,0.1,1.7,4.3,3.7,1.8,1.2,0.0,165.1,11.9,48.0,2.4,7,1,0,True,False,False,True,4.0
72,4.8,2.4,3.5,0.0,0.1,2.5,2.9,1.9,3.1,2.1,79.9,18.7,71.0,6.9,3,0,0,True,False,False,True,3.0
51,1.4,0.3,1.4,0.0,0.7,1.1,1.4,2.8,2.9,4.3,141.3,24.4,72.0,10.0,1,1,1,False,False,False,True,5.0
51,6.7,2.2,2.7,0.6,2.4,3.6,3.8,1.5,1.1,3.1,137.2,16.4,73.0,2.8,6,1,1,True,False,True,False,4.0
57,3.9,1.4,0.7,1.6,1.6,4.1,4.0,1.0,0.7,3.3,150.8,21.3,63.0,3.3,7,1,1,False,False,False,True,4.0
74,8.5,3.6,2.1,0.6,3.5,1.9,3.0,1.6,2.4,5.4,68.8,13.1,80.0,8.4,3,1,0,True,False,False,True,4.0
20,8.1,2.4,0.9,1.7,1.7,4.5,3.9,1.4,1.0,1.7,89.8,18.2,54.0,2.4,8,0,0,True,False,True,False,3.0
53,5.0,1.5,2.9,1.5,0.2,4.1,3.6,1.8,1.2,1.1,203.9,22.6,59.0,2.8,7,1,0,True,False,True,False,5.0
70,5.6,2.5,2.7,0.9,0.0,1.9,2.8,3.0,2.0,4.1,168.6,30.5,72.0,8.0,3,1,1,False,False,True,False,4.0
60,8.7,2.1,3.8,1.5,2.4,4.5,4.2,1.1,1.0,1.5,184.0,16.6,56.0,1.8,9,0,0,False,True,False,True,4.0
38,2.8,0.5,1.2,1.5,0.4,1.9,2.5,2.2,1.7,5.9,131.4,29.9,88.0,10.0,2,0,0,True,False,False,True,4.0
25,7.8,2.8,3.2,1.3,0.3,4.5,4.2,0.9,1.3,0.0,148.5,6.3,49.0,1.0,10,1,1,True,False,False,True,4.0
27,4.6,1.6,2.1,0.0,0.9,3.4,3.5,1.6,1.5,7.0,105.0,23.3,72.0,5.8,5,1,0,True,False,False,True,4.0
48,7.0,3.3,1.6,0.5,2.4,3.2,3.9,1.4,1.0,2.0,127.3,14.6,71.0,4.4,5,0,0,False,False,True,False,4.0
39,3.9,1.9,1.9,0.2,1.0,3.5,3.8,1.8,1.6,1.7,112.4,20.2,73.0,5.1,6,0,0,True,False,True,False,5.0
21,8.9,3.3,3.4,1.3,0.6,4.5,3.8,1.7,0.4,0.0,54.1,15.6,49.0,1.0,9,1,1,False,False,True,False,2.0
66,5.6,2.4,1.4,0.4,2.6,4.3,4.0,1.1,1.2,1.4,109.2,9.7,47.0,4.3,8,1,1,False,False,False,False,4.0
18,9.0,2.9,1.4,1.7,2.4,4.5,4.1,1.5,1.2,2.5,76.7,19.2,51.0,1.0,8,0,1,False,False,False,True,3.0
73,4.4,1.6,0.0,0.7,3.1,3.5,3.9,2.0,1.2,0.0,180.7,25.7,52.0,2.6,6,0,0,True,False,False,True,4.0
22,7.1,2.3,1.3,0.6,2.8,3.3,3.5,0.9,2.6,4.3,118.3,11.1,70.0,3.0,5,1,1,False,True,False,True,4.0
34,4.3,0.4,1.8,0.4,2.5,3.0,3.4,1.6,2.9,2.1,141.9,25.3,60.0,4.6,4,0,0,True,False,False,False,4.0
43,3.0,1.9,0.7,0.5,0.6,3.9,4.1,1.3,0.7,1.7,142.7,16.8,59.0,3.5,7,1,1,True,False,True,False,4.0
68,2.9,0.7,0.4,0.8,2.1,0.8,1.2,3.1,2.4,4.5,83.9,15.9,91.0,10.0,1,0,0,False,False,False,True,5.0
67,3.0,1.0,0.0,0.6,2.6,1.5,2.4,1.9,2.5,3.5,158.4,29.1,78.0,6.7,2,0,1,False,False,False,True,5.0
65,5.2,1.2,0.9,0.3,3.3,3.0,3.2,1.9,1.4,6.5,133.4,20.9,69.0,6.0,4,1,1,True,False,True,False,4.0
59,7.1,2.6,3.1,0.4,1.6,4.5,4.1,1.9,1.3,0.9,151.7,7.6,53.0,1.0,8,0,1,True,False,False,True,3.0
60,3.6,1.9,0.0,1.7,0.9,2.3,2.9,2.5,3.2,2.8,140.2,29.5,71.0,4.1,3,0,0,False,False,False,True,4.0
24,6.9,2.0,2.4,1.8,0.5,4.5,4.3,1.2,1.1,0.3,140.8,17.9,42.0,1.0,9,0,1,True,False,False,False,3.0
57,6.1,1.8,2.5,0.3,2.4,4.5,4.1,1.1,1.3,0.0,209.5,14.8,47.0,2.8,9,0,1,False,False,False,False,4.0
48,7.7,3.0,4.2,1.1,0.7,4.2,3.9,1.7,0.5,1.2,165.5,16.1,57.0,1.0,8,0,0,False,False,False,True,4.0
71,4.9,2.0,2.6,0.1,1.5,3.2,3.2,2.1,1.1,1.1,249.8,28.1,67.0,5.5,5,0,0,True,False,False,False,4.0
40,4.8,2.2,2.6,0.4,0.5,4.5,3.9,1.5,0.2,0.0,160.1,17.6,56.0,1.0,8,0,0,True,False,False,True,5.0
55,3.5,1.5,1.9,0.0,1.2,2.7,2.9,1.3,1.6,7.2,165.2,28.9,81.0,4.8,4,1,1,True,False,False,False,4.0
63,6.0,3.0,1.5,1.2,1.8,4.5,3.8,2.0,1.5,1.3,138.0,8.9,59.0,1.7,8,0,1,False,False,True,False,4.0
72,7.2,3.1,2.4,0.9,1.7,3.4,4.2,1.1,0.8,2.0,152.5,10.8,61.0,4.2,6,0,1,False,False,True,False,3.0
17,9.2,2.0,2.9,1.0,2.1,4.5,3.9,1.2,1.3,0.0,170.6,14.0,44.0,1.0,10,1,1,True,False,False,True,3.0
70,3.5,1.5,1.7,1.1,0.0,2.0,2.2,2.6,2.3,2.4,85.1,36.7,75.0,8.3,2,0,0,False,False,True,False,4.0
20,5.4,0.5,2.9,0.1,1.3,4.5,3.9,1.2,1.2,0.0,125.7,7.2,42.0,1.0,10,0,0,False,True,False,True,4.0
19,7.4,1.2,4.7,0.4,0.9,4.5,4.0,0.6,1.9,0.4,128.5,16.0,54.0,1.0,9,1,0,True,False,True,False,4.0
19,3.9,0.2,1.6,0.9,0.4,3.5,3.8,1.2,1.7,1.0,164.2,26.3,60.0,3.1,6,0,0,False,False,False,True,5.0
68,2.7,1.2,1.6,0.4,0.7,1.9,3.4,1.9,2.0,5.3,192.2,18.3,75.0,5.9,3,0,1,True,False,False,True,4.0
61,3.6,2.3,1.4,0.6,0.5,3.4,3.7,1.4,1.3,1.7,117.3,13.3,62.0,6.3,5,0,0,True,False,False,False,4.0
37,3.9,2.0,1.6,0.1,1.7,2.5,3.0,2.1,1.8,4.8,184.3,18.8,75.0,7.5,3,1,1,True,False,False,True,4.0
63,9.6,4.1,2.8,1.4,1.8,3.7,3.8,1.4,2.0,1.5,269.8,20.5,53.0,3.5,6,0,0,True,False,True,False,3.0
23,7.0,1.7,1.6,1.2,2.3,4.5,3.9,0.7,1.4,0.0,132.6,14.1,41.0,1.0,10,1,0,True,False,False,False,3.0
49,4.8,1.6,1.7,1.3,1.7,0.7,1.6,1.9,3.1,4.8,78.5,32.5,88.0,10.0,1,0,1,True,False,False,True,5.0
34,6.3,3.0,1.2,1.0,1.6,4.2,4.0,1.9,0.8,0.0,56.2,11.3,62.0,4.1,7,1,1,False,False,False,False,3.0
72,2.8,0.3,2.0,0.0,1.5,2.5,2.7,1.7,2.2,3.7,143.9,20.0,74.0,8.5,3,1,1,False,False,False,False,4.0
63,3.0,0.7,0.9,0.3,2.1,3.4,3.8,1.7,1.4,3.0,73.4,20.0,77.0,5.4,5,0,1,False,False,True,False,4.0
73,2.1,2.6,0.2,0.2,0.0,1.5,2.5,1.8,1.9,6.9,118.1,17.4,82.0,8.1,2,1,1,True,False,True,False,5.0
56,4.6,1.8,2.0,0.4,1.3,4.4,4.3,1.7,0.6,2.1,127.1,17.0,62.0,1.0,8,0,1,True,False,True,False,4.0
49,7.5,1.8,3.7,1.2,1.7,4.5,4.0,0.9,0.6,0.0,222.1,12.5,44.0,1.0,10,1,0,True,False,True,False,4.0
64,4.2,1.2,1.2,0.0,3.2,3.2,3.6,1.5,1.4,1.8,177.6,20.6,63.0,6.7,5,0,1,False,False,False,False,3.0
32,2.1,2.2,0.4,0.2,0.3,2.6,3.2,1.7,1.5,3.6,193.1,26.4,74.0,6.5,3,0,0,False,False,False,True,4.0
31,4.9,1.3,3.6,0.4,0.3,3.3,3.4,2.2,2.5,4.1,137.2,16.7,64.0,7.4,4,1,1,True,False,True,False,4.0
38,2.6,2.1,1.6,0.0,0.0,2.2,3.1,2.1,2.7,3.7,165.6,18.9,80.0,6.6,3,0,0,True,False,False,True,4.0
17,5.0,1.0,2.5,0.7,0.0,4.5,4.3,1.1,0.7,1.9,90.6,9.4,60.0,2.8,8,0,0,False,False,False,True,5.0
46,3.2,1.8,0.7,0.4,1.2,2.8,3.5,2.1,1.2,4.3,157.6,22.7,72.0,6.4,4,1,0,True,False,False,False,4.0
49,6.2,3.8,1.5,1.3,0.7,3.5,3.8,1.1,1.5,1.9,156.2,17.2,61.0,4.5,5,0,0,True,False,False,True,4.0
52,4.5,1.6,3.0,0.4,0.7,2.9,3.3,1.6,1.8,3.8,116.6,16.4,70.0,5.6,4,0,1,False,False,False,False,4.0
27,5.9,1.9,1.6,0.9,1.4,4.1,3.5,2.1,1.0,2.6,212.5,8.8,64.0,2.4,7,1,0,False,False,False,False,4.0
70,5.4,1.8,1.7,0.7,2.0,2.0,3.2,2.1,2.4,2.1,146.0,25.1,71.0,6.0,3,0,0,True,False,False,True,3.0
61,2.4,2.2,0.0,0.0,1.4,1.6,2.5,1.9,2.1,3.4,186.6,15.0,72.0,8.3,2,0,1,True,False,False,False,5.0
39,4.9,2.4,2.4,0.0,1.4,3.6,3.8,0.9,1.5,6.1,105.9,24.5,74.0,4.4,5,1,1,False,True,False,True,4.0
23,5.9,2.2,0.6,0.8,1.8,4.5,3.8,0.9,0.7,0.5,211.4,13.1,55.0,1.4,9,0,0,True,False,False,False,4.0
18,6.5,2.3,2.7,0.8,0.0,4.5,3.8,0.9,0.7,0.0,172.3,8.7,47.0,1.3,10,0,0,True,False,False,False,5.0
28,5.7,1.8,1.7,0.6,1.5,3.7,3.9,1.6,1.4,2.3,139.8,20.8,67.0,4.1,6,0,1,True,False,True,False,4.0
51,5.4,2.1,1.8,1.4,1.3,1.8,2.3,3.2,2.5,3.8,199.8,28.6,78.0,7.6,2,0,1,True,False,False,True,3.0
48,5.1,1.8,2.3,0.9,1.4,2.8,3.1,1.1,2.3,4.6,113.5,22.2,59.0,7.0,4,1,0,True,False,False,True,3.0
25,4.7,0.4,1.9,1.5,0.8,4.5,3.7,1.7,0.5,0.0,89.1,17.2,58.0,1.0,9,1,0,False,False,False,False,4.0
55,8.1,4.4,3.4,0.0,1.2,4.5,3.9,2.0,0.5,2.0,182.7,20.5,52.0,2.3,8,0,0,True,False,False,True,3.0
70,8.2,2.7,3.2,1.6,1.8,2.8,3.3,2.2,2.2,4.8,181.4,28.5,76.0,3.0,4,0,1,True,False,False,True,3.0
17,5.4,1.1,0.2,0.2,3.0,4.5,3.7,0.8,0.8,0.0,102.5,16.3,41.0,1.9,9,1,1,False,False,False,True,3.0
73,3.0,2.2,1.3,0.6,0.0,2.6,2.8,2.0,2.1,1.8,105.3,21.8,77.0,7.7,3,0,0,False,False,False,True,5.0
42,5.8,0.8,2.4,1.3,2.0,2.6,3.4,1.7,1.9,6.4,107.2,32.1,82.0,3.7,4,0,0,False,False,False,True,4.0
43,3.8,1.6,0.5,0.0,2.6,1.7,2.4,2.3,2.3,6.1,205.4,24.3,75.0,7.1,2,1,1,False,False,False,False,5.0
23,1.3,0.7,0.0,0.4,0.1,2.2,2.8,2.2,2.0,5.5,104.4,32.1,84.0,5.9,3,1,1,True,False,False,True,4.0
17,6.2,2.0,0.7,1.2,1.2,4.0,4.0,1.6,1.1,1.4,125.5,23.0,49.0,2.8,7,0,0,False,False,True,False,4.0
39,3.0,0.6,1.4,0.2,1.7,0.8,1.4,3.1,2.4,4.2,198.5,34.8,81.0,7.6,1,0,0,True,False,False,False,3.0
48,6.1,2.3,0.0,1.1,3.4,3.6,3.8,1.9,1.1,2.4,112.5,11.5,61.0,4.1,6,0,0,False,True,False,False,4.0
26,7.5,2.6,0.3,1.0,3.6,4.5,4.2,0.2,1.5,0.0,167.6,13.7,39.0,1.8,10,0,0,False,False,False,False,3.0
56,1.0,1.3,0.0,0.7,0.1,3.4,3.8,1.5,1.4,1.4,169.2,12.3,62.0,5.0,5,0,0,False,True,True,False,5.0
23,7.5,2.1,2.8,1.0,1.1,4.5,3.6,0.8,0.6,0.5,208.9,16.9,50.0,2.2,9,0,1,False,False,False,True,4.0
29,6.5,1.2,2.5,1.4,1.6,2.4,3.1,1.0,2.0,4.3,156.6,32.3,84.0,6.1,4,1,0,True,False,False,True,4.0
54,6.6,2.5,1.8,1.0,2.0,4.5,4.1,1.6,1.3,2.3,139.1,17.2,55.0,1.0,8,1,0,False,False,True,False,3.0
39,5.0,1.4,1.6,1.2,1.6,4.5,3.8,0.4,0.9,0.0,182.2,13.5,48.0,1.0,10,0,1,False,True,False,True,4.0
19,6.2,2.7,2.1,0.1,0.5,4.4,4.0,2.1,0.1,1.8,118.3,8.0,52.0,1.0,8,0,0,False,False,True,False,4.0
25,2.3,0.4,0.4,0.9,0.4,2.9,3.5,1.5,1.8,6.2,80.0,16.9,70.0,6.2,4,1,1,True,False,False,True,5.0
73,3.9,1.1,2.9,0.9,0.0,2.5,3.0,2.7,3.0,3.9,120.5,27.9,74.0,6.7,3,1,1,False,False,False,True,5.0
48,2.8,1.0,1.6,1.3,0.0,2.2,2.8,2.3,2.4,2.0,127.8,32.7,82.0,8.8,3,0,1,True,False,False,True,5.0
38,3.9,2.2,2.5,0.0,0.0,4.5,4.0,1.2,0.8,0.0,132.4,16.8,47.0,1.7,9,1,0,True,False,False,True,5.0
74,7.4,2.5,2.5,1.2,2.6,3.6,3.4,1.3,0.7,1.7,160.9,19.6,76.0,4.8,5,0,1,True,False,True,False,3.0
29,6.4,2.3,2.1,0.1,2.1,4.5,4.1,0.7,0.8,0.0,203.1,9.7,48.0,1.0,9,0,0,True,False,False,True,4.0
52,6.6,1.5,1.8,2.0,2.0,4.5,4.2,0.5,1.3,0.5,98.0,10.4,60.0,1.5,9,1,0,False,False,True,False,4.0
22,3.6,0.2,1.8,0.1,1.2,4.4,3.8,1.5,0.9,1.2,145.5,14.6,65.0,1.0,7,1,0,True,False,False,True,5.0
73,4.3,2.0,1.4,0.0,1.4,0.9,1.3,2.7,3.1,6.1,247.8,30.4,85.0,9.1,1,1,0,False,False,False,True,4.0
19,6.7,2.7,2.0,0.4,1.1,4.5,4.1,1.9,0.6,1.5,131.0,17.0,59.0,1.6,8,1,1,True,False,False,True,4.0
62,6.2,4.4,1.7,1.2,0.0,4.4,3.9,1.7,0.6,0.5,117.7,6.5,51.0,1.0,9,0,1,True,False,False,True,4.0
40,4.7,1.6,1.0,0.8,2.0,4.5,3.8,0.2,0.8,0.0,137.6,11.8,42.0,1.0,10,1,0,True,False,True,False,4.0
32,7.2,1.4,2.2,1.6,2.3,4.5,4.1,1.0,1.4,0.0,65.5,12.2,46.0,1.7,10,0,1,True,False,False,False,4.0
20,5.5,2.3,1.8,0.4,0.2,4.5,3.7,0.7,1.1,0.0,123.1,11.8,47.0,1.0,10,1,1,True,False,False,False,4.0
51,4.2,1.8,2.8,0.3,0.2,3.8,3.4,2.3,1.0,1.9,77.5,23.9,62.0,5.1,6,0,0,True,False,False,True,5.0
74,4.5,3.1,0.0,0.2,1.8,2.9,3.1,2.6,2.1,2.4,86.5,32.8,72.0,5.5,4,0,0,False,False,True,False,4.0
62,3.5,1.3,1.5,0.3,1.7,1.5,2.3,2.9,2.9,3.4,197.6,22.3,78.0,7.5,2,1,0,True,False,False,False,4.0
27,4.2,1.8,0.7,0.0,2.1,3.7,3.6,1.2,0.8,2.8,105.8,13.2,75.0,6.4,5,0,0,True,False,False,True,4.0
42,5.2,2.8,0.9,0.2,2.8,4.5,3.8,0.1,1.5,0.0,152.4,13.4,53.0,1.0,10,0,0,True,False,True,False,4.0
19,5.2,2.3,2.1,0.0,0.3,4.5,3.7,0.4,1.0,0.0,157.5,5.4,49.0,1.0,10,0,0,False,False,False,False,5.0
27,5.1,3.0,0.0,1.0,1.3,4.5,4.0,1.3,1.5,0.0,125.5,8.2,50.0,2.0,9,0,1,False,False,False,True,4.0
31,4.7,1.6,1.6,1.5,0.4,4.5,3.8,1.8,1.1,1.8,131.6,20.5,56.0,1.0,8,0,1,False,False,False,False,3.0
64,5.1,3.1,1.5,0.7,0.5,2.4,3.1,1.9,2.4,6.0,88.3,33.6,80.0,8.1,3,1,0,True,False,False,False,4.0
54,1.2,0.5,0.3,0.2,1.0,0.4,1.5,2.7,2.3,5.9,110.0,24.5,92.0,9.6,1,0,1,True,False,False,True,5.0
59,5.2,0.5,1.7,1.0,2.8,4.5,4.2,1.2,0.8,0.0,88.4,13.5,40.0,1.0,10,0,1,False,False,False,True,4.0
46,5.8,3.2,0.7,0.6,2.5,4.5,4.0,2.1,1.0,0.0,169.1,9.4,52.0,2.3,8,0,0,True,False,False,True,3.0
43,7.5,2.0,3.9,1.2,1.3,4.5,4.0,0.8,0.4,3.3,190.4,16.8,55.0,1.0,9,0,1,True,False,False,True,3.0
65,4.4,2.8,2.8,0.0,0.0,3.1,3.6,1.5,1.0,1.8,58.4,18.5,67.0,4.6,5,0,0,True,False,True,False,4.0
72,4.8,2.1,1.6,0.1,1.8,2.5,3.1,2.2,2.5,6.8,43.7,18.3,75.0,8.4,3,0,1,True,False,False,True,4.0
17,6.7,2.0,1.0,1.0,1.8,4.5,4.1,0.5,0.5,1.6,226.2,13.4,55.0,1.2,10,1,1,True,False,True,False,4.0
70,3.2,0.8,2.1,0.6,0.5,0.8,1.5,2.7,2.3,3.3,111.5,20.9,80.0,8.0,1,0,0,False,False,False,False,4.0
54,7.3,2.0,2.3,1.2,2.2,2.4,3.3,2.5,2.0,6.8,201.3,18.8,75.0,7.4,3,0,1,True,False,True,False,4.0
48,4.5,3.2,1.8,0.1,0.4,2.6,3.3,2.2,1.7,2.4,129.8,22.9,67.0,4.4,4,0,0,False,False,True,False,5.0
54,4.3,2.1,0.4,0.9,2.2,3.8,4.0,0.4,0.6,0.9,182.7,18.5,55.0,5.4,6,0,1,True,False,False,True,4.0
41,5.0,2.6,1.3,0.9,1.6,4.1,3.8,1.8,0.9,0.0,126.7,13.6,52.0,3.3,7,0,0,True,False,True,False,4.0
27,4.0,2.6,1.6,0.0,0.0,2.8,3.5,1.8,1.7,5.5,98.9,24.1,71.0,5.5,4,1,0,False,False,False,True,4.0
59,3.8,1.1,1.8,0.6,1.0,2.1,3.0,2.4,2.3,4.1,221.8,17.2,72.0,4.7,3,1,0,True,False,False,True,3.0
47,5.2,2.8,1.8,0.0,1.5,3.5,3.6,1.8,0.8,2.1,161.6,13.7,54.0,3.9,6,0,0,False,False,True,False,3.0
20,7.9,1.7,2.3,1.5,1.7,4.5,4.3,0.7,0.6,0.0,163.9,8.5,50.0,2.2,10,0,1,False,False,False,True,3.0
38,6.3,1.8,3.0,0.0,2.4,4.2,4.2,1.5,0.6,3.0,193.3,13.7,50.0,1.7,8,0,1,True,False,False,True,4.0
33,9.0,3.9,2.6,0.5,2.6,4.5,3.7,1.0,1.1,1.2,122.2,11.6,45.0,1.0,10,1,0,False,False,True,False,3.0
30,5.6,2.5,2.1,0.6,1.2,4.2,3.9,1.2,0.9,1.0,76.4,14.3,60.0,2.7,7,1,1,True,False,False,False,5.0
54,2.7,1.4,0.1,0.0,2.0,1.7,2.3,2.4,2.4,5.9,199.8,27.1,82.0,7.5,2,0,0,False,False,False,True,5.0
42,8.7,2.1,2.8,1.7,3.0,4.5,4.1,0.8,1.0,1.6,146.4,14.5,57.0,1.0,10,0,0,True,False,False,True,3.0
47,3.6,2.0,2.4,0.2,0.4,3.0,3.7,1.2,1.3,5.7,152.6,13.7,74.0,6.5,5,1,0,False,False,False,True,4.0
73,5.0,3.5,1.2,0.4,0.8,3.8,3.9,1.0,1.1,1.3,232.1,12.0,55.0,4.4,6,0,0,True,False,False,True,4.0
73,2.4,2.0,1.5,0.2,0.0,1.7,2.1,2.5,2.6,3.6,95.6,28.3,80.0,8.0,2,1,0,False,False,True,False,5.0
62,5.7,4.0,1.6,0.2,0.8,3.5,3.3,1.7,1.8,1.7,191.7,29.2,59.0,4.5,5,0,0,False,False,False,True,4.0
55,2.9,0.8,1.0,0.5,1.6,0.6,1.4,2.9,2.8,4.5,128.4,34.9,90.0,9.1,1,1,1,False,False,False,False,5.0
27,2.7,2.0,0.0,1.0,0.0,3.2,3.4,1.6,1.6,3.3,168.6,15.1,56.0,4.5,5,0,0,False,False,False,True,4.0
57,3.2,1.3,0.3,0.7,1.8,4.2,3.8,1.6,0.6,0.0,32.3,20.6,54.0,2.7,7,0,1,False,False,False,True,4.0
59,2.3,1.6,0.5,0.1,0.9,1.3,2.3,2.5,3.0,4.2,150.7,21.4,81.0,8.9,2,1,1,False,False,True,False,5.0
39,2.4,1.6,0.0,0.6,1.3,2.8,3.3,1.3,1.9,4.1,177.7,18.2,65.0,6.4,4,1,1,True,False,True,False,4.0
67,1.1,1.4,0.3,0.0,0.2,0.5,1.4,2.9,3.3,4.2,132.6,21.6,88.0,8.9,1,1,1,True,False,False,False,5.0
56,7.9,3.6,2.8,1.3,1.3,4.4,3.6,0.7,0.9,1.4,162.6,15.2,60.0,1.0,8,0,0,True,False,True,False,3.0
50,7.9,3.3,2.0,0.3,3.1,4.5,3.8,0.6,1.0,0.2,96.3,5.0,45.0,1.0,10,0,1,True,False,False,False,4.0
41,3.1,2.4,0.4,0.3,1.0,4.1,3.7,1.6,0.7,0.1,45.3,9.4,60.0,5.8,6,0,0,True,False,False,True,5.0
52,1.6,1.6,0.7,0.0,0.0,0.9,1.2,2.3,3.0,5.5,179.7,34.7,80.0,9.9,1,0,1,False,False,False,True,5.0
74,6.0,1.4,2.9,0.3,2.6,3.8,3.5,1.4,0.7,0.0,117.7,10.1,62.0,5.0,6,0,0,True,False,False,True,4.0
21,9.4,2.7,2.8,1.6,1.9,4.5,4.0,1.6,1.1,2.1,170.8,17.5,54.0,1.2,8,0,1,False,False,True,False,3.0
19,7.0,2.3,1.6,1.0,1.5,4.5,3.7,1.3,1.5,2.0,111.6,11.1,50.0,3.6,8,1,0,True,False,False,True,4.0
57,7.0,1.9,2.8,1.3,2.0,3.4,3.4,1.1,1.3,4.2,222.5,25.9,79.0,4.2,5,1,1,True,False,True,False,4.0
59,4.4,2.5,0.7,0.7,1.5,2.0,3.2,2.3,2.0,3.0,131.9,27.0,81.0,7.2,3,0,1,False,False,False,False,4.0
72,6.7,2.8,1.8,0.0,3.0,4.5,3.9,1.1,1.9,0.7,42.6,12.7,57.0,1.0,10,0,0,False,False,True,False,3.0
71,3.4,1.9,0.0,0.6,2.2,2.0,3.2,1.9,1.1,3.2,160.3,23.0,67.0,8.5,3,0,1,False,False,True,False,5.0
65,2.8,1.3,1.1,0.7,0.9,1.9,1.7,2.2,2.3,5.6,97.7,35.1,87.0,8.7,2,1,1,False,False,False,False,5.0
45,5.6,0.8,1.5,1.1,2.9,4.3,3.7,1.6,0.6,0.9,157.2,12.8,60.0,4.2,7,0,0,True,False,False,False,4.0
37,5.1,2.2,0.0,0.6,3.2,3.8,4.1,1.2,1.3,1.8,123.4,12.5,63.0,1.0,7,0,1,False,False,False,True,5.0
56,7.8,4.0,2.2,0.1,2.3,3.5,3.5,1.0,1.9,3.7,90.2,10.4,59.0,5.2,5,0,0,True,False,False,True,3.0
24,5.9,1.0,2.3,0.5,1.8,4.5,4.1,1.0,0.6,0.6,102.3,8.5,47.0,1.0,9,0,1,True,False,False,True,4.0
46,5.6,3.0,2.6,0.4,0.5,4.1,3.7,2.2,1.3,2.5,183.8,13.3,57.0,3.0,7,0,0,True,False,False,True,4.0
57,7.4,1.4,4.1,0.9,2.1,4.5,4.0,1.0,1.2,1.3,102.8,15.8,51.0,1.0,9,0,0,True,False,True,False,3.0
67,4.4,1.6,2.0,0.5,1.8,4.2,3.8,1.9,1.4,1.2,180.6,10.1,57.0,2.0,7,0,1,True,False,False,True,4.0
44,4.9,2.8,1.4,0.0,1.4,2.6,3.4,1.6,1.9,4.6,173.9,24.8,75.0,6.0,3,1,1,False,False,True,False,4.0
53,3.8,1.8,0.0,0.9,2.1,3.7,3.8,1.4,1.7,8.4,107.9,13.9,70.0,2.4,6,1,0,False,False,False,True,4.0
45,4.6,2.2,1.9,0.2,1.5,2.2,2.9,2.4,2.4,3.4,32.1,26.2,71.0,6.5,3,0,1,True,False,False,True,5.0
32,6.0,2.2,2.1,0.4,1.9,3.3,3.4,1.5,1.4,2.8,147.1,30.0,68.0,6.1,5,1,0,True,False,False,True,4.0
50,3.0,1.4,0.0,0.3,2.4,3.1,3.5,1.5,1.7,8.2,151.2,28.8,81.0,6.2,4,1,1,True,False,False,False,5.0
16,6.1,2.8,1.2,0.7,0.1,4.5,4.2,0.8,1.4,0.0,178.6,7.1,48.0,1.0,10,0,0,True,False,False,True,4.0
28,3.8,1.9,1.5,0.0,0.4,3.1,3.2,2.4,1.9,2.2,156.0,31.4,73.0,5.9,4,0,0,False,False,False,True,4.0
27,3.7,0.8,2.1,0.6,0.5,1.6,2.6,3.1,2.3,2.7,187.0,21.9,77.0,8.1,2,0,0,True,False,False,True,5.0
43,6.8,1.2,2.4,1.2,3.3,4.1,4.1,1.4,0.3,3.0,214.4,16.1,57.0,3.1,8,1,0,False,False,True,False,3.0
26,4.0,0.2,0.9,0.7,2.0,1.3,2.4,2.4,1.7,4.3,176.4,37.5,81.0,9.2,2,1,0,True,False,True,False,5.0
53,5.0,2.0,1.7,0.2,2.1,4.5,3.9,1.5,1.5,0.0,131.8,16.3,41.0,1.1,9,1,1,False,True,False,True,4.0
16,9.3,3.2,2.1,0.4,2.5,4.5,4.2,1.7,0.8,1.2,193.0,11.4,57.0,1.1,9,0,0,True,False,False,True,4.0
46,2.6,1.1,1.3,0.8,0.4,1.0,1.3,3.5,2.3,4.5,199.7,17.3,79.0,10.0,1,0,0,False,False,False,False,4.0
27,4.2,2.5,1.0,0.9,0.0,3.7,3.8,0.9,1.2,2.6,176.6,17.5,66.0,2.5,6,0,0,True,False,False,True,4.0
60,6.6,2.4,2.3,1.5,1.3,3.7,3.7,1.7,1.2,6.7,195.7,18.1,68.0,2.6,7,0,1,False,False,True,False,4.0
41,4.0,1.3,1.3,0.0,2.3,4.5,4.0,0.5,0.8,0.0,141.1,7.3,42.0,1.0,10,0,0,True,False,True,False,3.0
63,4.9,3.4,0.2,0.8,1.2,2.1,3.4,2.4,1.2,4.1,150.4,15.0,76.0,6.2,3,1,1,True,False,False,True,3.0
55,4.7,1.8,3.0,0.7,0.0,4.5,3.9,1.6,0.9,0.0,32.6,20.5,48.0,3.3,8,1,0,False,False,False,True,4.0
31,4.5,3.8,0.3,0.6,0.5,1.9,2.7,2.7,2.0,4.4,32.3,34.1,81.0,9.0,2,0,1,False,False,False,False,5.0
54,2.0,0.5,1.4,0.8,0.2,2.5,2.5,2.4,1.6,2.6,114.0,25.9,71.0,6.6,3,0,0,False,False,False,True,4.0
45,3.9,1.8,1.9,0.5,0.8,4.0,3.7,1.8,1.5,1.2,116.8,19.3,68.0,3.3,6,1,0,False,False,True,False,5.0
48,2.9,1.9,2.0,0.0,0.2,2.9,3.5,1.7,1.2,5.9,154.6,27.6,80.0,6.2,4,1,1,False,False,False,True,4.0
74,4.5,2.0,1.7,0.7,1.5,1.2,1.4,2.8,3.0,3.9,126.3,35.0,80.0,9.6,1,0,0,True,False,True,False,4.0
38,4.1,2.6,0.0,1.0,0.9,4.1,3.7,1.1,1.3,2.0,211.3,10.8,59.0,2.8,7,0,1,True,False,False,False,4.0
59,7.2,5.0,0.7,0.6,2.0,4.5,4.3,0.3,1.1,0.0,104.2,8.1,40.0,1.0,10,0,0,True,False,False,True,4.0
49,4.8,2.4,1.8,1.2,0.4,3.6,4.5,1.9,1.7,4.1,229.1,20.6,65.0,4.6,6,0,1,False,False,False,False,5.0
62,4.7,2.0,1.4,0.5,1.7,3.7,4.2,1.5,1.6,0.5,205.3,22.6,59.0,3.9,6,0,0,True,False,False,True,4.0
20,6.1,1.0,2.1,0.9,1.4,4.5,4.2,1.5,0.4,1.6,179.3,7.7,55.0,2.6,8,0,1,True,False,False,True,5.0
33,3.3,0.3,2.6,0.0,1.8,3.7,3.6,1.3,1.2,0.8,140.4,21.8,63.0,4.7,6,1,1,False,False,False,True,4.0
44,8.0,3.1,2.1,1.9,1.9,4.5,4.1,1.1,1.0,0.0,123.4,6.2,48.0,1.0,9,0,0,False,False,False,True,3.0
21,5.8,1.5,0.7,0.5,2.0,4.5,4.0,1.2,1.6,3.0,159.5,9.4,58.0,1.2,9,1,1,True,False,False,True,4.0
24,8.0,4.3,0.9,0.3,2.2,4.5,4.1,0.9,0.3,2.4,141.9,17.4,45.0,1.0,9,0,0,True,False,False,True,3.0
55,7.8,2.8,3.3,0.4,1.9,4.5,3.7,1.0,1.1,0.0,155.3,9.3,49.0,1.0,10,0,1,True,False,False,True,4.0
46,4.3,2.3,1.3,0.0,1.7,2.9,3.5,1.6,1.8,3.5,174.2,21.8,69.0,5.5,4,1,1,True,False,False,True,4.0
48,3.4,2.4,1.4,0.0,0.7,2.5,3.3,1.8,2.2,2.6,57.6,27.3,75.0,6.8,4,0,1,True,False,False,True,5.0
42,6.4,2.4,2.1,0.6,2.3,4.3,3.8,1.8,1.1,0.1,144.0,15.2,53.0,1.5,8,0,0,False,False,False,True,2.0
74,4.7,1.4,2.9,0.7,0.7,1.6,2.3,1.7,2.6,7.4,149.3,20.9,83.0,8.2,2,1,1,False,False,True,False,4.0
29,2.5,0.4,0.5,0.7,1.1,1.0,1.0,3.0,3.4,5.9,168.0,30.5,86.0,7.0,1,1,0,False,False,True,False,4.0
44,2.5,1.5,1.0,0.6,0.5,1.7,2.6,2.1,2.3,3.8,183.8,27.1,63.0,8.2,2,1,1,True,False,False,False,5.0
51,1.8,2.0,0.0,0.6,0.5,0.8,1.4,2.2,2.7,3.3,150.6,17.6,85.0,9.8,1,0,0,False,False,True,False,4.0
43,2.8,1.4,1.2,0.0,1.1,1.7,2.3,3.5,2.6,6.1,135.2,32.4,85.0,7.0,2,1,1,True,False,False,False,4.0
36,3.4,0.8,2.1,0.3,1.2,3.9,3.5,1.7,0.8,1.7,120.3,19.9,69.0,2.1,6,0,1,True,False,False,True,4.0
18,4.9,1.3,1.1,0.7,0.6,4.5,3.7,1.5,0.5,2.8,214.6,6.8,48.0,1.0,9,0,1,False,False,False,False,4.0
34,7.1,2.9,3.4,0.3,1.4,4.5,4.1,1.4,1.2,0.9,146.3,9.0,51.0,1.0,8,0,0,True,False,False,True,4.0
46,5.3,2.7,1.6,0.8,1.6,4.3,3.8,1.4,1.1,0.0,169.1,8.8,48.0,1.5,8,1,1,True,False,False,True,4.0
50,4.1,2.2,1.4,0.5,0.9,3.1,3.4,1.1,2.2,5.9,97.2,11.4,78.0,3.8,5,1,1,False,False,True,False,5.0
64,6.8,2.5,1.1,0.5,3.7,4.5,3.7,1.3,1.0,0.0,135.4,8.5,49.0,1.0,9,0,0,True,False,True,False,4.0
18,4.1,1.0,0.0,0.7,1.7,3.9,3.8,0.7,1.4,6.9,216.7,19.3,73.0,3.9,6,1,0,False,False,False,True,5.0
41,4.3,1.3,1.4,0.9,1.5,4.5,3.8,0.7,0.7,1.2,129.7,6.2,51.0,1.0,10,0,1,True,False,True,False,4.0
31,5.5,2.3,1.9,1.0,0.7,4.5,3.8,1.0,0.9,0.0,139.3,7.2,51.0,1.8,10,0,0,False,False,False,False,4.0
26,5.6,1.1,1.4,1.8,1.5,2.8,3.6,2.1,2.4,3.3,114.2,31.3,68.0,5.7,4,1,0,True,False,False,True,5.0
36,5.5,2.1,1.8,1.1,1.6,3.1,3.4,1.1,1.2,2.7,236.9,24.7,65.0,5.8,4,0,1,True,False,False,False,3.0
31,2.9,0.9,0.8,0.0,1.4,3.8,3.5,2.0,1.5,0.1,62.3,19.2,58.0,3.7,6,1,1,False,False,False,True,4.0
24,3.5,0.5,0.1,0.0,2.8,4.1,3.8,1.7,1.6,2.7,204.7,11.8,66.0,2.9,7,0,1,True,False,False,False,4.0
68,3.5,2.7,1.4,0.4,0.0,3.0,3.4,1.1,1.7,1.4,126.6,22.4,68.0,4.8,4,0,1,True,False,False,False,4.0
15,6.8,2.9,1.7,0.1,1.0,4.5,4.1,0.9,0.7,0.0,28.8,7.1,55.0,1.6,10,0,1,True,False,True,False,4.0
36,4.3,1.4,1.3,0.8,2.1,2.4,3.4,2.3,2.5,2.7,176.6,24.6,68.0,7.7,3,0,0,True,False,False,False,5.0
40,2.7,0.6,1.7,0.9,0.5,4.3,4.0,2.0,1.5,2.6,248.2,20.3,64.0,4.2,7,1,0,True,False,True,False,4.0
70,1.9,0.2,2.4,0.3,0.0,2.0,2.4,2.4,2.4,3.6,174.5,29.1,80.0,8.8,2,0,1,True,False,False,False,4.0
73,7.2,3.7,2.4,1.3,0.9,4.5,4.2,1.6,1.3,0.0,85.6,9.6,51.0,1.9,9,0,0,False,False,False,True,4.0
32,7.4,2.1,2.4,1.5,2.4,4.5,4.1,1.0,0.8,1.0,171.9,14.4,50.0,1.4,9,0,1,True,False,True,False,4.0
64,3.6,1.5,2.6,0.0,0.5,1.8,1.8,2.7,2.2,6.2,133.3,22.1,80.0,9.3,2,1,1,False,False,False,True,4.0
28,4.4,1.7,2.0,0.0,1.0,3.3,3.5,1.5,1.4,4.9,171.6,14.8,75.0,5.1,5,0,1,True,False,False,True,5.0
61,4.6,0.3,1.9,1.3,1.8,3.3,3.6,1.2,1.4,2.0,115.7,17.0,65.0,5.2,5,0,0,True,False,False,False,4.0
43,7.2,2.6,3.6,1.1,0.8,4.4,3.6,1.4,0.5,0.7,125.6,14.0,52.0,1.4,8,0,0,False,False,True,False,4.0
26,8.0,3.8,2.4,0.9,1.0,4.5,3.8,1.5,0.9,0.1,52.7,12.3,52.0,1.0,10,0,1,True,False,True,False,4.0
50,2.1,1.3,0.6,0.6,0.7,1.7,2.5,2.3,1.9,3.1,17.0,38.6,79.0,8.7,2,1,1,False,True,False,True,5.0
73,4.4,4.1,0.0,0.5,0.8,2.4,2.9,2.3,2.4,3.3,202.4,35.6,82.0,6.7,3,0,1,True,False,False,True,4.0
49,3.1,1.9,1.2,0.9,0.2,0.7,1.4,2.7,2.9,6.3,91.4,34.0,82.0,8.1,1,0,1,False,False,True,False,4.0
66,6.1,3.5,2.2,0.7,1.1,4.2,3.9,1.8,1.3,3.0,134.0,9.1,66.0,4.2,7,0,0,False,False,False,True,4.0
26,9.0,2.3,2.6,1.4,2.5,4.2,4.1,2.1,0.0,2.9,160.3,14.7,57.0,2.1,8,0,0,False,False,False,True,3.0
21,6.4,2.3,0.1,0.2,3.0,4.4,3.9,2.0,0.6,1.7,130.6,9.6,60.0,2.1,8,0,1,False,False,False,True,4.0
43,8.4,3.7,2.3,0.6,2.6,4.5,4.2,1.1,1.2,1.5,123.2,10.0,51.0,2.5,9,0,1,False,False,True,False,4.0
25,8.5,2.7,2.7,1.1,1.5,4.5,4.2,1.3,1.6,0.0,138.1,10.4,41.0,1.0,10,1,0,True,False,True,False,2.0
47,7.1,2.3,2.2,0.7,3.1,4.5,3.8,0.8,1.3,0.7,173.6,8.3,56.0,1.0,10,0,1,True,False,False,True,4.0
20,7.9,0.3,2.0,1.0,3.7,4.5,4.1,1.5,1.4,0.8,188.6,12.9,51.0,1.0,10,0,0,False,False,False,False,4.0
61,3.3,0.6,1.4,1.0,1.6,2.4,3.4,2.0,2.0,6.6,231.1,11.8,76.0,4.4,4,0,1,True,False,True,False,4.0
29,3.9,2.4,1.0,0.3,0.4,2.3,2.9,2.3,2.3,3.5,127.9,21.5,68.0,6.8,3,0,0,True,False,False,True,4.0
46,7.2,3.3,2.4,0.0,2.7,4.5,4.3,1.4,1.1,1.1,157.6,12.2,45.0,1.5,10,0,1,False,False,False,False,3.0
65,3.7,2.1,2.1,0.2,0.2,2.5,3.0,3.0,1.7,4.6,138.1,35.6,69.0,6.6,3,0,0,True,False,False,True,3.0
25,3.0,1.5,1.1,0.0,0.5,3.9,3.6,2.0,1.4,1.6,251.1,16.8,62.0,3.7,7,0,1,False,False,False,False,4.0
72,3.7,0.3,4.3,0.0,0.0,3.0,3.5,1.6,2.0,0.0,162.2,29.6,68.0,5.4,4,0,0,False,False,True,False,4.0
37,3.5,1.3,0.0,1.3,2.1,4.4,3.9,1.5,1.2,11.8,86.6,15.9,77.0,2.3,7,0,1,False,False,True,False,4.0
40,2.4,2.1,1.2,0.0,0.0,1.9,2.2,3.0,2.5,3.9,113.1,39.0,83.0,7.5,2,1,0,False,False,True,False,5.0
48,5.1,1.2,0.7,1.7,2.4,4.5,4.1,0.4,0.8,0.0,122.3,13.9,51.0,1.0,10,0,0,True,False,False,True,4.0
60,5.6,1.1,1.9,0.3,3.2,4.5,4.0,1.3,1.5,0.0,211.1,16.0,60.0,2.6,8,0,1,True,False,True,False,4.0
48,4.5,2.0,0.0,0.4,3.1,0.9,1.0,3.0,2.0,5.2,90.9,29.1,83.0,7.6,1,1,0,True,False,False,True,4.0
43,5.0,3.3,2.9,0.0,0.1,3.2,3.5,1.2,1.6,5.0,161.4,31.5,75.0,6.0,4,1,0,True,False,False,True,4.0
18,7.2,2.6,2.6,0.8,0.0,4.5,3.8,1.2,1.5,1.5,269.2,16.5,58.0,1.7,8,0,0,False,False,False,True,4.0
31,4.8,2.3,1.8,0.4,0.8,3.8,3.8,1.7,1.2,1.2,71.2,25.1,65.0,2.4,6,0,0,False,False,False,True,4.0
49,5.3,2.2,1.2,0.6,2.3,3.3,3.5,1.7,1.4,1.1,139.7,19.1,65.0,4.0,5,1,1,True,False,True,False,3.0
27,7.8,2.5,2.3,0.1,2.6,4.5,4.1,0.8,0.8,0.0,102.3,9.4,48.0,1.0,10,0,0,True,False,False,False,4.0
55,5.6,1.9,1.9,0.9,2.1,1.5,2.5,2.2,3.1,3.5,43.0,38.3,72.0,7.7,2,0,0,False,True,False,True,4.0
53,5.1,1.6,2.5,0.1,1.9,3.3,3.5,1.7,1.9,2.2,217.6,26.8,63.0,5.5,5,0,0,True,False,True,False,4.0
29,8.3,2.7,1.4,0.6,3.8,4.5,3.9,0.9,1.9,0.3,43.2,10.4,46.0,1.0,10,1,0,False,False,True,False,3.0
69,3.8,1.8,1.3,0.9,0.9,2.5,3.4,1.6,1.6,2.5,192.1,30.7,70.0,6.1,4,0,1,True,False,False,True,4.0
43,4.8,0.9,2.7,1.5,0.6,4.5,4.0,1.3,0.6,0.0,41.3,8.2,55.0,2.6,8,0,0,False,False,False,True,4.0
43,5.7,3.3,2.2,1.1,0.2,2.1,2.9,2.3,1.1,5.2,156.9,21.3,74.0,5.9,3,1,0,False,False,False,True,3.0
25,4.3,0.3,1.3,0.7,1.8,4.5,3.9,0.8,1.6,1.7,144.7,8.3,57.0,1.0,10,0,1,False,False,False,True,4.0
66,6.1,3.4,1.9,0.6,1.2,1.5,2.0,2.7,2.5,4.3,114.1,35.9,79.0,9.0,2,0,1,False,False,False,True,4.0
46,6.5,2.5,1.7,0.8,2.2,3.7,3.8,2.0,1.2,3.4,184.9,17.5,55.0,2.9,6,0,1,True,False,False,True,4.0
16,6.5,1.1,2.0,1.1,0.9,4.5,3.8,2.1,0.7,1.1,181.6,13.6,54.0,1.0,8,0,0,True,False,False,True,4.0
61,6.1,2.0,2.9,0.2,2.0,4.2,3.9,2.1,1.4,1.3,171.7,9.7,59.0,4.1,7,0,1,False,False,False,True,5.0
28,5.0,1.6,1.1,1.1,1.0,4.1,4.0,1.5,1.1,1.4,96.3,17.7,61.0,2.0,7,0,0,True,False,False,True,4.0
34,3.6,2.7,0.8,0.0,1.2,4.1,4.0,1.2,1.1,1.9,135.7,15.5,60.0,3.1,7,0,0,False,False,False,False,4.0
36,6.3,2.7,1.8,0.9,1.3,4.5,3.9,1.2,0.3,1.5,242.9,7.9,56.0,1.2,9,0,0,False,False,False,True,5.0
25,4.4,2.4,0.9,0.9,0.0,4.5,3.8,0.9,1.6,1.0,100.0,13.2,58.0,2.1,10,0,0,False,False,False,True,5.0
41,3.7,2.7,0.5,0.2,1.3,4.1,4.2,2.1,1.0,1.7,240.6,17.6,63.0,1.5,7,0,0,False,False,False,True,5.0
17,7.5,1.9,2.6,0.0,2.0,4.5,4.2,1.3,1.0,1.1,73.0,17.3,69.0,1.8,9,0,0,False,False,True,False,4.0
31,5.3,3.6,1.2,0.4,0.4,4.3,3.9,2.0,1.1,0.0,94.1,14.1,59.0,1.9,8,0,1,False,False,False,True,4.0
58,5.4,3.1,0.0,0.0,3.3,3.9,4.0,1.6,1.5,2.6,268.7,20.3,64.0,5.7,6,0,0,True,False,True,False,4.0
70,4.4,1.6,2.4,0.5,1.4,3.5,3.9,1.6,1.2,0.0,40.7,15.3,62.0,4.3,6,0,1,True,False,False,True,4.0
42,3.7,2.7,1.0,0.0,0.8,2.4,3.3,2.8,2.2,6.8,200.4,24.7,90.0,6.3,3,0,1,True,False,False,True,4.0
43,6.8,2.7,2.1,2.5,0.7,3.9,4.0,2.3,0.5,0.0,131.5,13.5,49.0,2.8,7,1,0,False,False,True,False,4.0
35,7.7,1.8,2.7,1.2,2.8,3.4,3.7,1.0,1.4,3.6,147.5,12.0,73.0,6.7,5,1,1,True,False,True,False,4.0
61,3.8,1.7,1.7,0.6,0.6,2.3,2.9,2.2,2.2,8.3,173.7,13.9,90.0,7.0,3,0,1,False,False,False,True,5.0
30,5.9,3.1,0.0,1.4,1.7,4.5,4.0,1.3,1.0,0.0,177.9,10.1,47.0,1.0,9,0,0,True,False,True,False,4.0
51,4.5,2.0,0.0,1.0,2.3,3.5,3.5,0.9,2.0,2.0,79.8,11.8,63.0,6.0,5,0,1,False,False,False,True,4.0
73,3.9,2.2,0.8,0.0,2.0,1.4,2.5,2.7,2.2,1.8,108.6,18.0,72.0,7.5,2,1,1,True,False,False,True,4.0
34,5.2,3.3,1.4,0.2,0.8,3.4,3.5,1.5,1.7,4.2,30.4,13.4,78.0,4.5,5,1,0,False,False,False,True,4.0
20,10.0,4.3,2.8,1.2,2.2,4.5,4.1,1.2,1.1,0.7,172.7,12.4,46.0,1.0,10,0,0,False,False,False,True,2.0
33,4.1,1.5,1.8,0.0,1.6,3.7,3.7,1.1,1.4,1.2,185.4,17.2,60.0,5.1,6,1,0,True,False,True,False,5.0
71,6.3,1.8,4.4,0.8,0.0,2.3,3.1,2.3,2.5,4.3,147.4,13.4,67.0,6.8,3,0,1,True,False,True,False,4.0
19,6.3,2.1,0.0,1.0,2.6,4.2,4.1,1.0,1.3,0.9,223.9,10.1,58.0,2.9,8,1,1,False,False,False,True,3.0
17,5.2,2.1,1.6,0.4,0.8,4.5,4.1,0.9,0.7,0.2,224.6,5.7,47.0,1.0,10,0,0,False,False,False,False,3.0
73,3.9,2.3,1.0,0.7,1.2,2.8,3.4,1.4,1.9,3.8,126.8,15.8,79.0,5.8,4,1,0,True,False,False,True,5.0
15,7.6,1.6,1.8,1.1,1.7,4.5,4.1,0.6,1.4,1.0,245.2,11.6,49.0,1.0,10,0,0,False,True,False,True,3.0
72,5.4,0.9,3.4,1.1,0.9,2.1,2.8,2.4,2.1,4.7,94.8,31.1,81.0,4.5,3,1,0,False,False,False,True,3.0
74,9.2,3.6,3.5,0.9,2.2,4.1,4.2,0.4,1.0,1.7,230.4,18.7,44.0,1.7,8,0,0,False,False,False,True,2.0
52,4.3,2.6,1.6,0.6,0.3,2.8,3.6,1.9,2.1,7.1,234.8,14.5,80.0,5.7,4,1,1,True,False,True,False,4.0
29,5.6,1.6,2.4,1.0,0.8,2.8,3.2,1.1,1.4,3.4,102.5,26.3,72.0,6.7,4,1,1,True,False,True,False,4.0
48,5.6,2.4,1.7,0.0,2.6,4.5,4.2,1.3,0.9,1.1,175.5,7.4,51.0,1.2,9,1,1,False,False,True,False,4.0
49,5.7,3.6,0.3,1.5,1.4,3.4,3.4,0.8,1.3,2.8,42.4,26.3,64.0,4.2,6,1,1,False,False,False,True,3.0
63,2.3,1.3,1.5,0.5,0.3,0.7,1.4,2.4,3.0,3.2,170.0,25.4,78.0,8.3,1,1,0,False,False,True,False,4.0
39,3.5,2.2,0.9,0.2,1.5,2.2,2.8,2.2,2.0,4.7,82.5,12.8,79.0,7.8,3,1,1,True,False,False,True,5.0
38,3.9,0.7,1.4,1.0,1.8,2.8,3.4,1.5,2.3,1.6,148.3,14.0,65.0,6.9,4,1,1,True,False,False,True,5.0
26,3.5,1.9,0.6,0.9,0.0,1.9,3.1,2.5,0.7,2.5,100.1,32.1,76.0,5.0,3,1,0,True,False,False,False,4.0
32,6.9,2.6,1.7,0.0,3.1,4.4,4.1,0.5,0.9,3.8,136.3,13.5,66.0,2.8,7,1,0,True,False,False,False,4.0
29,6.3,1.0,1.8,0.6,3.2,3.1,3.4,2.0,1.5,4.1,86.8,11.5,77.0,4.9,4,0,1,True,False,False,True,4.0
58,4.9,1.8,2.3,0.6,1.5,3.1,3.6,1.9,1.4,1.1,159.2,22.5,58.0,5.6,5,0,1,True,False,True,False,4.0
30,6.0,2.7,1.8,0.6,1.2,4.2,3.7,1.8,1.1,0.0,77.5,20.6,47.0,1.8,8,0,1,False,True,True,False,4.0
41,7.8,2.5,3.3,1.6,1.4,2.6,3.4,0.9,2.4,4.0,247.3,11.7,67.0,5.5,4,0,0,True,False,False,True,4.0
22,8.4,1.0,3.9,0.6,2.3,4.5,3.7,0.5,0.4,0.0,77.7,12.0,53.0,1.0,10,0,0,False,False,False,True,3.0
74,4.8,2.3,1.1,0.5,1.9,3.7,3.9,1.6,1.4,0.6,117.8,19.7,60.0,5.1,6,0,0,False,False,False,True,4.0
60,6.4,2.5,2.6,0.2,1.6,4.5,4.0,0.6,1.5,0.0,98.1,5.1,50.0,1.0,10,0,0,False,False,True,False,4.0
39,7.5,2.1,3.8,0.1,2.8,4.5,4.0,1.3,1.3,2.9,39.5,14.6,61.0,3.4,8,0,0,True,False,False,False,3.0
31,8.2,3.0,2.6,0.8,2.5,4.5,4.2,1.3,0.8,1.0,95.2,6.6,46.0,1.0,10,0,0,False,False,False,False,4.0
43,3.1,1.5,2.3,0.3,0.4,3.5,3.8,1.4,1.5,3.2,18.9,26.0,71.0,4.6,5,1,1,False,False,False,False,5.0
67,4.2,2.4,0.0,0.5,2.3,3.4,3.9,1.5,1.5,2.3,261.4,16.6,62.0,3.9,5,0,0,False,False,True,False,4.0
22,5.3,1.0,0.9,0.7,2.6,4.5,3.9,0.2,1.0,0.8,162.1,7.2,42.0,1.0,10,0,1,False,False,False,True,4.0
29,3.7,0.6,1.0,0.6,1.7,1.4,2.4,2.3,2.8,4.6,165.3,23.1,86.0,9.5,2,0,0,False,True,True,False,5.0
41,7.4,2.7,3.0,0.7,2.0,4.5,3.8,1.0,1.8,0.0,124.3,12.9,47.0,1.0,10,0,1,False,False,True,False,4.0
60,3.4,2.0,0.7,0.7,1.1,0.7,1.0,2.5,2.5,3.4,175.4,21.2,83.0,9.6,1,1,1,True,False,True,False,4.0
64,3.3,1.6,1.4,1.0,0.2,3.4,3.5,1.7,1.5,1.8,106.3,20.7,70.0,4.0,5,0,1,False,False,True,False,4.0
66,8.0,1.0,2.4,2.2,3.3,4.5,4.0,1.1,0.6,0.0,104.3,11.9,42.0,1.0,10,1,0,True,False,True,False,4.0
21,5.7,2.7,0.6,1.3,0.1,4.5,4.1,1.8,1.1,1.4,138.5,8.0,49.0,1.0,10,0,1,False,False,False,True,5.0
17,6.9,0.6,1.8,0.4,3.1,4.5,4.0,0.8,0.9,1.1,184.8,11.4,56.0,1.6,10,0,1,True,False,False,True,3.0
43,6.2,2.9,1.7,1.3,1.3,3.5,3.8,1.2,2.0,3.6,72.8,29.0,69.0,4.3,5,1,1,True,False,False,True,3.0
58,5.9,2.4,2.5,0.0,2.6,3.1,3.8,2.0,2.3,2.8,190.1,23.0,65.0,5.9,4,0,0,False,False,False,True,4.0
67,3.8,0.7,2.2,0.3,1.4,0.5,1.1,2.9,2.4,8.6,116.4,18.9,86.0,8.0,1,1,1,False,False,False,False,5.0
38,6.8,2.1,2.2,1.0,2.3,4.1,4.0,1.5,1.0,2.8,196.9,18.2,58.0,3.6,7,0,1,True,False,False,True,4.0
74,8.2,4.4,1.7,1.0,1.8,4.5,3.8,1.6,0.8,1.4,185.2,17.7,54.0,1.6,9,0,1,True,False,True,False,4.0
72,3.2,3.1,0.0,1.0,0.7,3.3,3.8,1.0,1.5,0.6,150.6,25.1,66.0,4.0,5,0,0,False,False,False,False,5.0
17,5.6,1.3,1.7,0.2,1.5,4.5,4.1,0.9,1.4,0.0,128.1,7.2,53.0,1.0,10,0,1,True,False,False,True,4.0
34,5.0,2.6,1.6,0.2,1.3,3.8,3.6,1.6,0.8,0.6,120.8,13.9,61.0,1.8,7,0,0,False,False,False,True,4.0
60,5.0,0.7,2.3,0.7,2.0,4.5,3.8,1.1,0.9,0.0,91.4,7.2,47.0,1.0,9,0,1,True,False,False,True,4.0
29,3.6,0.8,1.0,0.4,1.5,3.0,4.1,1.2,2.0,1.6,84.4,19.9,73.0,4.0,5,0,1,False,False,False,False,4.0
39,5.2,1.9,1.5,1.1,1.7,4.1,3.6,2.2,1.0,1.8,112.4,13.2,60.0,1.8,7,0,1,False,False,True,False,3.0
44,3.6,2.5,1.6,0.4,0.4,1.8,2.1,2.3,2.0,3.4,197.7,27.4,87.0,8.1,2,0,1,True,False,True,False,4.0
28,3.7,2.7,0.7,0.4,0.1,3.9,3.9,1.5,1.4,0.0,207.4,11.7,56.0,3.5,6,0,0,True,False,True,False,4.0
21,5.1,2.7,0.2,0.0,1.5,4.5,4.0,0.8,0.8,0.0,148.6,14.8,40.0,1.0,10,0,1,True,False,False,False,5.0
31,6.7,2.4,1.9,1.1,1.6,4.5,3.7,1.0,0.9,1.3,106.8,10.4,56.0,1.0,9,0,1,False,False,False,True,4.0
58,2.8,0.5,2.6,0.8,0.3,3.6,3.8,1.4,1.4,10.7,110.7,20.3,78.0,5.1,5,1,1,False,False,True,False,4.0
34,3.9,1.9,0.8,0.0,2.0,1.4,2.5,3.0,2.2,5.2,109.5,39.0,84.0,7.8,2,1,1,False,False,False,True,5.0
50,5.7,2.9,1.3,0.9,2.0,3.7,3.4,0.9,1.6,1.7,174.1,15.1,62.0,4.0,6,0,1,True,False,False,False,4.0
23,7.4,2.4,2.4,0.4,1.6,4.5,4.4,0.8,1.5,0.0,112.1,8.7,52.0,1.0,10,0,0,True,False,False,True,3.0
52,5.9,2.2,2.5,1.1,1.4,4.3,4.1,2.3,1.2,1.7,159.2,20.9,57.0,2.8,7,0,0,True,False,False,True,3.0
62,3.3,2.3,1.8,0.5,0.1,4.4,3.9,0.9,0.9,0.0,139.6,9.2,61.0,1.4,7,0,0,True,False,False,True,5.0
71,4.0,2.3,2.0,0.1,0.1,0.9,1.1,2.4,2.5,7.2,227.4,21.4,89.0,7.1,1,1,1,False,False,True,False,4.0
74,4.4,0.2,2.1,1.6,1.8,0.4,1.1,2.9,2.9,6.0,186.6,27.7,85.0,9.4,1,1,1,False,False,True,False,4.0
36,6.2,3.0,2.3,1.5,0.6,4.4,3.7,0.8,1.1,2.6,109.9,17.2,64.0,2.6,7,0,1,False,False,True,False,4.0
68,2.3,1.9,0.3,0.5,0.6,1.7,2.1,1.8,2.9,5.2,89.4,34.5,84.0,8.6,2,1,1,True,False,False,True,5.0
67,7.2,2.6,3.6,0.8,1.7,4.0,3.9,1.3,1.1,0.1,138.4,20.0,57.0,3.5,7,1,0,False,False,False,False,4.0
67,4.9,0.2,1.8,0.3,3.4,0.8,1.2,2.3,2.8,3.1,126.2,34.1,82.0,8.8,1,1,0,False,False,False,True,4.0
16,7.6,3.5,2.3,0.0,1.0,4.5,4.1,1.5,1.0,3.3,111.3,12.4,58.0,2.0,8,1,1,False,False,True,False,4.0
38,5.3,1.0,0.7,1.4,3.5,4.2,4.0,1.7,1.1,0.0,63.8,20.6,54.0,2.9,8,0,1,False,False,True,False,5.0
22,7.8,4.3,1.3,0.1,1.3,4.5,4.1,0.4,1.1,0.4,134.6,13.3,49.0,1.0,10,1,1,True,False,False,True,3.0
25,9.1,3.9,1.9,1.4,2.0,4.5,4.0,0.5,1.2,0.3,126.4,9.7,58.0,1.0,10,1,0,True,False,False,True,3.0
27,4.3,0.8,0.0,1.0,2.4,2.6,3.2,1.7,1.5,1.6,26.6,18.5,70.0,4.3,4,1,0,False,False,False,True,4.0
31,5.9,2.7,0.5,0.8,2.4,4.5,4.0,2.1,0.6,2.9,148.5,8.0,62.0,3.0,7,1,1,True,False,False,True,4.0
22,4.7,1.1,0.7,0.6,1.7,4.5,4.0,0.7,0.8,0.0,196.5,8.9,45.0,2.0,10,1,0,True,False,False,True,4.0
35,2.7,1.4,0.1,1.0,1.2,2.7,3.4,2.3,2.2,3.2,172.1,12.2,70.0,6.1,4,1,1,False,False,False,True,4.0
32,4.6,1.4,1.6,0.0,2.2,0.9,1.2,2.6,2.6,5.0,114.6,22.5,81.0,10.0,1,1,0,False,False,False,True,4.0
44,5.4,2.4,1.4,1.4,1.8,2.3,3.0,2.1,1.9,5.2,170.9,16.7,82.0,7.4,3,0,0,False,False,False,True,5.0
32,6.3,2.3,3.1,0.7,1.0,1.6,2.1,2.2,2.7,6.1,149.0,21.5,82.0,7.6,2,0,0,True,False,False,False,4.0
60,4.3,0.9,0.3,1.5,2.8,3.3,3.9,1.6,1.3,3.4,98.9,11.2,78.0,5.1,5,0,0,True,False,False,True,5.0
61,5.9,2.4,1.8,0.5,1.9,4.5,3.6,1.3,1.1,0.0,138.1,12.8,41.0,1.9,10,1,0,False,False,True,False,3.0
45,2.7,1.8,0.5,0.7,0.7,2.1,3.0,2.3,1.8,3.0,109.8,14.1,74.0,9.0,3,0,0,False,True,True,False,5.0
52,1.0,0.4,0.0,0.8,0.5,2.8,3.0,1.7,2.3,2.3,141.7,29.2,72.0,7.0,3,0,0,False,False,False,True,5.0
46,7.5,1.6,2.1,0.9,3.4,4.5,4.0,1.6,0.7,2.3,136.6,20.1,45.0,1.0,8,1,0,False,False,False,True,4.0
25,8.0,3.5,2.2,1.7,0.9,4.5,3.9,0.5,0.5,0.3,233.9,9.9,40.0,1.0,10,1,0,False,False,False,False,3.0
59,5.6,1.6,2.1,0.3,2.2,0.7,1.3,2.5,3.2,4.9,103.3,36.0,81.0,9.6,1,0,0,False,False,False,False,4.0
39,1.7,0.3,0.1,0.5,1.8,1.0,1.5,3.0,2.5,4.5,180.8,40.4,85.0,9.4,1,1,1,True,False,True,False,5.0
47,5.8,2.7,1.6,0.6,2.1,3.8,3.7,1.3,0.9,1.5,115.6,18.7,63.0,3.7,6,0,0,False,False,False,True,4.0
74,5.6,1.2,2.2,0.0,3.3,2.3,3.6,1.9,1.7,2.3,41.6,16.8,72.0,4.5,4,0,0,False,False,False,False,4.0
52,6.3,2.2,2.5,0.3,2.4,2.7,3.4,2.2,1.1,2.3,205.1,11.5,62.0,5.1,4,1,0,False,False,True,False,3.0
55,5.9,1.8,2.2,0.3,2.2,3.7,4.0,1.7,1.4,2.4,94.7,14.9,56.0,2.4,7,1,0,False,False,False,True,3.0
22,10.0,3.6,2.6,2.2,1.2,4.5,3.7,0.6,0.7,0.3,111.9,6.5,51.0,1.0,10,0,0,False,False,False,True,3.0
25,6.4,1.8,2.7,0.8,0.7,4.5,4.1,2.4,0.8,1.5,54.1,19.0,62.0,1.0,8,0,0,True,False,False,True,4.0
36,6.1,1.0,1.6,0.9,3.8,3.3,4.1,0.7,1.3,3.4,243.2,25.8,73.0,5.2,5,1,1,False,False,False,False,4.0
65,4.0,1.6,2.0,0.0,1.4,1.9,2.8,2.2,1.9,4.6,208.5,29.6,77.0,4.1,3,1,1,True,False,False,True,4.0
38,4.6,0.9,2.6,0.6,1.3,4.5,3.9,0.8,1.0,0.0,220.3,7.1,43.0,3.3,9,0,0,False,False,False,True,4.0
55,5.9,1.8,1.9,1.2,1.7,2.3,3.2,2.2,2.4,2.6,210.8,27.5,77.0,7.7,3,0,0,True,False,False,False,3.0
31,9.3,3.6,2.8,2.1,1.6,4.5,3.8,1.2,1.6,0.0,235.4,8.1,42.0,1.0,10,0,0,True,False,False,True,3.0
26,9.1,3.1,2.5,0.2,3.0,4.5,4.1,1.4,1.7,0.0,237.0,11.8,53.0,1.5,9,0,0,True,False,False,True,3.0
71,5.5,3.8,0.8,0.0,1.9,2.3,2.8,2.9,1.9,6.2,170.1,35.3,74.0,6.3,3,0,0,False,False,True,False,3.0
60,1.8,2.4,0.1,0.1,0.1,0.7,1.1,3.2,2.5,6.1,127.1,16.6,87.0,8.7,1,0,1,True,False,True,False,5.0
46,3.3,2.1,1.5,0.1,0.7,3.2,3.8,1.6,1.2,0.5,148.6,23.1,60.0,3.9,5,0,0,True,False,False,False,4.0
29,2.9,1.1,0.2,0.1,1.4,4.0,4.1,2.6,0.7,3.0,78.8,22.8,63.0,4.1,7,0,0,False,False,False,True,5.0
30,7.0,2.2,1.6,1.1,2.4,3.7,3.9,1.7,0.9,2.1,129.5,9.9,58.0,4.7,6,0,0,True,False,False,True,4.0
68,3.1,1.9,1.5,0.8,0.0,3.0,3.7,1.3,0.6,0.0,192.1,22.4,59.0,5.9,5,1,0,False,False,True,False,4.0
36,6.4,2.7,2.9,0.0,1.9,3.0,3.5,1.1,1.9,3.4,122.2,21.8,65.0,6.6,5,1,0,False,False,False,True,4.0
42,5.8,1.0,2.1,1.4,2.1,2.9,3.4,1.9,1.0,3.6,163.1,24.0,60.0,6.8,4,1,1,False,False,False,True,3.0
34,7.9,2.0,2.6,1.7,2.3,3.3,3.6,1.6,2.0,4.5,255.2,15.5,66.0,3.8,5,0,1,True,False,True,False,4.0
47,1.9,0.6,1.0,0.0,1.3,3.1,3.7,1.6,1.4,1.9,103.1,24.4,59.0,4.5,5,0,0,False,False,False,True,4.0
24,9.5,2.3,3.2,1.3,2.4,4.5,4.0,0.7,0.7,0.0,175.8,13.5,41.0,1.0,10,1,1,True,False,False,True,3.0
54,5.4,2.6,2.5,0.5,0.6,4.0,3.8,1.8,0.3,0.8,40.3,12.9,53.0,2.4,7,0,1,True,False,False,True,4.0
46,3.7,0.5,2.0,0.0,2.3,0.9,1.4,3.5,2.9,4.7,69.8,19.0,89.0,8.5,1,0,1,True,False,False,True,4.0
64,1.0,0.8,0.0,0.0,1.3,0.9,1.2,2.7,2.0,3.1,156.5,40.7,75.0,8.1,1,1,0,False,False,True,False,5.0
74,4.9,0.8,2.8,0.3,1.4,4.1,3.7,2.1,0.8,0.8,90.2,21.3,59.0,5.0,7,1,1,True,False,False,True,4.0
47,6.1,1.8,3.5,0.3,1.4,4.3,3.9,2.0,1.4,0.0,77.6,20.1,56.0,1.9,8,0,0,False,False,False,True,4.0
16,5.9,0.7,1.5,0.7,2.1,4.5,3.8,0.3,1.0,0.2,177.3,6.3,49.0,1.0,10,1,0,False,False,True,False,5.0
47,5.8,3.2,1.5,1.9,0.3,4.3,3.8,1.7,0.8,0.5,178.3,19.3,58.0,2.7,8,0,0,False,False,False,True,4.0
47,4.8,2.4,0.9,0.3,2.3,2.0,3.2,2.0,2.0,6.2,169.7,32.2,74.0,8.2,3,1,1,True,False,False,True,3.0
55,4.1,2.5,0.0,0.0,2.3,3.3,3.4,1.0,1.8,3.0,166.8,19.1,68.0,5.6,5,0,1,False,True,True,False,4.0
27,3.2,0.6,0.9,0.4,1.1,3.3,3.9,0.7,1.2,1.7,158.4,18.1,65.0,4.8,5,1,0,False,False,False,False,4.0
44,7.9,3.2,3.3,1.2,1.4,3.9,4.0,2.1,1.2,1.7,225.5,16.6,58.0,4.3,6,1,0,False,False,False,True,3.0
47,5.2,2.6,2.7,0.5,0.5,2.2,2.7,2.5,2.4,3.8,138.9,26.4,76.0,6.6,3,1,1,True,False,True,False,3.0
27,3.0,1.4,0.7,1.0,0.2,1.7,2.4,2.1,2.1,5.6,149.7,28.8,82.0,8.1,2,1,1,False,False,True,False,5.0
66,2.9,0.6,0.9,0.7,1.6,0.7,1.3,2.5,2.5,5.0,161.6,36.6,82.0,10.0,1,0,0,True,False,True,False,4.0
40,5.9,1.9,3.8,0.6,1.6,4.1,3.9,1.8,1.2,9.4,208.1,13.8,65.0,1.5,7,0,1,True,False,False,True,4.0
36,3.3,1.6,0.4,1.6,1.1,2.9,3.4,1.8,1.8,3.2,68.3,11.8,71.0,7.2,4,0,1,True,False,False,True,5.0
53,1.5,1.6,0.7,0.0,0.2,2.8,3.3,1.6,2.3,4.2,149.6,17.9,71.0,6.2,4,0,1,False,False,False,True,4.0
16,4.6,1.4,1.0,0.0,1.9,4.5,3.7,1.4,0.8,2.4,129.8,18.8,68.0,1.9,7,0,0,True,False,True,False,4.0
52,3.3,2.6,0.0,0.1,1.0,3.9,3.8,2.1,0.9,0.0,201.1,21.8,56.0,2.9,7,0,0,True,False,True,False,5.0
53,1.4,0.2,0.9,0.8,0.7,0.5,1.5,2.1,2.6,4.8,48.4,21.8,86.0,8.0,1,1,1,False,False,True,False,4.0
40,6.6,3.3,0.9,0.6,2.7,3.9,4.2,1.2,0.6,2.3,128.6,19.5,60.0,2.9,7,0,0,False,False,False,True,4.0
60,4.1,2.9,0.5,1.0,0.4,3.6,3.2,1.5,1.3,1.8,203.4,18.7,61.0,4.5,5,1,0,True,False,False,False,4.0
72,6.9,2.2,3.0,0.6,2.0,4.5,4.0,0.8,1.5,0.0,187.5,5.9,52.0,1.0,10,0,1,False,False,False,False,3.0
64,1.6,1.9,0.2,0.5,0.0,0.8,1.3,2.3,2.3,2.3,106.9,16.5,81.0,8.2,1,0,0,True,False,True,False,5.0
29,4.7,3.0,1.3,0.8,0.0,4.1,3.9,0.9,1.2,0.8,159.1,10.7,54.0,2.7,7,0,0,True,False,False,True,4.0
48,4.7,2.0,0.5,1.6,1.9,3.0,3.3,1.9,1.7,3.6,220.1,26.6,77.0,6.4,4,0,0,True,False,True,False,5.0
56,3.0,1.7,1.3,0.0,1.1,3.9,3.9,1.0,0.9,0.0,204.4,24.2,68.0,3.9,6,1,0,False,False,False,False,4.0
69,2.7,3.0,0.5,0.0,0.2,1.2,2.6,2.3,2.2,4.3,245.1,14.8,74.0,8.1,2,0,0,True,False,False,True,5.0
58,7.4,3.9,1.6,0.6,2.3,4.5,4.1,1.6,0.9,3.3,125.9,9.4,60.0,1.7,9,1,0,True,False,False,True,4.0
63,5.4,1.1,1.9,1.8,1.8,4.4,3.4,1.5,1.0,0.8,66.1,22.3,51.0,1.6,7,1,0,True,False,True,False,4.0
54,4.7,2.4,3.0,0.0,0.0,3.8,3.8,0.9,1.2,1.1,150.9,20.6,53.0,5.3,6,0,1,False,False,False,True,4.0
25,4.8,1.0,0.9,0.6,2.4,4.1,3.8,1.3,1.1,1.7,205.8,11.8,50.0,1.3,8,0,0,True,False,False,False,4.0
17,7.2,2.5,3.3,0.1,0.3,4.5,3.9,1.9,1.6,0.3,153.4,13.4,46.0,1.0,9,0,0,True,False,False,True,2.0
73,1.9,1.3,0.6,0.8,0.0,1.0,1.3,2.5,2.0,6.9,140.7,23.2,89.0,8.9,1,0,0,True,False,False,False,5.0
20,5.6,3.1,1.2,0.0,0.6,4.2,3.6,1.5,0.7,0.0,105.2,9.2,50.0,1.2,8,0,0,True,False,False,False,3.0
23,7.6,1.9,3.4,0.0,1.4,4.5,4.4,1.2,1.4,0.0,130.3,5.0,43.0,1.0,10,0,0,False,False,False,True,4.0
20,10.0,2.0,4.7,1.4,1.5,4.5,4.4,0.6,1.5,0.0,193.5,12.5,48.0,1.0,10,1,1,False,False,False,False,3.0
23,8.3,3.5,3.4,0.6,0.0,3.6,3.9,2.6,1.2,3.6,219.8,17.1,64.0,3.7,6,0,1,True,False,True,False,3.0
53,1.1,1.3,1.3,0.2,0.0,3.6,3.6,1.6,1.1,0.9,81.1,26.9,64.0,6.1,5,0,0,True,False,True,False,4.0
45,5.1,2.6,2.1,0.6,0.6,4.5,4.1,1.8,0.2,1.0,89.6,18.3,60.0,3.1,8,0,1,True,False,False,False,4.0
46,4.1,1.4,2.3,0.6,0.7,3.8,3.7,1.1,1.3,0.4,129.9,9.7,61.0,1.4,6,0,1,True,False,False,True,4.0
55,7.2,3.1,1.9,0.9,2.2,3.9,4.1,1.5,1.5,1.1,164.6,16.4,65.0,2.5,7,0,0,True,False,False,True,4.0
64,4.2,3.6,0.4,0.0,1.0,2.3,3.4,2.3,2.6,5.5,96.6,20.2,67.0,6.8,3,0,1,False,False,False,True,4.0
26,5.7,1.8,1.8,0.0,2.1,4.5,3.9,1.7,0.9,4.0,135.1,22.6,54.0,2.2,7,1,1,False,True,False,True,3.0
22,4.4,0.2,0.9,0.0,2.5,4.2,4.0,1.5,1.2,0.0,70.1,23.6,62.0,3.8,7,1,0,False,True,False,False,4.0
22,5.8,1.4,0.4,1.0,2.0,4.5,4.2,1.8,1.0,1.3,132.6,10.4,46.0,1.0,8,1,0,False,False,False,True,4.0
64,4.5,4.2,1.2,0.6,0.0,1.4,2.3,2.9,1.8,3.8,159.1,18.4,84.0,9.1,2,0,1,False,False,False,True,5.0
42,5.2,1.5,1.8,1.5,1.1,3.2,3.6,2.2,1.5,1.5,141.1,12.9,71.0,5.9,5,0,0,False,False,False,True,4.0
34,7.6,3.6,2.6,1.1,1.2,4.1,3.8,1.3,0.3,0.0,171.4,22.4,53.0,3.0,7,0,0,True,False,False,False,3.0
61,3.2,1.5,1.2,0.4,1.3,2.3,3.1,3.1,2.0,9.4,174.9,22.7,87.0,6.7,3,1,1,False,False,False,True,5.0
73,2.1,1.4,1.4,0.6,0.0,1.1,1.2,3.3,3.0,3.9,144.5,20.3,80.0,9.4,1,1,1,True,False,False,False,4.0
21,7.8,2.7,2.4,1.4,0.6,4.3,3.8,2.4,1.5,3.3,194.8,11.3,58.0,1.7,8,0,1,False,False,False,True,3.0
25,6.3,2.6,1.6,1.5,0.0,4.5,4.4,0.7,1.1,1.2,207.9,9.0,42.0,1.0,10,0,1,False,False,False,True,4.0
34,4.7,2.8,1.9,0.5,0.5,3.7,3.8,1.7,2.0,0.6,136.3,26.7,65.0,4.1,6,0,1,True,False,True,False,4.0
30,4.5,2.0,1.6,0.0,1.1,2.5,2.9,2.4,1.9,5.6,56.5,33.5,73.0,7.6,3,1,0,True,False,False,True,3.0
18,6.1,2.9,1.7,0.0,0.7,4.5,4.2,0.6,0.6,0.5,106.7,9.9,43.0,1.0,10,1,1,False,False,False,True,4.0
20,4.0,2.9,0.3,0.0,0.5,4.5,3.9,0.8,1.4,2.3,185.7,16.4,48.0,2.0,9,0,0,True,False,False,False,5.0
72,5.7,3.0,1.6,0.9,1.2,3.7,3.9,1.4,1.1,0.0,139.3,11.8,56.0,3.9,7,0,1,False,False,False,False,4.0
36,5.1,1.4,3.1,0.9,0.9,3.7,3.8,1.7,0.7,0.8,75.8,18.5,59.0,4.0,6,0,0,False,False,False,True,4.0
40,5.1,2.9,1.7,0.2,1.6,4.5,4.0,1.1,1.0,0.7,158.7,15.4,50.0,1.0,9,1,0,False,False,True,False,4.0
17,5.3,1.5,0.6,1.4,1.0,4.5,3.5,2.2,0.9,0.5,163.2,8.0,50.0,1.0,9,0,1,False,False,False,False,4.0
55,4.4,1.9,3.1,0.5,0.0,4.0,3.9,1.7,1.8,1.0,110.1,18.4,58.0,3.5,6,1,1,True,False,False,True,5.0
74,4.0,1.8,2.3,0.2,0.4,1.8,2.5,2.7,2.7,5.6,105.3,22.1,90.0,7.8,2,1,1,True,False,False,True,5.0
56,4.8,1.1,2.3,1.3,1.1,2.2,3.2,1.8,1.8,4.1,133.5,30.6,74.0,5.6,3,1,0,False,False,False,True,4.0
28,4.4,0.4,2.3,1.2,1.0,3.6,4.2,1.7,1.2,0.2,175.2,24.5,65.0,2.4,6,1,0,False,False,False,True,4.0
25,4.6,3.1,0.3,0.6,0.0,4.1,3.7,1.6,0.8,6.3,98.7,10.2,62.0,3.2,7,1,1,False,False,False,True,4.0
32,6.1,1.4,2.2,0.9,2.1,2.1,2.8,1.7,2.6,4.5,252.8,31.2,89.0,4.8,3,1,0,True,False,False,True,4.0
68,6.6,1.8,3.0,1.0,1.7,3.7,3.9,1.5,1.0,1.4,212.2,20.7,66.0,3.9,6,0,0,True,False,False,False,4.0
26,5.3,1.3,1.0,1.9,0.8,2.8,3.3,2.4,1.4,2.9,184.1,33.0,78.0,6.9,4,0,0,False,True,True,False,4.0
37,2.5,1.8,0.0,0.5,1.2,0.7,1.6,2.2,2.3,4.6,111.3,24.2,88.0,9.3,1,1,0,True,False,True,False,4.0
26,3.7,1.5,1.9,0.0,0.3,4.4,4.1,1.1,1.3,0.0,107.4,13.1,54.0,1.3,8,0,1,False,False,True,False,3.0
27,8.1,3.2,1.5,1.0,2.3,4.5,4.1,0.1,1.2,0.3,182.1,10.4,48.0,1.0,10,0,0,True,False,False,True,3.0
39,4.8,1.5,0.0,0.6,3.5,4.2,3.8,0.5,0.9,3.1,148.4,23.3,63.0,3.2,6,1,1,False,False,False,False,4.0
59,6.3,3.5,2.2,0.7,0.8,4.5,3.9,1.8,0.8,0.8,118.9,11.7,54.0,2.3,9,0,0,False,False,False,True,4.0
65,7.5,3.0,2.1,0.6,2.6,3.6,3.9,1.9,2.0,6.7,200.4,12.4,64.0,3.4,6,0,0,False,False,False,True,3.0
72,1.1,1.6,0.0,0.0,0.5,2.1,3.2,2.8,2.6,9.0,234.9,31.9,85.0,6.1,3,1,1,True,False,False,False,4.0
33,6.6,2.3,3.6,0.8,0.9,4.3,4.1,1.3,1.1,1.5,245.5,8.6,47.0,1.3,9,0,1,False,False,True,False,4.0
69,6.8,2.5,2.3,0.4,2.8,3.4,3.8,1.3,1.6,2.5,167.7,11.4,65.0,5.8,6,0,0,False,False,True,False,4.0
60,3.8,2.8,0.0,0.4,1.3,3.9,3.4,1.3,1.0,10.5,93.5,16.3,73.0,4.4,6,0,0,True,False,False,True,4.0
50,6.7,2.8,2.4,0.4,2.1,4.5,3.8,1.5,1.1,0.7,138.6,15.0,61.0,1.9,8,1,0,False,False,False,True,4.0
59,5.0,2.2,2.4,0.6,1.1,3.3,3.6,1.7,1.9,2.8,112.8,26.6,61.0,4.4,5,1,0,False,False,True,False,4.0
22,5.3,1.1,3.1,0.8,0.0,4.5,4.1,1.4,1.1,0.0,113.0,6.7,40.0,1.0,10,0,0,False,False,False,True,4.0
43,6.4,2.6,0.8,0.6,3.7,3.2,4.0,2.2,1.0,4.8,110.5,12.3,69.0,6.1,5,1,0,False,False,False,True,3.0
69,5.9,1.8,2.4,1.3,1.2,3.5,3.4,1.6,1.2,3.4,193.2,29.2,62.0,5.6,5,1,1,True,False,False,True,4.0
67,3.2,0.2,1.2,1.1,1.6,1.0,1.2,2.4,2.8,5.8,142.4,35.7,86.0,7.4,1,1,1,True,False,False,True,5.0
69,4.1,2.4,0.9,0.6,0.7,0.8,1.1,2.8,3.0,3.7,177.1,25.7,85.0,9.1,1,1,1,True,False,False,True,4.0
46,3.1,1.3,0.5,0.0,2.2,1.6,2.2,2.1,3.0,3.8,150.8,32.2,80.0,6.4,2,1,1,False,False,True,False,5.0
65,3.8,1.6,0.0,0.9,2.1,1.9,2.4,2.2,2.1,5.0,171.4,17.1,74.0,8.7,2,0,1,False,False,True,False,4.0
58,4.0,2.0,2.1,0.4,0.0,1.0,1.4,2.9,2.9,6.2,123.7,16.4,81.0,9.1,1,1,1,False,False,False,True,4.0
32,3.0,0.6,1.2,0.5,1.6,0.6,1.3,2.2,2.3,7.0,121.6,24.9,89.0,8.3,1,0,1,True,False,False,False,4.0
20,4.7,2.1,0.0,0.0,2.3,4.4,4.0,1.5,0.6,2.6,103.3,21.2,60.0,1.2,7,0,0,True,False,False,True,3.0
32,6.2,1.7,1.6,0.8,2.6,3.3,4.2,0.9,1.5,3.5,87.2,14.6,66.0,6.3,5,0,1,False,False,True,False,4.0
33,7.4,1.2,2.8,2.2,2.0,3.6,3.9,1.4,0.7,1.2,109.6,11.1,64.0,3.2,6,0,0,True,False,False,False,3.0
36,3.6,2.0,0.1,0.3,2.1,2.6,3.0,2.3,1.7,2.7,56.8,23.7,64.0,5.1,4,0,1,True,False,False,True,4.0
51,2.4,0.5,0.7,1.0,0.9,0.8,1.4,2.9,2.6,6.8,126.9,40.9,92.0,7.0,1,1,1,False,False,False,True,5.0
46,4.8,2.1,2.0,1.3,0.2,4.1,4.0,1.9,0.8,0.3,101.4,12.1,61.0,2.7,7,0,0,True,False,False,True,4.0
70,3.2,2.4,0.0,0.3,1.1,1.5,2.2,2.2,2.7,3.7,107.1,27.1,75.0,7.9,2,1,1,True,False,False,True,5.0
55,2.1,2.3,0.9,0.0,0.1,0.9,1.3,2.4,2.6,6.4,79.7,34.7,87.0,6.7,1,0,1,True,False,False,True,5.0
73,5.5,2.7,1.9,1.0,0.7,3.9,4.0,0.8,0.9,0.8,161.0,13.6,58.0,3.9,7,0,1,True,False,False,True,5.0
17,5.8,3.0,0.9,0.6,0.6,4.0,3.9,1.9,0.7,0.0,150.1,11.7,58.0,2.3,8,0,0,False,True,False,True,3.0
42,2.7,1.9,0.1,0.8,0.5,1.7,2.6,2.8,3.3,3.6,129.6,30.3,89.0,7.0,2,1,1,True,False,True,False,5.0
24,6.1,3.0,0.1,0.6,1.9,4.5,4.0,1.1,0.9,0.0,153.2,9.5,38.0,1.0,10,1,0,True,False,True,False,3.0
65,2.7,1.9,0.0,1.3,0.4,2.4,3.0,2.6,1.8,2.3,101.3,34.1,73.0,9.0,3,1,0,True,False,True,False,4.0
49,4.8,1.4,0.8,0.5,3.2,2.5,2.7,2.2,2.2,5.6,193.9,15.5,76.0,7.2,3,1,0,False,False,False,True,4.0
43,7.5,1.6,2.7,1.9,2.4,4.5,3.7,0.3,1.2,0.0,175.1,8.8,42.0,1.0,10,0,0,True,False,False,True,3.0
68,9.0,2.2,4.1,1.0,2.6,4.5,3.7,0.9,0.7,0.0,159.4,5.3,43.0,1.0,10,0,1,False,False,False,False,4.0
29,6.6,3.0,1.5,1.2,0.7,4.3,4.0,2.1,0.0,2.2,124.8,11.1,59.0,2.5,7,0,0,True,False,False,True,4.0
47,5.9,2.0,2.3,0.6,1.6,3.7,3.7,1.7,1.4,6.7,181.2,16.6,66.0,3.9,6,0,1,True,False,False,False,4.0
21,3.8,1.4,0.5,0.8,0.4,3.7,3.6,1.6,0.9,0.4,116.2,15.6,66.0,4.3,6,0,0,True,False,False,True,4.0
26,4.9,3.3,0.0,0.0,1.6,3.8,3.8,1.4,1.4,2.5,136.5,14.9,70.0,5.3,6,0,0,False,False,False,False,5.0
63,3.6,0.7,3.5,0.3,0.0,1.1,1.3,3.1,2.7,3.7,224.7,15.0,79.0,9.7,1,0,1,False,False,False,True,4.0
44,5.2,1.4,0.8,1.2,2.5,4.5,3.8,1.2,1.2,0.7,136.9,15.2,56.0,2.3,8,0,0,True,False,False,True,4.0
35,5.6,2.8,2.3,0.6,0.8,0.9,1.3,2.2,2.6,6.4,111.8,38.9,83.0,10.0,1,1,1,False,False,False,True,4.0
45,5.9,3.6,1.7,0.0,1.7,2.7,3.7,2.0,2.0,2.1,192.7,17.3,65.0,4.9,4,1,0,False,False,True,False,3.0
72,6.3,2.4,2.6,0.2,1.9,3.5,3.6,1.8,0.7,1.8,89.0,14.4,57.0,3.4,6,0,0,True,False,False,True,3.0
38,4.6,2.2,2.5,0.2,0.8,4.2,4.0,2.1,0.8,0.0,52.6,16.5,47.0,2.2,8,1,1,False,False,False,False,4.0
34,3.7,1.7,1.8,0.6,0.6,2.9,3.4,0.9,0.9,8.2,148.5,25.5,78.0,5.9,5,1,1,True,False,False,True,4.0
51,4.8,2.5,1.9,0.1,1.3,3.4,3.9,1.7,1.1,2.9,122.1,28.5,58.0,5.4,5,0,1,False,False,False,False,3.0
18,9.6,2.1,2.8,1.5,2.2,4.5,3.7,1.0,0.7,1.0,19.0,8.2,48.0,1.0,10,1,1,False,False,True,False,3.0
42,3.2,1.3,1.0,0.7,1.3,2.8,3.0,2.0,1.9,7.0,134.4,18.2,76.0,6.0,4,1,0,False,False,False,True,5.0
58,5.9,1.7,3.2,0.0,2.0,1.0,1.3,2.7,1.9,4.9,59.4,30.3,90.0,8.1,1,0,1,False,False,True,False,4.0
34,4.8,1.2,0.7,1.5,2.2,4.5,3.7,2.0,1.2,1.5,62.3,12.1,62.0,3.0,7,0,1,True,False,False,False,4.0
74,4.3,2.0,1.6,0.6,1.2,0.9,1.7,2.2,3.3,4.5,180.4,20.0,79.0,8.3,1,1,0,False,False,False,True,4.0
38,5.9,2.1,2.2,0.9,1.3,3.5,3.5,1.8,1.5,6.3,174.1,15.3,70.0,4.2,6,1,0,True,False,False,True,4.0
64,5.3,3.5,0.0,0.8,1.5,3.7,3.5,1.5,0.7,0.5,225.6,12.6,53.0,7.2,6,0,1,True,False,True,False,4.0
63,6.8,1.5,3.0,0.9,2.5,4.5,4.0,1.5,1.3,0.8,134.2,7.8,50.0,1.0,9,1,0,False,False,False,False,4.0
65,4.1,1.8,2.0,0.4,1.1,2.9,3.2,1.2,1.8,7.7,164.4,25.4,73.0,4.6,5,0,1,False,False,False,True,5.0
46,10.0,3.1,5.0,0.8,2.5,4.5,3.6,1.4,1.0,2.3,166.5,15.9,58.0,1.2,9,0,1,False,False,False,False,3.0
55,8.7,3.6,3.8,0.5,1.7,2.6,3.2,1.9,2.3,3.9,185.5,32.7,65.0,5.2,4,1,1,True,False,False,True,3.0
50,4.4,2.4,1.5,0.8,0.7,2.6,2.8,2.2,2.2,3.0,158.2,20.1,72.0,6.6,3,1,1,False,False,False,False,4.0
72,5.9,1.8,3.5,0.5,1.4,2.8,3.3,1.8,2.0,4.5,101.5,29.5,77.0,4.9,4,0,1,False,False,False,True,4.0
67,3.7,1.6,2.4,0.4,0.3,2.6,3.3,1.4,1.5,2.6,159.3,12.5,70.0,6.7,4,1,1,True,False,False,True,5.0
48,1.3,0.3,1.8,0.0,0.1,1.0,1.1,2.5,2.8,4.2,138.4,28.0,82.0,10.0,1,0,1,True,False,False,True,4.0
50,3.0,1.2,0.0,0.6,2.0,3.6,4.0,0.7,1.1,0.0,223.6,11.0,64.0,4.4,6,0,0,True,False,False,True,4.0
16,6.4,2.1,0.0,0.7,2.2,4.4,3.9,1.2,1.1,1.3,127.8,9.1,52.0,1.8,9,0,1,True,False,False,True,4.0
29,6.0,1.8,1.5,1.7,1.4,4.4,3.9,1.7,1.2,3.2,110.1,9.5,56.0,2.7,8,0,1,False,True,False,True,4.0
48,4.7,2.6,1.0,0.9,1.4,4.5,3.9,1.3,0.7,0.0,186.8,11.4,55.0,1.0,9,0,0,False,False,False,True,4.0
50,3.4,1.8,1.7,0.2,0.8,3.1,3.6,1.0,1.4,1.6,137.8,18.5,66.0,5.8,5,0,0,False,False,True,False,4.0
20,6.4,1.3,3.0,0.0,1.6,4.1,3.9,2.0,1.9,1.2,130.6,13.0,53.0,1.4,8,1,0,False,True,False,True,3.0
53,7.8,2.3,2.5,0.8,3.4,4.5,4.1,1.0,1.5,0.0,131.7,7.2,49.0,1.0,10,1,1,True,False,False,True,4.0
56,6.4,4.3,0.7,0.2,2.4,4.5,4.2,1.3,1.3,0.0,197.5,15.9,50.0,1.0,9,0,0,False,False,False,True,4.0
65,4.9,1.7,2.5,0.3,1.3,3.6,3.8,1.2,1.5,0.0,101.1,13.2,53.0,5.0,5,0,0,True,False,True,False,5.0
65,2.8,2.1,0.5,0.2,1.2,0.5,1.8,2.3,3.1,2.8,134.8,35.4,75.0,10.0,1,0,0,False,False,False,False,4.0
72,3.6,2.8,0.2,0.4,1.0,2.7,3.2,1.9,1.5,6.5,220.5,30.9,77.0,5.7,4,1,1,True,False,False,True,4.0
68,3.7,1.5,1.9,1.0,0.0,2.0,2.9,2.4,2.4,2.5,105.3,20.3,65.0,6.1,3,1,1,False,False,False,True,4.0
26,4.4,3.1,0.6,0.0,0.9,0.9,1.4,2.4,2.3,4.7,127.7,33.2,81.0,9.9,1,0,1,True,False,False,False,4.0
17,5.4,0.6,0.8,1.4,2.1,4.5,3.8,0.2,0.9,0.7,195.0,12.6,56.0,1.0,10,1,0,True,False,False,False,4.0
59,4.1,1.6,2.6,0.5,0.5,4.2,3.9,1.8,0.9,2.2,114.0,13.8,63.0,2.6,7,0,0,False,False,False,True,5.0
32,4.5,1.7,2.2,0.2,1.1,3.7,4.2,2.4,1.8,1.3,133.6,17.3,59.0,4.0,6,0,0,True,False,False,False,5.0
54,3.9,2.1,1.1,1.1,0.3,0.6,1.6,2.2,3.3,2.5,142.4,14.5,80.0,8.2,1,0,0,False,False,False,True,4.0
35,1.9,0.2,0.0,0.5,2.2,0.8,1.1,2.6,2.8,6.1,122.1,19.9,76.0,8.1,1,1,0,True,False,True,False,5.0
29,3.9,3.2,0.7,0.0,0.1,1.7,2.1,2.5,2.2,4.2,187.2,26.7,78.0,8.2,2,1,1,False,False,False,False,4.0
47,7.1,2.4,3.6,0.0,2.0,4.5,3.6,0.8,0.9,0.0,225.7,7.4,57.0,1.6,10,0,0,True,False,False,True,4.0
49,7.8,3.0,2.6,1.0,2.4,4.5,4.0,1.4,1.6,0.0,178.1,7.6,49.0,1.1,10,1,0,True,False,False,True,3.0
40,7.7,3.5,3.1,1.1,1.1,4.3,3.8,1.2,1.0,0.9,60.5,12.0,55.0,1.0,8,0,0,True,False,False,False,4.0
22,4.8,1.3,1.8,0.4,0.7,4.5,3.9,1.9,1.3,1.7,194.4,13.8,54.0,2.0,9,1,0,True,False,False,False,4.0
50,3.7,0.2,1.1,1.4,1.9,1.9,2.3,2.5,2.6,6.2,212.5,26.9,90.0,7.9,2,0,0,True,False,False,True,5.0
62,7.7,3.0,2.5,0.6,3.0,4.4,3.8,1.8,1.9,0.0,164.3,8.7,47.0,2.2,8,1,1,True,False,True,False,3.0
44,7.6,1.7,2.9,1.4,2.7,4.5,3.9,0.9,0.9,0.0,142.8,9.7,47.0,1.0,10,1,1,True,False,False,True,4.0
37,2.3,1.0,1.0,0.0,1.3,3.1,3.6,1.4,1.5,2.9,126.0,12.9,71.0,4.1,5,0,0,True,False,True,False,4.0
56,2.6,2.5,0.7,0.0,0.5,2.6,3.6,1.5,1.3,1.6,127.7,20.5,58.0,8.4,4,0,0,False,False,True,False,4.0
58,4.3,4.2,0.0,0.3,1.2,3.6,3.3,1.4,1.1,1.1,119.4,25.1,65.0,4.9,6,0,0,False,False,False,True,4.0
28,2.7,1.9,0.7,0.4,0.0,0.7,1.2,3.4,2.8,5.8,113.1,28.2,85.0,8.4,1,1,1,True,False,False,True,5.0
28,6.7,2.9,2.2,1.3,0.8,4.5,3.7,2.1,1.3,0.2,217.2,21.0,52.0,1.3,8,0,0,False,False,True,False,3.0
16,5.9,1.1,0.8,0.8,1.9,4.3,4.0,1.6,0.6,3.0,130.6,14.1,61.0,2.2,7,0,1,False,False,False,True,4.0
69,3.0,0.5,2.5,0.1,1.0,1.0,1.2,2.9,2.9,5.2,118.9,18.8,93.0,10.0,1,1,0,True,False,False,False,5.0
51,6.9,2.8,3.7,0.6,0.8,4.3,4.1,1.9,0.7,1.5,165.5,21.8,56.0,2.7,7,0,0,False,False,False,True,3.0
19,6.1,2.5,1.5,0.3,1.3,4.0,4.1,0.8,0.9,2.3,153.0,11.0,66.0,2.1,7,0,1,True,False,False,True,4.0
52,3.4,1.6,1.5,0.1,1.1,2.3,2.8,1.9,2.2,6.2,94.0,25.4,76.0,7.1,3,0,1,False,False,False,True,4.0
59,7.6,3.5,2.1,0.6,2.2,3.8,3.9,1.1,0.4,0.0,191.2,14.7,50.0,2.6,7,0,0,True,False,True,False,4.0
55,1.0,0.4,0.9,0.5,0.1,0.6,1.5,2.6,2.5,6.7,191.9,40.5,90.0,9.0,1,0,1,False,False,False,True,4.0
68,2.5,0.9,0.8,0.1,1.9,1.0,1.2,3.1,2.8,5.8,144.3,39.8,86.0,8.2,1,1,1,False,False,False,False,5.0
74,2.7,1.5,0.8,0.1,1.4,1.6,2.3,2.7,2.4,8.2,148.0,30.0,81.0,8.3,2,0,1,True,False,False,True,4.0
61,3.4,1.7,0.2,1.1,1.8,1.6,2.2,2.5,2.4,4.3,204.1,35.5,72.0,8.0,2,1,1,True,False,True,False,4.0
28,6.7,3.3,2.5,0.9,0.0,4.5,3.9,1.3,1.4,2.3,186.9,10.2,66.0,2.0,8,0,0,False,True,False,False,3.0
70,5.7,2.0,1.0,1.2,2.3,2.4,3.5,1.0,1.3,7.5,147.4,21.4,76.0,4.6,4,1,1,True,False,True,False,4.0
53,5.4,1.8,2.7,0.4,1.9,3.3,3.7,1.7,1.0,3.0,222.9,29.3,70.0,5.9,5,0,1,False,False,True,False,4.0
39,5.3,0.9,2.1,0.0,3.1,2.2,3.1,2.1,1.7,3.1,71.8,21.1,68.0,6.9,3,1,0,False,False,True,False,3.0
34,4.7,3.0,1.5,0.3,0.6,4.3,3.8,1.7,1.4,1.9,68.1,18.2,61.0,4.1,7,1,0,False,False,False,True,4.0
16,5.6,1.0,2.4,1.2,0.8,4.5,3.8,1.6,0.9,2.5,108.6,10.6,65.0,2.9,8,0,0,False,False,False,True,4.0
53,1.0,0.9,0.5,0.0,0.0,0.7,1.2,2.7,3.1,7.3,162.6,30.0,87.0,8.4,1,1,0,False,False,True,False,5.0
20,4.8,1.6,0.6,1.5,0.6,4.5,4.2,0.7,1.4,0.0,126.2,9.3,47.0,1.0,10,0,1,False,False,False,True,4.0
31,6.8,2.1,2.3,0.0,2.8,3.9,4.1,1.7,1.4,0.5,160.5,8.9,64.0,3.2,7,1,0,True,False,False,True,3.0
73,3.3,1.4,0.0,1.1,1.7,2.5,3.0,2.0,1.8,1.9,121.0,29.3,64.0,8.2,3,1,1,True,False,False,False,5.0
39,3.6,2.6,1.5,0.0,0.7,2.3,3.1,2.6,1.8,5.0,166.8,16.8,74.0,5.8,3,1,1,True,False,False,False,5.0
71,4.9,1.7,2.1,0.2,1.5,3.5,3.6,1.3,2.5,8.1,97.4,22.2,75.0,5.7,5,1,0,False,True,False,True,4.0
42,5.9,2.9,2.9,0.0,1.3,4.5,4.0,2.1,1.6,0.0,129.0,13.6,49.0,1.0,9,1,0,False,False,False,True,4.0
16,8.1,2.5,3.2,1.7,0.0,4.3,3.5,1.9,1.7,1.7,123.0,17.3,59.0,1.0,8,0,0,True,False,False,True,4.0
49,4.6,3.6,1.4,0.9,0.0,4.1,3.6,1.1,0.4,0.6,227.9,15.8,60.0,2.3,7,1,1,False,False,False,True,5.0
51,6.4,1.6,2.3,1.0,2.5,4.2,4.0,2.6,1.0,2.0,78.0,21.2,57.0,1.7,7,0,0,False,False,False,False,4.0
19,6.8,2.8,0.6,0.3,2.1,4.5,4.0,1.6,1.5,0.0,158.3,9.0,52.0,1.0,10,1,1,True,False,False,True,4.0
15,2.2,0.4,1.0,0.0,0.0,3.8,4.0,0.6,1.6,2.2,132.7,15.8,62.0,5.0,6,0,0,False,False,True,False,5.0
54,9.1,4.6,3.0,1.1,1.3,4.5,3.9,0.8,1.5,0.0,61.0,9.4,49.0,1.7,10,0,0,True,False,False,True,3.0
26,5.1,2.7,1.5,0.0,0.7,1.8,2.1,1.7,2.7,2.7,98.9,35.8,76.0,9.6,2,1,1,False,False,False,True,5.0
70,5.4,1.7,1.7,0.5,2.5,2.9,3.4,1.2,1.9,4.9,201.1,27.0,72.0,5.6,4,1,0,True,False,False,True,3.0
50,3.1,1.8,0.4,0.0,1.8,2.1,3.2,1.8,2.3,5.4,164.1,27.0,84.0,8.4,3,1,1,False,False,True,False,4.0
59,4.0,1.8,2.0,0.7,0.3,2.7,3.4,1.9,2.1,6.3,79.9,26.5,73.0,6.9,4,1,1,False,False,True,False,4.0
37,6.6,3.7,2.3,0.0,1.5,3.8,3.4,1.5,1.1,2.7,64.1,22.7,71.0,3.3,6,0,0,True,False,False,True,5.0
61,5.8,2.8,2.3,0.0,1.4,4.5,3.7,1.9,1.6,1.9,207.9,15.9,52.0,1.9,8,0,1,False,True,True,False,4.0
45,2.0,1.6,0.2,0.1,1.4,0.8,1.1,3.1,3.1,4.3,184.2,27.0,79.0,10.0,1,1,0,False,False,True,False,4.0
25,5.5,0.9,2.6,1.0,0.9,4.4,3.6,1.0,1.0,2.3,103.4,10.2,54.0,1.8,8,0,0,True,False,True,False,3.0
24,5.3,3.1,0.4,0.3,1.4,4.5,3.9,1.5,1.1,0.0,219.6,17.1,50.0,1.0,9,0,1,True,False,False,True,4.0
17,7.0,2.8,1.5,1.2,0.5,4.5,4.1,1.6,1.0,2.1,107.5,14.7,59.0,1.0,9,0,0,False,False,False,False,4.0
68,3.6,2.6,0.0,1.5,0.2,4.4,3.7,0.9,0.7,0.0,177.8,10.4,57.0,2.6,8,0,0,True,False,True,False,4.0
28,3.6,1.9,1.3,0.4,0.2,1.8,2.5,3.2,2.6,3.4,46.1,36.0,85.0,8.4,2,1,1,True,False,False,True,4.0
30,2.2,1.7,0.4,0.0,0.4,3.4,3.7,1.7,2.1,8.6,114.4,24.6,80.0,5.1,5,0,1,True,False,False,True,5.0
24,7.5,3.5,1.0,1.2,1.8,4.5,3.9,0.8,0.9,0.0,128.0,11.1,58.0,1.0,10,0,0,True,False,False,True,4.0
43,6.0,3.6,1.6,0.0,1.8,0.7,1.3,2.5,3.1,5.0,89.3,25.9,86.0,7.3,1,0,1,False,False,False,False,3.0
24,8.0,2.6,2.4,0.1,2.9,4.5,3.9,1.7,1.6,3.5,143.7,9.8,54.0,1.1,10,1,1,True,False,False,False,4.0
26,6.6,2.9,2.4,0.0,1.2,2.9,3.7,1.1,1.6,1.5,182.3,19.6,74.0,4.7,5,1,0,True,False,True,False,5.0
44,4.0,2.2,0.0,1.2,2.1,0.4,1.7,3.7,2.5,6.5,169.6,30.4,86.0,9.0,1,1,0,True,False,False,True,4.0
55,4.7,0.8,2.2,0.9,1.4,4.0,4.2,0.5,1.3,2.1,158.6,15.4,65.0,5.3,6,0,1,True,False,True,False,4.0
15,7.1,1.1,1.7,1.6,1.7,4.5,3.5,0.5,0.7,0.0,212.9,9.3,46.0,1.0,10,1,1,False,False,False,True,3.0
19,7.1,3.0,0.9,0.3,2.2,4.5,3.9,0.8,0.7,0.0,127.5,8.5,47.0,1.0,10,0,1,True,False,True,False,4.0
34,5.3,3.1,0.5,0.1,2.0,4.5,3.8,2.0,1.3,0.0,145.9,20.6,51.0,2.0,8,0,0,False,True,False,False,4.0
22,6.7,2.9,1.4,0.3,1.5,4.5,4.1,0.6,1.3,0.0,182.3,9.8,45.0,1.0,10,0,0,False,False,False,True,4.0
57,3.5,2.3,1.8,0.0,0.8,2.9,3.6,1.4,1.2,4.1,163.7,27.4,68.0,5.8,4,1,0,True,False,False,True,4.0
26,8.1,3.0,1.9,1.5,1.7,4.4,4.1,1.7,0.4,1.8,136.5,13.0,55.0,4.1,8,1,0,False,False,False,False,3.0
15,10.0,1.9,1.3,2.6,2.8,4.5,4.0,0.8,1.7,2.9,111.6,16.2,50.0,1.0,9,0,1,True,False,False,True,4.0
71,3.2,2.6,0.0,0.2,1.6,1.4,2.1,2.8,2.5,4.4,196.6,21.3,79.0,7.8,2,0,0,False,False,False,True,4.0
68,3.7,1.8,1.0,1.0,1.0,1.8,2.6,1.8,2.3,2.9,126.0,20.5,77.0,7.9,2,0,0,False,True,True,False,5.0
34,3.4,1.0,0.2,0.5,2.2,3.3,3.5,1.1,1.2,0.0,133.4,10.8,59.0,6.1,5,0,0,True,False,False,True,5.0
42,6.3,2.8,3.8,0.9,0.0,3.9,3.6,1.4,1.3,1.9,163.3,15.5,64.0,2.9,7,0,1,True,False,True,False,4.0
71,5.9,3.1,1.6,1.2,1.0,3.5,3.3,1.4,1.5,3.1,156.7,25.1,67.0,5.7,5,0,1,False,False,False,True,3.0
57,6.2,4.2,2.3,0.0,0.4,4.5,3.9,1.2,1.1,0.0,89.2,9.1,50.0,1.0,9,0,1,True,False,False,False,4.0
51,4.9,2.2,2.2,0.3,1.3,3.3,3.8,2.5,0.6,2.7,176.4,16.9,63.0,5.3,5,0,1,True,False,True,False,4.0
61,5.6,1.1,1.8,1.3,2.6,1.8,2.1,2.5,3.1,5.5,208.6,17.9,80.0,9.9,2,1,1,True,False,False,False,4.0
51,4.1,1.7,1.0,0.9,2.0,3.8,3.9,1.4,1.7,1.2,76.5,10.9,64.0,2.9,6,1,0,True,False,False,True,4.0
26,3.4,1.9,0.9,0.8,0.0,2.8,3.2,1.5,1.8,3.9,93.6,30.4,72.0,5.2,4,0,0,False,False,False,True,4.0
51,2.6,2.1,0.0,0.9,0.8,0.6,1.2,2.8,3.1,4.4,85.8,29.9,85.0,9.5,1,1,0,True,False,False,False,5.0
63,4.0,2.4,1.7,1.0,0.0,0.9,1.0,1.9,3.5,4.6,203.0,38.5,89.0,10.0,1,1,0,True,False,False,False,4.0
63,7.0,2.3,1.8,1.3,2.5,4.3,4.0,1.0,0.9,1.3,151.8,8.4,52.0,3.2,7,0,0,False,False,True,False,4.0
70,5.0,2.7,1.4,1.1,0.8,2.0,2.9,1.0,2.0,4.4,158.0,12.2,65.0,7.3,3,0,1,True,False,True,False,5.0
58,4.7,2.2,1.7,0.6,1.5,0.6,1.3,2.2,2.7,5.6,123.8,29.9,80.0,8.5,1,1,1,True,False,False,True,4.0
70,2.0,0.2,0.2,0.8,1.5,1.1,1.3,3.3,2.2,3.9,147.9,28.3,73.0,8.4,1,1,1,False,False,False,False,5.0
42,4.3,2.2,1.2,0.6,1.6,3.1,3.6,1.2,1.0,7.5,44.5,16.7,70.0,4.8,5,1,1,True,False,False,True,3.0
61,2.6,2.1,0.8,0.2,0.0,2.7,3.4,1.1,1.9,0.8,142.7,19.5,65.0,6.6,4,0,1,False,False,False,True,4.0
29,6.9,2.5,2.2,0.6,1.8,0.8,1.4,2.7,2.8,5.0,139.8,14.7,94.0,6.8,1,1,0,False,False,True,False,3.0
20,5.5,1.7,1.5,0.5,0.9,4.5,4.2,1.3,1.9,0.0,176.2,12.7,48.0,1.4,10,1,1,True,False,False,True,4.0
58,4.3,2.2,0.8,0.0,2.2,2.5,3.2,1.9,1.9,7.1,70.6,20.1,65.0,7.9,4,1,1,False,False,False,False,4.0
73,5.9,2.5,1.3,1.1,1.6,2.7,3.2,1.9,2.5,5.1,137.8,27.1,71.0,6.7,4,1,0,True,False,True,False,5.0
34,4.6,1.9,0.4,1.2,2.0,2.6,3.8,2.2,1.0,4.0,31.4,31.6,77.0,4.6,4,1,1,True,False,False,False,4.0
64,4.2,2.6,1.1,0.9,0.7,2.7,3.0,2.0,1.8,3.4,120.5,12.2,80.0,5.8,3,1,1,False,False,False,True,5.0
28,5.6,2.1,2.1,1.1,0.3,3.2,3.7,1.0,1.5,3.4,122.9,24.8,67.0,5.4,5,1,1,False,False,True,False,3.0
16,5.8,2.1,0.0,0.5,2.3,3.9,3.7,1.9,1.5,3.3,101.9,22.1,59.0,4.1,7,1,1,True,False,True,False,3.0
23,4.5,0.2,1.4,0.3,2.0,4.5,3.7,1.3,0.9,0.4,216.6,16.3,57.0,1.4,9,0,0,False,False,False,True,5.0
51,3.9,1.0,0.7,1.2,1.6,1.6,2.2,2.1,2.7,6.7,158.5,36.9,92.0,7.5,2,0,1,False,False,False,False,5.0
34,1.3,1.0,0.0,0.0,1.6,0.9,1.2,1.9,3.2,4.3,129.2,18.9,72.0,8.9,1,0,0,False,True,False,True,5.0
40,6.6,2.2,3.6,0.0,1.8,4.3,3.9,2.0,1.6,3.1,93.4,9.5,56.0,3.9,7,1,0,False,False,False,True,3.0
43,6.6,3.1,2.9,0.9,0.1,4.0,4.3,1.2,1.9,0.6,134.4,8.1,56.0,1.0,7,1,1,True,False,False,False,5.0
15,7.0,1.9,0.8,0.9,2.5,4.5,4.1,1.0,0.5,0.0,113.3,10.7,46.0,1.0,10,1,0,True,False,True,False,4.0
69,5.7,2.8,1.2,1.2,1.2,4.4,3.8,1.1,0.9,2.6,141.2,15.9,59.0,1.1,9,0,1,False,False,False,False,4.0
49,3.1,2.6,0.0,0.0,1.3,2.6,3.3,2.2,2.6,5.8,245.1,26.8,68.0,4.8,4,0,0,True,False,False,False,4.0
20,3.9,2.1,0.0,0.5,1.0,2.7,3.2,2.0,1.4,5.7,127.3,27.6,66.0,7.2,4,1,1,False,False,True,False,4.0
51,1.9,2.5,0.3,0.0,0.0,1.2,0.9,2.8,2.5,5.5,76.4,21.8,81.0,8.6,1,0,1,True,False,False,True,5.0
67,5.9,2.2,1.5,1.1,2.0,4.1,3.9,1.8,1.1,0.0,142.9,22.4,56.0,3.6,7,0,0,True,False,True,False,4.0
73,4.9,1.9,1.4,1.4,0.4,1.6,2.1,1.8,3.1,2.7,136.8,35.1,81.0,8.0,2,0,1,True,False,True,False,5.0
19,6.8,2.4,1.9,0.9,1.5,4.4,4.0,1.7,0.7,3.0,107.9,9.3,62.0,2.1,7,0,1,False,True,False,False,4.0
47,5.0,3.3,2.2,0.3,0.6,4.1,3.8,1.4,0.6,1.2,196.0,21.6,63.0,3.8,7,1,1,True,False,True,False,3.0
63,4.4,2.4,1.8,0.2,1.1,3.5,3.8,1.6,1.0,1.6,112.9,23.8,77.0,5.7,6,1,1,False,False,False,True,5.0
65,2.8,2.2,0.3,0.4,1.0,1.5,2.2,2.4,2.9,6.9,80.6,25.8,86.0,6.6,2,1,1,True,False,False,True,5.0
28,3.5,1.2,1.9,0.1,0.6,3.9,4.0,1.1,1.2,0.0,73.4,19.1,64.0,3.0,7,0,0,True,False,True,False,5.0
26,7.1,3.3,2.2,0.5,1.2,4.5,4.3,0.8,0.1,0.0,45.2,6.9,51.0,1.0,10,0,0,True,False,False,True,4.0
56,1.9,0.7,1.0,0.1,0.9,2.3,2.8,1.4,2.1,7.1,233.7,32.3,81.0,6.8,3,1,1,False,False,False,False,5.0
34,1.0,0.5,0.0,0.0,0.4,0.8,1.3,3.0,2.6,3.5,73.9,37.0,79.0,9.2,1,1,1,True,False,False,True,4.0
67,7.4,2.3,2.8,0.8,2.6,3.5,3.9,1.6,1.7,3.2,139.5,27.9,70.0,5.0,5,0,1,True,False,False,True,4.0
64,3.5,1.2,1.6,0.9,0.6,2.9,3.8,1.4,1.8,2.5,142.7,11.5,72.0,5.1,4,1,1,True,False,False,True,5.0
38,5.8,3.0,0.0,1.6,2.0,3.5,3.8,1.2,1.5,3.0,122.4,26.8,65.0,5.3,5,0,1,True,False,False,False,3.0
73,5.6,0.5,3.8,0.3,2.1,2.5,3.0,1.2,2.1,6.7,200.5,14.6,76.0,7.6,3,1,1,False,True,False,True,4.0
57,4.8,2.9,1.0,0.0,2.3,3.9,3.9,1.5,0.8,1.7,127.2,13.1,69.0,2.8,6,0,0,False,False,False,True,3.0
48,8.1,2.7,4.2,1.1,0.9,4.5,3.8,0.6,1.2,0.0,142.1,5.5,49.0,1.0,10,1,1,True,False,True,False,4.0
39,5.2,2.1,1.9,1.2,1.2,4.1,3.6,2.3,0.8,0.0,194.1,10.2,58.0,3.8,7,0,1,False,False,False,True,5.0
64,3.3,0.2,1.3,1.3,1.2,3.5,3.6,1.5,1.5,1.6,87.5,22.3,70.0,6.2,5,0,0,False,False,False,True,4.0
43,4.6,0.4,1.7,1.5,1.9,3.1,3.4,2.2,2.5,3.0,133.5,14.7,77.0,5.8,4,0,0,True,False,False,True,5.0
71,4.6,2.2,0.7,1.5,1.2,1.7,2.3,2.4,2.2,2.6,219.9,34.4,72.0,5.9,2,0,1,False,False,True,False,3.0
53,4.4,1.8,1.6,0.0,1.9,4.1,3.8,2.0,1.2,3.2,126.8,14.8,58.0,3.5,6,1,1,False,False,False,False,4.0
45,7.5,2.7,3.7,1.5,1.1,4.5,4.0,0.5,1.1,0.0,149.6,9.5,46.0,2.2,10,0,0,True,False,False,False,4.0
70,4.7,1.9,0.5,0.4,2.5,1.7,2.6,2.7,2.1,4.0,175.0,35.3,71.0,6.4,2,1,1,True,False,True,False,4.0
61,5.4,1.9,2.1,1.1,1.4,2.5,3.5,1.5,2.1,4.4,266.1,19.8,78.0,4.7,4,0,1,False,True,False,False,4.0
57,2.0,0.2,0.7,0.8,1.3,2.3,2.7,2.6,2.2,7.2,69.0,24.7,71.0,6.8,3,1,1,False,False,True,False,5.0
64,4.6,2.7,1.3,0.0,1.7,2.4,2.9,1.8,2.5,2.6,93.5,12.8,75.0,6.2,3,0,0,True,False,True,False,5.0
37,8.4,1.4,3.7,1.3,3.0,4.0,3.7,1.3,0.3,3.5,179.1,15.6,62.0,3.2,6,0,1,True,False,False,True,3.0
58,4.2,1.6,2.1,0.3,0.8,1.1,2.7,2.6,2.8,4.6,80.2,22.7,78.0,7.0,2,1,1,True,False,True,False,4.0
52,6.3,1.0,2.3,1.7,2.4,3.4,3.7,1.3,1.3,1.5,139.6,23.8,65.0,3.1,6,0,1,False,False,False,True,3.0
34,1.9,0.6,1.6,0.1,0.6,0.8,1.4,3.0,2.9,5.3,138.5,16.8,87.0,8.4,1,0,0,False,False,False,True,5.0
37,8.4,3.3,4.5,0.0,1.4,4.0,3.6,1.8,1.0,2.1,130.6,8.7,47.0,2.6,8,0,1,False,True,False,True,3.0
59,3.1,2.7,0.5,0.2,0.6,3.3,3.5,2.5,1.1,1.3,190.3,24.5,74.0,7.8,5,0,0,True,False,True,False,5.0
66,4.6,2.7,0.0,1.5,1.0,3.1,3.5,2.2,1.9,7.7,140.9,27.6,71.0,6.6,4,0,1,False,False,True,False,3.0
30,5.0,1.8,3.4,0.0,0.7,4.5,4.1,1.0,0.9,0.0,204.7,10.2,41.0,1.0,10,0,0,False,False,False,True,4.0
64,3.6,0.4,1.1,1.1,2.1,1.0,1.6,2.4,2.7,4.9,115.9,23.7,85.0,10.0,1,1,0,True,False,False,True,5.0
56,7.1,3.9,2.0,1.7,0.9,3.7,3.9,1.8,1.3,6.9,135.7,19.5,59.0,4.4,6,1,0,True,False,False,True,4.0
74,7.5,2.4,3.4,0.5,1.9,2.6,3.6,1.6,1.7,3.5,81.1,26.5,77.0,7.4,4,0,0,False,True,False,True,4.0
69,4.1,2.1,2.0,0.4,0.9,3.0,3.6,2.2,1.2,2.5,185.9,12.8,58.0,5.4,5,1,0,False,False,False,False,4.0
22,8.3,1.7,4.0,0.6,1.4,4.5,4.0,1.6,1.4,2.6,94.8,13.6,54.0,1.0,8,0,0,False,False,False,True,3.0
64,3.4,0.2,1.6,0.0,2.9,2.4,3.1,1.6,1.7,1.2,126.8,29.6,70.0,7.8,3,0,1,False,False,False,False,5.0
35,5.5,3.0,0.7,2.2,0.7,3.3,3.8,1.5,1.0,9.6,134.1,15.2,82.0,4.7,5,1,1,True,False,True,False,4.0
15,3.5,1.0,0.0,1.0,0.7,4.5,3.9,1.4,0.4,0.0,82.2,12.2,55.0,1.0,9,0,0,False,False,True,False,4.0
69,4.5,2.5,1.8,0.0,1.2,2.6,3.0,2.1,1.2,6.5,237.8,22.0,75.0,5.9,3,0,1,False,False,False,True,5.0
22,5.3,2.7,0.0,0.1,1.4,4.5,4.0,1.2,1.0,1.2,213.1,6.0,56.0,1.0,10,1,0,False,False,True,False,4.0
43,5.5,2.3,1.9,0.7,2.0,1.4,2.5,2.0,2.3,4.0,111.9,33.7,71.0,7.2,2,0,1,False,True,False,False,4.0
46,5.6,2.4,3.1,0.0,1.4,4.2,4.0,1.6,0.0,1.6,140.9,8.3,55.0,1.2,8,0,1,False,False,False,True,4.0
52,5.4,3.2,1.5,0.0,1.6,2.9,3.2,1.3,1.8,4.3,168.8,23.0,73.0,7.1,4,0,1,True,False,False,True,4.0
19,4.7,1.3,1.7,0.8,0.2,3.8,4.0,0.5,1.4,1.2,155.2,8.6,62.0,1.7,7,0,1,False,False,False,False,4.0
61,6.2,2.1,2.5,1.2,1.7,4.5,4.3,1.1,0.8,3.0,138.7,9.6,61.0,2.3,9,0,1,True,False,False,False,4.0
36,5.7,1.8,2.2,1.1,1.7,4.3,3.6,1.3,1.0,1.8,196.8,8.1,59.0,4.7,7,1,1,True,False,False,True,4.0
61,4.4,0.3,2.8,0.6,2.1,3.1,4.0,2.1,1.6,1.6,132.5,29.2,60.0,6.1,5,0,1,True,False,False,True,5.0
48,4.2,2.3,1.5,0.4,1.1,1.6,2.3,2.5,2.2,3.9,212.3,21.7,77.0,7.2,2,0,1,True,False,True,False,5.0
15,5.9,3.1,0.0,0.6,1.4,4.5,3.8,0.9,1.1,0.0,179.8,14.8,42.0,1.0,10,0,0,False,False,False,True,4.0
69,8.4,3.2,2.8,1.2,2.1,4.5,3.9,0.9,1.3,0.0,124.1,9.8,46.0,1.0,10,0,0,False,False,True,False,3.0
69,4.4,3.7,1.2,0.0,0.3,1.8,2.3,2.6,2.4,3.8,112.6,36.6,78.0,6.7,2,1,1,False,False,False,True,5.0
40,1.0,0.4,0.5,0.1,0.0,1.6,2.3,3.2,2.5,8.1,122.0,17.9,94.0,8.1,2,1,0,False,False,False,False,5.0
57,5.1,3.5,1.9,0.4,0.3,0.9,1.3,2.2,2.8,5.0,103.1,15.3,87.0,7.2,1,0,0,True,False,False,False,4.0
24,5.0,2.2,1.7,0.5,0.8,4.5,3.6,0.0,1.3,1.8,78.9,6.8,60.0,1.0,10,0,0,False,False,False,True,4.0
44,6.2,3.4,0.7,0.6,2.5,3.3,3.7,1.3,0.8,4.2,165.8,22.1,73.0,5.0,5,1,0,True,False,False,False,4.0
64,5.1,1.6,0.1,0.6,3.4,2.9,3.7,1.6,1.8,8.3,127.5,32.2,79.0,6.1,4,1,1,True,False,False,True,4.0
32,4.3,1.5,2.0,1.0,0.5,0.7,1.0,2.7,2.9,3.1,197.3,15.1,82.0,10.0,1,0,1,False,False,True,False,5.0
31,2.4,0.9,0.6,0.0,1.3,1.5,2.4,3.1,2.5,2.6,110.0,30.0,75.0,7.2,2,0,0,True,False,True,False,5.0
40,4.4,2.7,1.6,0.0,0.9,1.8,2.1,2.7,3.0,4.6,159.0,15.7,76.0,8.1,2,0,1,True,False,False,True,4.0
22,7.3,2.5,1.9,0.2,1.9,4.3,3.6,1.7,0.7,2.9,160.2,16.6,60.0,2.9,7,1,0,False,False,False,True,4.0
61,5.6,1.0,2.6,1.1,1.7,4.5,4.1,1.9,1.0,2.1,80.0,16.1,65.0,4.5,8,0,0,False,False,False,True,4.0
54,3.8,0.2,3.8,0.2,0.5,2.9,3.8,1.4,2.4,2.6,118.5,23.3,68.0,3.3,4,0,0,True,False,False,True,5.0
63,4.4,2.4,1.8,0.6,0.8,3.4,3.8,0.8,1.5,2.0,111.5,18.8,66.0,3.3,6,0,0,False,True,False,True,4.0
26,5.8,2.5,1.0,0.7,1.3,4.5,4.1,0.5,0.8,0.0,226.7,13.2,39.0,1.1,10,0,0,False,False,False,True,3.0
41,7.2,1.1,3.3,0.8,2.6,4.5,3.5,0.9,1.0,0.0,136.1,9.5,45.0,1.0,10,1,0,False,False,False,True,3.0
22,6.5,0.9,2.7,1.5,0.7,4.5,3.8,1.8,0.8,0.0,158.5,5.6,48.0,1.4,10,0,0,True,False,False,True,4.0
39,4.3,2.6,1.7,1.0,0.0,3.8,3.6,1.6,0.7,1.3,69.8,16.2,60.0,3.0,7,0,0,False,False,True,False,4.0
60,8.0,3.7,1.8,1.2,2.7,4.5,4.1,1.9,0.6,1.7,191.1,14.0,57.0,1.8,8,0,1,False,False,False,True,3.0
18,6.0,1.6,1.5,0.5,1.9,4.3,4.2,2.3,1.0,2.3,165.3,18.6,55.0,1.0,8,0,0,False,False,False,True,4.0
47,3.4,1.2,1.7,1.5,0.2,3.3,3.6,2.1,1.4,0.0,11.6,31.7,70.0,6.3,4,0,1,False,False,False,False,4.0
15,6.7,2.3,1.4,0.6,1.7,4.5,4.0,1.9,1.5,3.5,163.6,19.8,55.0,2.4,8,1,1,True,False,False,True,4.0
33,4.4,2.6,0.4,0.0,2.2,2.7,3.1,1.9,1.7,6.8,169.9,30.0,73.0,4.0,4,0,0,True,False,True,False,4.0
45,5.6,1.7,1.5,2.1,1.5,1.6,2.1,2.1,2.3,4.8,170.1,24.1,76.0,8.0,2,1,1,True,False,True,False,4.0
30,10.0,3.8,3.4,0.6,2.8,4.5,4.5,1.2,1.3,0.0,166.0,7.0,44.0,1.0,10,0,0,True,False,False,False,3.0
28,6.1,2.8,0.6,0.9,2.0,3.7,3.5,1.9,1.2,2.7,61.8,12.1,61.0,3.8,6,0,0,False,False,True,False,4.0
67,3.3,1.7,1.2,0.0,1.7,4.3,3.6,0.7,1.3,3.0,143.3,20.4,56.0,4.3,7,0,0,True,False,False,True,4.0
62,3.4,0.6,0.5,1.9,1.6,3.4,3.6,1.6,1.4,1.8,128.0,29.1,69.0,5.0,5,0,0,False,True,True,False,4.0
19,8.4,3.2,2.8,0.1,1.5,4.5,4.2,0.7,0.8,0.0,128.5,12.6,41.0,1.0,10,1,1,False,False,True,False,3.0
55,7.1,3.1,2.4,0.4,2.3,4.5,4.3,0.9,0.7,0.0,159.5,15.5,53.0,1.3,9,1,0,True,False,False,True,3.0
40,2.1,1.7,0.1,0.0,1.3,2.1,3.1,2.2,1.2,3.4,141.7,35.1,80.0,4.2,3,1,0,True,False,False,False,5.0
42,4.3,2.3,0.0,0.8,2.3,0.8,1.3,2.5,2.9,5.7,234.4,40.2,76.0,8.6,1,1,1,False,False,False,True,4.0
16,7.9,1.9,2.5,0.4,1.7,4.5,4.0,1.5,0.5,1.1,109.7,6.2,50.0,1.0,10,0,1,False,True,False,True,3.0
64,3.2,2.5,0.0,0.0,1.5,2.0,2.9,2.2,1.8,4.6,183.2,32.8,76.0,5.9,3,1,0,True,False,False,True,4.0
20,5.7,1.1,2.4,0.6,1.1,4.5,4.0,0.8,1.2,2.1,184.8,16.8,49.0,1.0,9,0,0,True,False,False,False,4.0
23,3.5,0.9,0.8,0.7,1.1,4.3,3.9,2.2,0.4,0.1,249.6,8.5,55.0,1.1,8,1,1,False,False,False,True,5.0
47,6.1,2.7,2.3,0.5,1.7,4.1,4.3,1.2,1.2,1.0,49.6,22.1,61.0,4.2,7,0,1,False,False,False,True,4.0
55,5.9,2.8,2.0,0.0,2.4,4.4,3.6,2.6,0.7,0.1,201.6,16.9,58.0,1.5,8,0,1,True,False,False,True,3.0
39,3.8,1.6,0.9,0.8,1.9,2.5,2.7,2.2,2.3,5.5,74.9,29.3,70.0,6.8,3,1,1,False,False,False,True,3.0
62,1.7,1.3,0.5,0.0,0.7,3.0,3.4,1.4,1.8,2.2,152.6,32.2,74.0,6.2,4,1,0,True,False,True,False,4.0
27,6.2,3.0,2.1,1.1,0.0,4.2,3.7,1.9,0.7,1.9,141.0,12.3,53.0,2.6,8,0,1,True,False,False,True,3.0
23,5.3,1.4,0.7,0.3,2.1,4.5,4.2,1.7,1.6,4.0,193.0,17.5,50.0,2.9,8,1,0,True,False,False,False,4.0
67,8.9,2.0,2.7,1.2,4.0,4.5,4.1,0.4,1.8,0.0,244.3,12.3,59.0,1.0,10,1,0,True,False,True,False,3.0
27,4.1,1.9,0.6,0.6,1.1,3.9,4.0,1.3,0.9,0.0,97.4,22.8,70.0,1.9,6,1,0,True,False,False,False,4.0
45,2.8,0.7,1.9,0.6,0.9,2.8,3.2,2.3,1.8,7.1,114.2,22.3,74.0,6.9,4,0,0,False,False,True,False,4.0
55,5.7,2.2,1.1,1.4,2.2,4.3,3.5,1.9,1.2,0.0,185.1,16.4,58.0,4.0,7,1,1,True,False,False,False,4.0
25,4.0,2.1,1.5,0.1,0.5,4.5,4.0,0.8,1.7,0.0,103.5,16.4,61.0,3.3,9,0,0,True,False,False,True,5.0
18,7.0,2.3,0.7,0.0,2.9,4.2,4.0,2.1,0.4,2.9,123.6,11.5,57.0,3.0,7,1,1,True,False,False,True,4.0
48,4.8,2.1,1.3,0.9,1.8,3.5,3.9,1.7,1.7,2.9,143.6,22.3,73.0,5.1,5,0,0,False,True,False,True,5.0
52,4.4,3.9,0.0,0.0,1.4,3.6,3.8,0.8,0.9,2.6,56.6,18.3,70.0,4.6,6,0,0,True,False,True,False,4.0
60,3.2,3.0,0.6,0.1,0.6,2.2,3.1,2.6,1.9,3.9,92.8,22.0,83.0,9.5,3,0,1,True,False,False,False,4.0
18,6.1,2.0,0.9,0.0,2.3,4.5,4.2,1.4,1.2,0.0,126.3,13.9,48.0,1.0,10,0,1,False,False,False,False,4.0
52,4.8,2.1,1.4,1.3,1.0,4.5,3.9,1.4,1.3,1.1,131.3,7.6,47.0,1.9,8,0,1,False,True,False,True,5.0
33,7.5,3.6,2.9,0.0,2.1,4.5,3.9,1.0,1.5,0.4,190.2,8.6,55.0,1.0,10,1,1,True,False,False,False,3.0
20,6.1,2.8,0.7,0.2,1.8,4.5,3.7,2.1,0.7,2.4,142.3,14.7,52.0,1.0,9,0,1,False,False,False,True,4.0
48,6.0,0.9,3.1,0.0,2.7,3.8,3.9,1.3,1.3,0.6,172.5,15.2,50.0,4.0,7,0,0,False,False,True,False,4.0
32,4.7,2.9,0.6,0.4,1.6,2.9,3.2,2.3,2.1,4.3,111.8,28.4,70.0,5.6,4,1,0,False,False,False,True,5.0
27,8.2,3.1,0.3,0.5,4.0,4.5,4.2,1.8,0.7,0.5,134.1,11.9,35.0,1.0,9,0,0,True,False,False,False,3.0
55,5.8,3.5,0.0,1.1,2.0,4.5,4.0,1.2,0.8,0.0,198.3,9.1,53.0,2.0,8,0,1,False,False,True,False,3.0
37,4.3,1.6,2.2,0.0,1.5,1.6,2.1,1.9,2.3,6.1,102.3,29.6,79.0,9.8,2,1,1,True,False,True,False,4.0
33,3.5,1.6,1.6,0.2,1.0,4.3,3.8,1.0,0.7,0.0,76.7,10.0,52.0,1.0,9,0,1,False,False,False,False,5.0
59,6.2,1.2,2.1,1.5,2.3,4.5,3.9,1.2,0.9,0.8,168.9,9.2,53.0,3.2,8,0,0,False,False,False,True,2.0
25,6.2,2.3,1.6,1.2,1.0,4.5,3.7,0.6,1.1,0.0,145.6,11.1,43.0,1.0,10,0,0,True,False,True,False,4.0
15,6.3,2.7,1.5,0.2,0.6,4.5,4.0,1.9,1.2,2.0,130.6,18.8,55.0,2.7,8,0,0,False,False,False,True,3.0
38,3.5,1.5,1.8,0.6,0.9,0.9,1.2,2.9,3.1,3.5,152.8,26.2,77.0,10.0,1,1,1,True,False,False,True,4.0
68,7.9,1.9,3.9,1.8,1.2,4.0,3.7,1.8,0.9,2.7,187.0,14.4,70.0,4.9,6,0,1,False,False,False,True,3.0
21,5.4,0.2,1.0,0.0,3.6,4.5,4.3,1.5,0.9,1.5,72.3,20.4,51.0,1.2,8,0,0,True,False,True,False,3.0
39,8.0,3.4,3.8,0.0,1.7,4.5,3.9,2.0,1.4,0.0,77.8,11.9,31.0,1.0,10,0,0,True,False,False,True,3.0
35,3.2,0.6,2.4,0.3,0.7,1.5,2.6,3.1,3.3,3.4,129.8,22.9,90.0,8.8,2,0,0,True,False,False,True,5.0
29,6.7,2.3,1.9,0.5,2.5,4.5,4.2,1.0,1.1,0.0,114.3,8.0,57.0,1.0,10,0,0,False,False,False,True,5.0
15,6.8,2.2,2.1,0.1,1.6,4.5,4.2,1.9,1.2,2.7,185.9,9.0,63.0,1.1,8,0,0,True,False,True,False,4.0
26,6.1,2.0,0.0,1.2,2.7,4.5,3.7,1.7,1.1,2.8,174.3,13.5,62.0,2.7,8,0,0,True,False,True,False,4.0
72,6.5,2.1,1.2,0.7,3.3,3.0,3.6,1.6,1.3,1.9,109.4,16.7,65.0,4.3,5,0,0,True,False,False,False,3.0
21,2.7,1.1,0.8,0.2,0.0,2.8,3.6,2.0,1.5,3.6,109.7,32.9,66.0,6.2,4,1,0,False,False,False,True,4.0
29,5.9,1.7,3.8,0.3,0.0,2.8,3.4,1.7,2.0,4.4,172.1,20.2,78.0,6.9,4,1,1,False,False,False,False,5.0
35,6.5,2.9,1.1,0.2,3.4,2.5,3.3,1.4,2.7,4.0,141.2,14.7,64.0,4.7,4,0,1,True,False,False,True,4.0
33,5.5,3.1,1.5,1.1,0.7,4.2,4.1,1.8,1.5,1.4,97.4,12.5,55.0,2.8,7,0,0,True,False,False,True,4.0
74,2.4,1.6,1.4,0.3,0.0,1.0,1.2,2.4,2.7,6.5,183.2,14.1,79.0,8.3,1,1,0,True,False,False,True,5.0
43,1.0,0.6,0.1,0.0,0.9,0.8,1.5,2.5,2.6,4.6,124.3,29.7,74.0,9.2,1,1,1,True,False,False,True,5.0
39,2.7,1.3,0.9,1.2,0.4,1.7,2.4,1.9,2.6,5.2,195.9,36.2,79.0,8.4,2,1,0,True,False,False,True,5.0
47,6.2,3.7,2.4,0.4,0.6,3.4,3.6,1.6,1.5,4.4,101.9,21.8,64.0,5.1,5,0,1,False,False,False,True,4.0
63,2.9,1.4,0.0,0.0,2.3,3.7,3.2,1.6,1.1,10.3,139.1,10.5,81.0,5.1,6,1,0,True,False,True,False,4.0
46,5.4,1.9,1.8,1.6,1.0,4.4,3.9,1.7,0.7,0.0,175.9,17.9,56.0,2.3,8,1,1,True,False,False,True,4.0
63,3.8,3.3,0.5,1.0,0.0,1.6,2.5,2.3,2.6,4.0,137.4,17.4,76.0,7.9,2,0,0,True,False,True,False,5.0
49,5.9,1.5,2.9,0.6,1.4,4.2,3.7,1.8,1.8,1.1,62.5,12.4,55.0,3.2,7,1,0,False,True,False,True,4.0
58,4.0,1.9,1.9,0.5,0.5,3.4,3.3,1.6,1.6,1.9,156.4,14.0,72.0,5.4,5,1,0,False,False,False,True,3.0
52,3.2,2.7,0.0,0.4,1.2,1.8,2.4,2.3,2.0,4.9,189.4,37.6,73.0,10.0,2,0,1,False,False,False,False,4.0
40,5.4,3.5,1.0,0.4,1.2,3.8,3.6,2.0,1.0,2.1,123.0,18.1,53.0,4.4,6,0,1,True,False,True,False,3.0
25,6.2,1.4,2.0,0.4,2.2,4.5,3.7,0.2,2.0,1.1,143.2,12.4,54.0,1.0,10,0,1,True,False,False,True,5.0
49,4.8,3.3,1.2,0.2,0.9,4.5,4.2,1.7,0.7,0.0,186.7,15.6,52.0,1.0,9,1,0,True,False,True,False,4.0
22,6.7,1.7,1.7,0.5,2.1,4.2,3.9,1.7,1.5,2.2,176.2,14.3,60.0,1.2,8,0,0,True,False,False,False,4.0
60,1.9,1.2,1.5,0.2,0.0,2.9,3.5,2.0,1.4,8.2,159.7,25.5,71.0,5.4,4,0,0,False,False,False,False,4.0
28,7.4,2.2,2.5,0.7,2.3,4.5,3.8,0.7,0.9,0.3,109.6,7.9,44.0,1.0,10,0,0,False,False,False,False,3.0
24,6.7,1.0,2.0,0.6,2.7,4.5,3.9,0.6,1.6,0.0,187.1,14.8,41.0,1.0,10,0,1,False,False,True,False,4.0
16,6.0,2.4,1.4,0.2,1.2,4.5,4.1,0.7,1.3,0.1,210.8,6.6,54.0,1.0,10,0,1,False,False,False,True,4.0
60,6.5,4.8,1.5,0.5,0.6,4.5,3.9,1.6,1.1,1.8,117.1,6.8,49.0,2.6,9,0,0,True,False,True,False,4.0
23,5.1,3.0,0.3,0.9,0.3,3.2,3.2,1.6,1.2,4.8,162.3,16.8,69.0,3.5,5,1,1,False,False,True,False,4.0
17,6.8,1.9,3.1,0.0,1.4,4.5,3.9,0.5,1.6,0.2,222.7,14.5,49.0,1.0,10,0,0,True,False,False,False,3.0
35,10.0,2.9,4.8,0.9,2.6,4.5,4.0,0.8,0.9,0.0,89.4,9.8,47.0,1.0,10,0,1,True,False,True,False,2.0
40,3.0,1.2,1.1,0.0,1.0,2.3,3.1,2.1,1.6,4.7,90.8,13.7,69.0,7.2,3,1,1,False,False,False,True,4.0
22,6.2,1.3,1.6,0.3,2.5,4.5,4.0,1.3,1.3,0.0,180.2,11.9,56.0,1.0,10,0,0,True,False,False,True,4.0
62,3.9,1.9,2.6,0.0,0.2,2.5,2.9,1.5,1.8,4.3,152.2,35.8,77.0,7.4,3,0,1,True,False,False,True,5.0
16,7.7,2.1,2.6,0.9,1.0,4.5,3.8,0.8,1.0,0.0,98.3,5.0,47.0,1.0,10,1,0,True,False,True,False,3.0
20,4.4,0.8,1.7,0.2,1.4,4.5,4.1,1.8,1.6,2.7,174.0,13.7,53.0,2.9,8,0,0,False,False,False,True,4.0
42,3.1,1.7,0.4,0.3,1.6,3.0,3.6,1.2,1.1,4.0,138.4,28.5,74.0,7.3,4,1,0,False,False,False,True,4.0
67,6.0,1.9,3.5,0.7,1.1,3.6,3.5,1.1,1.2,1.1,209.0,17.1,57.0,4.4,6,0,1,True,False,True,False,3.0
43,7.2,3.4,2.2,0.0,2.6,3.6,3.9,1.4,1.4,2.5,95.4,15.1,64.0,4.8,6,1,0,False,False,True,False,4.0
40,4.4,0.8,1.7,0.6,2.7,0.7,1.0,2.1,2.7,5.2,109.8,19.8,78.0,7.6,1,0,1,True,False,False,False,5.0
39,2.8,0.8,0.7,1.0,1.2,2.8,3.6,1.5,1.2,5.8,175.0,13.9,69.0,6.6,4,1,0,True,False,True,False,5.0
26,5.4,2.2,1.6,0.7,0.9,4.0,3.9,1.4,0.8,1.2,164.2,9.6,54.0,2.9,7,0,0,False,False,False,True,5.0
19,5.3,3.0,0.0,0.4,0.8,4.5,4.2,1.1,1.5,1.7,122.3,12.7,53.0,1.0,10,1,0,False,False,False,True,4.0
48,6.5,2.5,2.3,0.6,2.4,3.0,3.7,1.5,1.6,5.1,129.1,16.3,70.0,5.1,5,0,0,False,True,False,False,3.0
62,5.4,2.3,2.6,0.6,0.7,3.5,3.3,2.0,1.1,6.4,129.5,19.1,82.0,6.3,5,1,1,True,False,True,False,4.0
51,3.7,1.7,1.8,1.1,0.0,2.8,3.4,1.9,2.5,3.7,149.3,29.6,75.0,5.9,4,0,1,False,False,False,True,3.0
29,4.0,2.6,0.4,1.4,0.1,2.6,3.6,2.2,1.8,3.3,19.1,19.8,69.0,5.2,4,0,1,False,False,False,True,5.0
58,5.8,2.7,2.0,0.4,2.1,4.5,4.2,0.7,1.6,0.0,199.5,5.7,52.0,1.0,10,0,0,False,False,False,True,4.0
50,3.8,1.8,2.4,0.7,0.0,2.9,3.1,2.3,1.5,2.9,161.8,20.2,71.0,6.6,4,0,0,True,False,True,False,4.0
29,2.8,1.1,0.7,0.2,1.0,1.9,2.9,1.6,2.8,5.5,121.9,25.7,67.0,7.1,3,1,1,False,False,False,True,4.0
57,4.8,1.2,2.5,0.9,1.5,2.8,3.6,0.8,1.4,3.4,105.9,11.3,72.0,5.2,4,1,0,False,False,False,True,4.0
62,4.6,2.8,2.1,0.9,0.0,2.5,3.0,1.9,2.5,5.8,103.1,25.9,78.0,6.7,3,1,1,True,False,False,False,4.0
37,3.1,0.6,1.2,0.5,1.6,1.4,2.5,3.1,1.6,7.0,186.4,16.9,84.0,9.7,2,1,1,True,False,False,False,5.0
20,6.9,3.5,0.9,0.9,1.1,4.5,4.0,1.2,1.7,0.7,162.3,6.1,49.0,1.0,10,0,0,True,False,False,False,4.0
60,2.6,1.6,1.3,0.6,0.0,3.2,3.4,1.2,1.6,0.0,165.6,24.2,66.0,4.5,5,0,0,False,False,True,False,5.0
64,4.2,2.3,0.4,0.6,1.6,1.8,2.4,1.9,2.3,3.3,132.7,16.8,72.0,7.6,2,1,1,False,False,False,True,4.0
58,5.1,2.6,1.8,0.1,1.8,3.5,3.9,0.6,1.3,3.5,162.7,12.0,73.0,3.8,5,0,1,False,False,False,True,4.0
73,4.5,1.4,2.1,0.7,1.6,2.2,2.9,2.0,2.1,5.2,171.2,22.9,66.0,6.2,3,1,0,False,False,True,False,3.0
57,5.8,1.6,2.8,0.3,1.9,2.6,3.4,1.4,1.0,3.8,202.3,20.0,70.0,6.0,4,1,1,False,False,False,False,4.0
59,5.6,2.1,1.8,1.1,1.7,3.3,3.2,1.7,1.2,5.5,56.3,23.1,76.0,4.8,5,1,0,True,False,False,True,4.0
35,4.2,1.2,1.9,0.1,2.1,2.6,3.3,2.1,2.1,1.4,185.9,31.9,71.0,7.0,4,0,1,True,False,True,False,4.0
37,2.9,1.0,1.2,0.8,0.5,2.9,3.4,1.6,2.2,2.5,133.5,13.1,71.0,5.5,4,0,0,False,False,False,True,4.0
57,1.0,1.1,0.5,0.4,0.0,0.7,1.2,2.2,2.3,5.2,91.5,40.3,79.0,8.3,1,1,0,True,False,False,True,5.0
69,4.2,3.1,1.0,0.8,0.2,0.5,1.2,2.7,3.2,4.3,108.7,34.7,81.0,9.8,1,1,0,True,False,False,True,4.0
30,5.9,2.4,3.1,0.6,0.6,3.4,3.4,2.0,0.9,4.2,214.1,15.5,73.0,3.5,5,1,1,False,False,False,True,4.0
61,6.0,1.3,2.2,0.1,3.4,3.9,3.6,1.7,1.3,2.2,148.2,22.3,57.0,2.3,7,0,0,True,False,True,False,3.0
67,5.4,2.8,1.9,1.3,0.6,3.4,4.2,1.5,1.3,1.0,139.9,9.9,57.0,3.3,6,1,1,True,False,False,True,3.0
74,1.2,1.3,0.0,0.1,0.9,0.9,1.4,2.2,2.5,5.3,50.4,41.5,85.0,7.9,1,1,1,True,False,False,True,5.0
29,3.8,0.2,1.8,1.0,1.2,4.5,4.0,1.7,1.7,0.8,130.6,15.3,51.0,1.0,9,1,1,True,False,False,False,5.0
39,2.9,2.6,0.0,0.0,1.0,2.0,2.9,2.2,2.0,3.6,205.7,19.9,79.0,5.0,3,1,1,False,False,False,True,5.0
50,6.0,3.5,0.1,0.4,3.2,3.9,3.7,1.6,1.7,1.3,87.3,19.0,57.0,2.8,7,0,0,False,False,False,True,4.0
25,4.3,2.5,0.2,1.5,0.0,4.5,3.9,1.1,1.1,0.8,147.4,17.7,56.0,1.0,9,0,0,False,False,False,True,5.0
65,4.3,0.3,0.6,0.4,3.6,2.2,2.7,2.1,1.9,8.2,123.2,20.3,78.0,7.3,3,0,1,True,False,False,True,4.0
29,6.3,2.0,2.4,0.7,1.5,2.9,3.4,1.0,2.2,3.0,161.9,20.8,72.0,6.1,4,0,0,False,False,False,True,5.0
18,8.2,1.8,1.7,1.6,2.4,4.5,3.9,0.0,0.7,3.2,142.0,13.4,51.0,1.0,10,1,1,False,False,True,False,4.0
35,4.0,2.3,0.5,0.5,1.4,2.7,3.5,1.4,2.0,9.2,109.6,20.9,80.0,7.1,4,1,1,False,False,False,False,5.0
27,5.1,1.2,0.9,0.8,2.2,2.3,2.7,2.4,2.5,2.2,152.0,14.9,75.0,6.2,3,1,0,True,False,False,True,5.0
36,4.2,1.7,2.0,1.0,0.5,4.5,4.0,1.3,0.7,0.0,99.3,16.1,60.0,3.2,8,0,0,False,False,True,False,4.0
33,2.3,0.7,2.3,0.0,0.0,2.3,3.0,2.1,2.2,7.4,208.7,20.3,82.0,4.0,3,1,1,False,False,False,False,4.0
48,7.4,2.2,1.6,0.3,4.0,4.5,4.0,1.7,1.4,0.0,110.1,20.2,53.0,4.0,8,1,1,False,False,False,True,2.0
28,4.6,0.8,0.2,0.7,3.3,3.7,3.6,1.4,1.6,2.0,186.0,10.9,60.0,4.3,6,1,1,False,False,True,False,4.0
18,4.8,2.4,1.0,0.0,0.3,4.5,3.8,0.0,1.3,0.0,148.3,9.9,44.0,1.2,10,0,1,True,False,False,True,4.0
62,7.5,1.3,4.1,1.4,2.1,4.5,3.7,1.0,1.5,0.0,164.5,12.4,38.0,1.0,10,0,1,False,False,False,True,3.0
67,2.9,0.2,0.2,1.1,2.6,2.2,2.6,3.1,2.4,3.7,149.7,33.5,78.0,6.5,3,1,1,True,False,False,True,4.0
66,6.5,2.7,1.9,1.0,2.1,3.2,3.9,1.0,1.3,2.3,87.8,25.0,69.0,3.9,5,1,0,False,False,False,True,4.0
60,7.8,2.4,3.8,1.4,1.2,4.5,4.4,1.2,0.9,0.0,204.4,14.4,41.0,1.0,10,0,1,True,False,False,True,3.0
41,7.6,3.2,1.2,1.0,3.4,3.8,3.9,0.8,1.1,0.7,158.6,20.0,54.0,3.5,7,1,1,True,False,False,True,4.0
43,5.6,0.2,3.5,0.5,2.1,4.5,4.2,1.3,1.1,0.0,163.8,8.0,58.0,1.0,10,1,0,True,False,False,True,4.0
61,1.7,1.4,0.7,0.0,0.5,2.7,2.8,1.2,2.1,3.2,202.3,32.1,82.0,7.9,3,0,0,False,False,False,True,4.0
42,2.3,2.1,0.0,0.2,1.0,0.9,1.2,2.7,3.1,3.2,133.0,29.1,82.0,7.4,1,1,1,True,False,False,True,5.0
49,2.7,2.5,0.9,0.2,0.3,2.8,3.4,1.7,1.6,2.4,136.7,26.6,67.0,5.5,4,0,1,False,False,False,True,5.0
22,4.6,0.7,0.7,1.0,1.3,2.6,3.3,2.0,1.4,5.5,167.6,17.5,72.0,4.5,4,1,1,False,False,False,True,5.0
30,3.9,2.4,0.0,0.6,1.3,1.9,3.1,2.5,2.6,5.0,107.3,35.6,80.0,8.4,3,0,1,True,False,False,True,5.0
56,3.6,1.5,1.0,0.0,2.2,3.2,3.7,1.3,1.7,1.1,140.4,22.3,65.0,4.8,5,1,0,True,False,True,False,4.0
50,5.1,0.3,2.6,1.1,2.1,3.3,3.8,1.2,1.3,3.4,44.1,27.2,77.0,5.6,5,1,1,True,False,False,True,5.0
44,4.2,1.3,0.8,1.4,1.8,1.3,2.7,2.3,1.9,5.2,109.4,36.8,82.0,9.2,2,1,0,False,False,True,False,4.0
32,6.5,2.5,1.1,1.5,1.8,3.1,3.4,1.3,1.9,3.3,144.7,20.6,78.0,6.2,5,1,0,False,False,False,True,3.0
16,7.0,0.4,3.0,0.0,2.4,4.5,3.7,1.4,0.8,2.2,165.4,15.1,43.0,1.0,9,1,1,True,False,True,False,3.0
63,4.1,2.6,0.7,0.8,1.2,2.5,3.0,2.2,1.7,4.9,125.3,34.3,78.0,7.0,3,0,1,True,False,False,False,5.0
27,4.3,2.3,2.2,0.0,0.0,2.9,3.4,1.4,2.4,5.1,201.4,16.6,81.0,7.0,4,0,0,False,False,True,False,4.0
18,7.8,1.8,0.0,1.8,3.5,4.5,4.2,1.5,1.5,0.7,241.8,9.7,46.0,1.0,9,0,0,False,False,True,False,3.0
40,1.1,0.5,0.4,0.6,0.5,2.3,3.0,2.4,2.1,8.6,120.9,32.6,90.0,6.3,3,1,0,False,False,False,True,5.0
39,3.6,0.6,1.3,0.4,2.1,3.2,3.5,2.4,1.5,3.6,129.1,16.5,76.0,4.9,5,1,1,False,False,False,False,4.0
44,4.5,1.6,2.8,0.3,1.1,1.9,2.0,3.0,2.6,4.7,119.3,19.1,82.0,8.2,2,1,0,True,False,False,True,5.0
25,5.1,1.0,0.5,0.8,2.8,4.5,3.9,1.8,0.9,1.7,50.0,7.7,64.0,2.9,8,1,1,True,False,False,True,4.0
21,4.0,1.7,0.5,0.9,0.4,3.2,3.8,1.4,1.8,3.9,143.0,17.8,73.0,6.0,5,1,1,True,False,False,False,4.0
45,4.4,2.8,1.8,0.0,0.7,2.6,3.2,1.0,2.3,3.8,279.2,30.3,64.0,4.9,4,1,0,True,False,True,False,4.0
58,4.9,1.8,2.0,1.4,0.9,1.0,1.4,1.9,3.1,4.9,111.6,21.5,84.0,8.5,1,1,1,True,False,True,False,4.0
24,5.3,1.7,0.4,0.9,2.0,4.5,4.2,1.1,1.1,1.7,143.2,14.9,52.0,1.0,10,1,1,True,False,True,False,4.0
53,4.4,1.7,0.9,1.4,1.6,0.6,0.9,2.6,2.8,4.2,143.1,14.8,70.0,8.5,1,0,0,True,False,False,True,4.0
27,9.4,2.9,2.7,1.6,2.0,4.5,4.2,0.9,0.7,1.1,128.1,8.8,50.0,1.0,9,0,1,False,False,False,True,3.0
45,4.4,3.2,0.2,0.5,1.5,1.8,3.3,2.0,2.3,4.4,193.6,25.8,76.0,6.3,3,0,0,False,False,False,True,5.0
21,8.1,2.4,1.9,1.1,2.3,4.5,3.7,0.6,0.4,0.0,123.1,13.0,54.0,1.0,10,0,1,False,False,False,True,4.0
70,4.3,2.1,0.9,0.3,2.3,3.4,3.9,1.4,1.5,2.0,99.2,20.8,66.0,6.0,5,0,1,False,False,False,False,4.0
63,7.3,2.2,3.0,0.3,2.9,4.5,4.0,0.9,0.7,0.0,184.1,6.7,53.0,2.0,9,0,0,True,False,False,False,4.0
56,7.5,3.3,2.1,1.5,1.7,4.5,4.0,1.1,0.8,0.0,254.6,9.0,40.0,1.0,10,0,1,False,False,False,True,3.0
56,6.0,2.4,2.5,0.2,1.7,3.2,3.2,1.3,1.4,4.2,165.5,27.2,65.0,5.3,5,1,0,True,False,False,False,4.0
70,7.5,3.4,0.9,0.7,3.2,3.9,3.8,2.0,0.9,3.7,212.6,9.4,62.0,5.8,7,0,1,False,False,False,True,3.0
50,5.4,1.6,2.4,0.1,2.6,4.5,3.9,0.7,1.0,0.0,171.7,10.2,49.0,1.0,10,1,0,True,False,False,False,4.0
34,4.7,0.8,2.4,0.2,1.9,3.6,4.0,1.6,0.5,1.2,75.7,20.6,60.0,5.6,6,0,0,False,True,True,False,4.0
18,4.8,1.4,2.1,0.3,0.0,2.3,3.3,1.6,1.7,4.4,179.4,32.9,72.0,7.2,4,0,1,True,False,False,False,4.0
68,3.1,1.5,1.2,1.5,0.0,1.4,2.2,2.2,3.5,6.3,252.0,18.6,87.0,6.8,2,0,0,True,False,False,True,4.0
21,8.8,3.4,1.7,0.9,2.0,4.5,3.7,0.0,1.4,0.0,173.5,14.4,41.0,1.0,10,0,1,False,False,False,True,3.0
68,4.7,2.7,0.0,1.1,2.1,1.1,1.3,3.1,2.8,4.8,141.1,26.9,82.0,6.9,1,1,1,True,False,False,True,5.0
15,6.6,1.4,3.4,0.0,0.7,4.5,4.0,1.6,1.0,1.5,212.3,6.7,62.0,1.0,9,0,0,False,False,True,False,4.0
58,5.5,2.7,0.8,0.6,1.8,3.6,3.9,1.2,0.6,2.6,188.6,24.3,62.0,4.0,6,1,0,False,False,False,True,4.0
70,3.0,1.9,1.1,0.4,0.5,0.9,1.1,2.9,2.8,4.3,133.0,16.5,81.0,10.0,1,1,1,False,False,False,False,4.0
59,5.4,3.5,0.1,0.9,2.0,4.4,3.8,0.7,1.3,0.4,133.1,8.4,52.0,2.6,8,0,1,False,True,True,False,4.0
56,6.6,1.7,2.2,2.0,2.0,4.5,4.2,1.3,1.5,0.9,73.7,6.0,60.0,1.0,9,0,0,False,True,False,False,5.0
61,3.7,0.6,2.1,0.0,2.0,1.2,1.5,2.6,2.2,5.4,147.0,25.1,87.0,9.7,1,0,1,True,False,False,True,4.0
73,4.7,1.8,1.2,0.8,1.7,0.7,1.5,3.1,3.1,6.2,106.6,19.8,96.0,9.7,1,1,1,False,False,False,True,4.0
27,4.5,1.7,0.0,1.9,1.1,2.1,2.0,2.7,2.8,5.0,53.8,17.2,78.0,8.1,2,1,1,False,False,False,False,4.0
69,2.1,0.8,0.7,0.3,1.2,0.6,1.1,2.1,1.8,5.6,200.5,38.1,88.0,9.6,1,1,0,False,False,False,True,5.0
36,6.7,2.5,2.0,0.7,2.6,4.1,4.0,1.8,0.5,2.1,128.4,13.7,59.0,4.1,8,0,1,True,False,False,True,4.0
68,6.8,3.3,1.8,1.0,1.8,3.7,3.8,1.8,0.7,2.9,182.5,17.1,70.0,3.7,6,1,0,False,False,False,False,4.0
35,3.4,1.0,1.4,0.0,1.9,1.9,2.9,2.4,2.5,9.1,67.9,31.3,77.0,7.3,3,0,0,False,True,False,False,5.0
36,4.7,2.9,1.0,0.8,1.5,4.0,4.0,1.5,1.1,2.0,121.2,14.8,54.0,4.1,7,0,0,False,False,False,True,4.0
42,2.7,1.5,0.0,0.1,2.1,2.5,3.4,2.6,1.7,6.6,142.6,13.9,67.0,5.2,4,0,1,True,False,False,True,4.0
23,9.5,2.0,2.6,1.8,2.4,4.5,4.1,0.8,1.7,0.0,170.4,6.0,48.0,1.1,10,0,1,True,False,True,False,3.0
40,2.2,1.9,0.0,0.5,0.8,0.9,1.2,2.7,2.5,4.2,86.3,23.3,83.0,8.5,1,1,1,True,False,False,True,5.0
23,6.0,2.0,1.3,0.2,2.0,4.0,3.7,1.3,1.2,4.7,119.1,19.8,63.0,2.8,7,0,1,False,False,False,True,4.0
29,4.8,2.4,0.4,1.1,1.2,2.3,3.1,3.0,1.6,4.0,179.1,26.4,78.0,6.9,3,0,1,False,False,False,False,5.0
24,7.2,1.1,2.6,0.9,1.7,4.5,4.0,0.3,1.4,0.0,187.7,13.7,49.0,1.0,10,0,1,True,False,True,False,4.0
38,7.7,3.2,2.1,1.1,2.2,3.0,3.4,1.2,1.5,6.9,127.9,13.1,75.0,5.6,5,1,0,True,False,True,False,4.0
72,4.0,2.5,1.1,1.7,0.0,2.7,3.4,2.3,1.9,3.4,94.8,21.5,74.0,8.0,4,0,0,True,False,False,True,4.0
71,4.4,2.8,2.3,0.2,0.3,1.4,2.3,2.3,2.7,3.5,115.7,34.6,77.0,7.6,2,1,0,True,False,False,True,4.0
56,2.6,1.3,0.0,1.6,0.7,1.6,2.2,2.4,2.5,6.7,136.4,31.9,79.0,9.8,2,1,1,False,False,False,True,4.0
22,5.7,1.0,1.4,1.7,0.7,4.4,3.9,1.5,0.8,1.1,110.0,11.0,55.0,1.0,8,1,0,False,False,True,False,4.0
38,3.9,3.1,0.3,0.1,1.2,3.3,3.5,1.8,2.0,2.9,92.2,15.5,69.0,6.2,5,0,1,True,False,False,False,4.0
30,6.8,1.0,2.6,0.2,3.1,4.2,3.9,1.8,1.6,0.0,151.6,12.7,56.0,1.0,8,0,0,False,False,True,False,4.0
63,5.9,2.1,1.9,0.6,2.6,3.7,4.1,1.8,1.3,0.0,148.0,9.3,54.0,5.0,6,0,1,True,False,True,False,3.0
40,5.6,2.9,2.2,0.5,0.8,4.3,4.0,2.3,0.9,0.1,227.5,9.2,52.0,1.0,8,0,0,False,True,True,False,4.0
41,5.5,1.9,0.9,1.6,2.3,4.5,4.2,1.1,1.7,0.0,138.8,8.6,45.0,1.7,10,1,0,True,False,False,False,4.0
51,5.9,3.1,2.3,0.1,1.4,3.7,3.7,1.7,1.4,1.4,118.1,22.1,63.0,2.3,6,1,1,True,False,False,False,4.0
18,5.5,1.8,0.3,0.7,1.7,4.5,3.8,1.0,1.4,0.0,27.0,11.3,45.0,1.1,10,0,0,True,False,False,True,4.0
64,1.0,0.9,0.4,0.1,0.4,1.6,2.5,2.9,2.7,6.0,193.4,38.8,86.0,7.6,2,0,1,False,False,False,True,5.0
38,3.0,2.3,1.3,0.7,0.1,1.7,2.6,1.7,2.0,7.2,53.9,20.2,77.0,6.5,3,1,1,False,False,False,False,4.0
33,5.9,2.2,0.5,1.9,2.1,2.9,3.2,1.7,1.2,2.9,84.9,29.8,63.0,5.8,4,0,0,False,False,False,False,4.0
50,8.8,4.4,2.3,1.7,1.4,4.5,4.1,1.8,0.4,0.0,195.2,10.1,59.0,1.0,9,0,1,True,False,False,True,4.0
74,4.0,1.1,1.0,0.8,1.9,1.8,2.4,1.3,2.1,4.2,161.2,19.6,75.0,8.9,2,0,0,True,False,True,False,4.0
53,4.9,1.8,0.3,1.0,3.0,2.2,2.9,2.1,2.4,2.7,157.9,23.9,75.0,7.3,3,0,1,True,False,True,False,4.0
24,3.8,1.3,0.2,0.9,1.2,4.5,3.9,1.8,1.3,0.0,103.6,13.8,52.0,2.4,8,0,1,False,False,False,True,4.0
39,4.9,1.9,2.3,0.4,1.2,3.5,3.5,1.3,1.7,2.8,72.4,16.2,68.0,5.6,5,0,0,True,False,False,True,5.0
32,6.2,1.8,0.0,1.7,3.2,2.8,3.6,1.2,1.4,3.6,171.4,30.6,69.0,4.1,4,0,1,False,False,False,True,3.0
33,3.7,1.2,0.4,1.4,1.4,0.9,1.5,2.6,3.3,2.8,179.0,40.0,83.0,10.0,1,0,0,False,False,True,False,4.0
50,5.7,2.4,3.0,0.7,0.6,3.8,3.5,2.1,2.2,1.7,104.6,18.6,56.0,3.7,6,0,0,False,False,False,False,4.0
24,5.7,1.8,1.1,0.5,2.1,4.3,3.7,1.4,0.5,1.9,154.3,16.1,68.0,1.7,8,0,0,True,False,True,False,4.0
47,6.4,3.2,2.3,0.5,1.2,2.5,3.4,1.8,1.9,4.7,210.4,28.4,76.0,6.8,3,0,1,True,False,False,True,4.0
69,4.1,1.4,2.0,0.8,0.6,2.2,2.9,2.2,1.7,3.0,54.6,19.1,79.0,7.4,3,1,0,True,False,False,True,5.0
64,6.0,3.7,1.3,0.6,1.5,2.3,3.2,1.1,1.9,5.5,136.9,28.2,73.0,8.8,3,1,0,False,False,False,True,3.0
19,6.3,2.2,0.0,1.3,2.2,4.5,3.8,0.6,0.8,0.0,99.5,9.0,49.0,1.3,10,0,1,False,False,False,False,3.0
61,3.4,3.1,0.0,0.9,0.2,1.4,2.2,2.1,1.6,3.8,86.3,23.9,76.0,8.7,2,1,0,True,False,True,False,4.0
63,1.3,2.1,0.0,0.0,0.2,1.2,2.3,2.9,3.1,8.8,129.4,35.8,88.0,7.2,2,0,1,True,False,False,True,5.0
49,3.7,1.3,2.0,0.0,1.3,2.8,3.5,1.8,1.8,8.3,155.7,23.3,86.0,5.7,4,0,0,False,False,False,False,5.0
58,4.6,1.8,2.2,1.2,0.3,1.8,2.4,2.7,2.4,4.5,159.5,37.3,68.0,7.5,2,1,1,False,False,False,True,3.0
48,1.0,0.8,0.5,0.0,0.1,1.0,1.0,2.4,2.9,4.7,165.7,34.4,83.0,8.3,1,1,0,True,False,True,False,5.0
47,4.0,1.9,1.4,0.4,1.4,3.5,3.5,1.5,0.2,7.0,147.9,21.1,67.0,7.8,5,1,1,False,False,True,False,3.0
69,5.0,2.2,1.5,0.3,2.5,1.2,1.1,3.0,2.5,4.7,202.0,33.8,87.0,10.0,1,0,1,True,False,False,True,4.0
35,4.8,2.0,1.6,0.0,2.2,2.8,3.4,2.0,1.7,4.0,135.1,18.3,71.0,5.5,4,0,0,True,False,False,True,4.0
31,5.7,3.2,0.7,0.8,1.3,2.2,3.1,1.7,2.6,4.7,196.6,23.1,84.0,7.1,3,1,0,False,False,False,True,4.0
36,7.5,1.9,3.3,0.5,2.7,4.0,3.8,1.3,1.1,1.5,95.2,15.2,68.0,4.7,7,0,1,False,False,False,True,3.0
62,4.6,0.3,2.2,0.2,3.1,2.8,3.1,1.9,2.4,2.7,51.1,29.2,63.0,3.8,4,1,0,False,False,False,True,4.0
51,9.3,5.0,1.6,1.9,1.9,4.5,4.0,1.2,1.7,1.3,199.0,9.8,43.0,1.0,9,1,0,True,False,False,True,3.0
29,3.7,1.4,0.9,0.0,1.0,4.3,3.8,1.8,0.6,0.4,148.8,14.7,51.0,1.4,8,1,1,False,False,True,False,5.0
49,5.7,2.9,0.6,0.1,3.0,2.6,3.6,1.8,1.6,2.9,80.5,20.4,69.0,4.9,4,1,1,True,False,False,False,3.0
42,4.1,0.6,1.9,0.3,2.9,3.2,3.6,1.4,1.6,1.9,224.6,28.9,70.0,4.7,5,0,1,True,False,False,False,4.0
21,5.4,2.2,1.0,0.0,1.7,4.5,3.9,1.1,0.8,0.0,67.1,13.5,32.0,1.0,10,1,1,False,False,False,True,4.0
46,6.4,1.3,1.6,2.0,2.6,3.3,3.5,0.9,1.2,2.7,182.6,28.6,71.0,5.0,5,0,1,True,False,False,True,4.0
25,2.6,0.2,0.0,1.9,0.6,3.9,3.9,1.5,1.2,0.0,238.0,16.9,70.0,3.1,6,0,0,False,False,False,True,5.0
24,3.1,1.7,0.9,0.2,0.0,3.3,3.4,1.0,1.4,1.8,256.4,17.9,67.0,4.4,5,0,1,False,False,False,True,4.0
23,5.6,2.0,1.4,1.4,0.4,4.1,3.7,1.6,0.7,1.5,191.5,12.4,49.0,1.5,7,0,0,True,False,False,True,4.0
28,6.9,1.8,2.6,1.0,1.6,3.8,3.7,1.5,1.0,7.6,195.7,13.3,72.0,4.1,6,0,1,True,False,False,False,3.0
27,5.5,2.2,0.5,1.6,1.3,4.5,4.1,0.8,1.3,0.0,206.6,9.4,44.0,1.0,10,0,1,True,False,False,False,3.0
71,3.5,1.8,0.0,0.5,2.4,2.8,3.4,1.8,1.7,6.3,105.4,14.7,74.0,5.1,4,1,1,True,False,True,False,5.0
39,3.9,2.1,2.0,0.9,0.0,3.9,3.8,1.5,0.8,0.4,77.2,26.9,63.0,3.8,6,1,0,False,False,False,True,4.0
16,6.1,2.2,1.4,1.4,0.0,4.5,4.1,0.9,1.7,2.3,243.3,8.1,58.0,1.0,9,0,0,False,False,False,True,3.0
49,4.5,2.0,0.0,1.3,2.2,3.2,3.4,1.2,2.6,3.5,111.7,25.0,64.0,6.7,5,1,1,True,False,False,False,4.0
21,3.1,1.8,0.0,0.7,0.0,2.2,3.1,2.1,2.5,2.8,175.3,32.0,75.0,7.8,3,0,0,True,False,False,True,4.0
35,2.2,1.2,0.8,0.0,1.1,1.1,1.4,2.4,2.7,7.7,181.9,40.9,98.0,8.2,1,1,0,False,False,False,True,5.0
32,4.8,2.5,1.4,0.1,1.4,3.2,3.9,1.1,1.3,8.2,76.7,16.0,78.0,3.5,5,1,1,False,False,False,True,5.0
17,6.0,1.7,3.0,0.0,0.7,4.5,4.5,0.8,1.1,1.0,212.3,13.8,40.0,1.0,10,0,1,True,False,False,True,4.0
56,4.3,1.7,0.3,1.1,2.0,2.4,3.1,2.2,2.1,3.8,112.9,19.0,82.0,6.5,3,1,0,True,False,False,False,4.0
68,4.1,2.5,2.1,0.7,0.0,1.9,2.5,2.8,2.4,4.3,93.2,26.1,81.0,8.3,2,1,1,False,False,False,False,5.0
53,5.1,2.2,0.0,0.8,3.2,4.3,3.7,2.1,1.2,1.7,82.4,17.2,60.0,2.6,7,0,0,True,False,False,True,4.0
55,3.6,1.4,1.9,0.6,1.1,2.3,3.1,2.0,2.3,5.9,64.1,24.3,84.0,6.5,3,0,1,True,False,False,True,4.0
63,6.7,3.1,3.2,0.0,1.2,4.4,4.2,2.1,1.8,0.7,84.8,10.6,62.0,4.2,7,0,0,False,False,True,False,4.0
25,7.7,0.9,1.7,0.8,4.0,4.5,3.7,0.7,1.4,0.8,214.1,14.9,50.0,1.1,10,0,1,False,False,False,False,4.0
53,2.0,1.1,0.8,1.0,0.0,2.2,3.2,3.0,1.9,3.1,220.3,16.1,79.0,7.0,3,1,1,False,False,True,False,4.0
38,5.2,2.6,2.9,0.1,0.4,4.5,4.0,1.6,0.7,0.9,48.4,7.9,57.0,2.1,8,1,1,False,False,False,True,3.0
74,8.1,3.6,1.9,0.6,2.8,3.9,3.9,1.4,1.3,3.3,162.6,9.1,60.0,3.8,6,1,1,False,False,False,False,4.0
60,2.2,1.5,1.7,0.2,0.0,2.1,3.1,1.9,2.0,6.9,135.3,29.9,81.0,8.3,3,1,1,True,False,False,False,5.0
33,4.5,2.4,0.4,0.5,1.9,1.7,2.1,2.1,3.0,4.9,112.4,14.3,88.0,7.5,2,1,1,True,False,False,True,4.0
18,4.4,0.9,1.9,0.0,0.8,4.5,3.6,1.5,1.4,0.1,160.5,7.2,40.0,1.0,10,1,0,True,False,False,True,3.0
40,1.3,1.2,0.7,0.4,0.0,1.5,2.4,2.9,2.1,6.4,240.2,26.6,90.0,8.5,2,0,1,True,False,True,False,4.0
52,7.1,3.0,1.8,1.6,1.9,4.5,3.7,1.7,1.0,0.5,144.7,8.6,56.0,2.1,9,0,0,False,False,False,False,4.0
56,5.6,2.3,1.6,0.3,2.0,2.6,3.7,2.1,1.4,3.9,175.4,29.2,68.0,4.7,4,0,1,False,False,False,True,3.0
46,6.6,3.0,2.7,0.2,1.4,3.4,3.6,1.9,1.9,2.0,169.9,17.6,60.0,4.6,6,0,0,False,True,True,False,4.0
53,6.7,3.0,0.9,0.2,3.5,4.5,4.1,2.2,0.7,2.2,61.9,19.5,53.0,1.0,8,0,0,False,False,False,True,4.0
59,1.9,0.2,1.3,0.5,0.6,0.8,1.3,2.5,2.2,7.1,76.1,38.9,89.0,8.5,1,0,0,True,False,False,True,4.0
60,6.4,0.9,2.4,1.7,2.3,4.1,3.9,1.2,1.0,3.2,161.5,17.5,66.0,3.7,6,1,1,True,False,True,False,3.0
50,5.4,2.2,1.2,1.4,1.7,3.5,3.6,1.7,0.7,3.7,180.9,12.9,60.0,3.8,6,1,0,False,False,False,True,4.0
54,3.8,0.5,1.5,0.5,2.4,1.6,2.7,2.7,1.9,5.7,136.8,22.5,78.0,8.1,2,1,0,False,False,False,True,5.0
51,2.4,1.1,1.1,0.2,0.9,1.6,2.3,2.6,2.6,5.9,172.0,36.0,88.0,5.9,2,0,1,False,False,False,False,5.0
47,3.3,3.3,1.3,0.0,0.0,3.6,4.2,1.5,1.2,1.6,163.0,23.8,70.0,4.0,6,0,0,False,False,False,True,5.0
50,3.7,1.5,2.2,0.1,0.7,4.1,3.9,1.3,2.1,1.1,180.2,13.3,63.0,5.9,6,0,1,False,False,True,False,4.0
17,7.9,2.6,3.5,0.0,1.3,4.5,3.8,0.9,2.0,1.0,137.0,9.9,46.0,1.0,10,0,1,False,False,False,False,3.0
23,5.9,2.0,0.0,1.0,2.1,4.5,4.1,0.6,1.2,0.0,135.2,12.3,43.0,1.0,10,1,1,True,False,False,True,4.0
22,5.0,1.4,0.1,1.4,1.4,4.5,4.1,0.5,1.4,0.0,123.7,8.1,44.0,1.0,10,1,0,False,False,False,True,3.0
47,3.3,0.5,1.3,0.4,1.6,3.3,3.7,1.6,1.1,1.6,0.0,21.7,66.0,4.2,6,1,1,False,False,True,False,5.0
73,6.7,2.2,1.6,0.8,3.1,4.5,4.1,0.5,1.5,1.5,170.1,6.0,47.0,1.0,10,0,1,True,False,False,False,3.0
20,6.9,3.3,1.3,0.0,1.4,4.5,4.1,1.6,1.1,2.2,152.2,12.4,49.0,2.6,9,1,0,False,False,False,False,4.0
55,2.4,1.4,0.9,0.0,0.9,2.4,3.2,1.2,1.6,11.2,257.1,19.7,83.0,5.5,4,0,1,True,False,False,False,4.0
53,3.4,2.1,0.1,0.6,1.8,0.8,1.1,2.9,2.5,7.0,139.0,15.7,87.0,8.4,1,1,1,False,False,True,False,5.0
18,2.7,0.6,0.8,0.8,0.0,2.4,3.2,1.0,1.7,3.7,155.1,29.4,81.0,5.8,4,0,1,True,False,False,True,5.0
27,5.2,1.4,2.4,1.6,0.0,4.3,4.3,1.2,1.1,0.0,165.1,11.0,50.0,2.1,8,1,1,False,False,False,True,4.0
63,6.0,2.3,1.6,1.8,1.3,2.6,3.3,2.3,2.1,4.8,155.1,15.2,73.0,4.6,4,0,1,True,False,False,False,4.0
74,4.8,2.7,2.2,0.4,0.5,4.3,4.2,2.2,1.1,0.3,148.3,17.2,53.0,3.5,7,0,0,False,False,False,True,4.0
16,5.5,2.5,0.2,1.1,0.8,4.2,3.9,1.2,0.6,3.5,171.6,22.2,61.0,2.6,7,0,0,True,False,False,True,4.0
74,5.5,0.2,3.1,0.8,2.3,2.2,2.6,2.1,2.7,0.8,135.2,31.8,70.0,5.6,3,1,0,True,False,True,False,5.0
19,5.6,1.6,0.9,0.6,1.9,4.5,4.1,0.3,1.2,0.0,178.9,6.3,48.0,2.1,10,1,1,False,False,False,False,3.0
58,4.2,1.1,2.0,0.6,1.3,3.1,3.9,1.8,1.6,9.2,35.7,16.5,71.0,3.3,6,0,0,False,False,True,False,4.0
41,4.2,1.7,1.4,0.5,1.5,2.9,3.6,1.6,0.6,7.6,140.5,29.0,76.0,4.6,5,1,1,True,False,False,True,4.0
46,3.7,1.9,0.9,0.5,1.0,3.0,3.6,1.4,0.9,2.7,84.7,13.7,72.0,4.1,5,1,0,True,False,False,True,4.0
35,7.9,3.0,2.0,1.6,2.2,4.5,4.2,0.6,0.0,0.0,175.3,10.4,43.0,1.0,10,1,0,False,False,True,False,3.0
22,7.9,2.3,2.2,0.7,2.2,4.5,4.0,1.1,0.8,0.0,160.9,5.1,44.0,1.0,10,0,0,False,False,False,True,3.0
52,10.0,3.3,4.5,1.6,2.4,4.5,3.9,1.0,1.5,0.0,117.5,5.9,38.0,1.0,10,0,1,False,False,False,False,2.0
22,6.5,1.4,2.2,0.1,2.3,4.5,3.5,0.3,1.2,0.0,24.8,7.7,49.0,1.0,10,1,0,True,False,False,True,4.0
64,3.5,0.7,2.2,0.0,1.5,1.0,1.4,2.6,2.8,6.5,162.9,20.7,86.0,9.1,1,0,1,False,False,True,False,4.0
17,8.1,3.3,2.8,0.3,0.7,4.5,4.0,0.5,1.8,0.6,128.5,10.6,41.0,1.0,10,0,1,True,False,False,True,3.0
68,5.0,2.4,2.1,0.1,1.2,4.3,4.0,1.7,1.2,0.9,169.4,9.8,58.0,2.6,8,0,0,True,False,False,True,4.0
58,3.3,1.3,1.5,0.0,1.5,2.4,3.1,2.1,2.1,3.8,158.8,26.9,74.0,7.3,3,0,1,False,False,True,False,5.0
72,6.1,2.4,1.9,1.4,0.7,4.3,3.9,1.7,0.5,1.8,154.0,22.0,56.0,3.8,7,1,0,False,False,True,False,5.0
17,8.9,2.8,2.4,0.0,3.0,4.5,3.7,1.1,1.5,0.0,26.5,13.2,47.0,1.0,10,0,0,False,False,False,False,3.0
36,8.4,2.1,3.0,0.9,3.0,4.5,3.9,0.4,2.1,0.0,127.0,12.2,46.0,1.0,10,0,1,True,False,False,False,3.0
20,4.7,1.3,0.0,1.8,1.3,4.5,4.0,0.9,0.3,0.7,105.0,6.1,53.0,1.7,10,0,0,True,False,True,False,5.0
16,4.7,1.6,0.0,0.0,2.4,3.2,3.6,1.9,1.5,1.6,157.5,14.8,61.0,4.9,5,0,1,True,False,False,True,4.0
37,6.4,2.3,3.0,0.5,2.0,4.5,3.5,1.9,0.8,0.0,152.2,11.7,50.0,3.2,8,0,1,False,True,False,True,4.0
58,3.9,2.2,0.6,1.4,0.9,3.3,3.5,1.3,0.9,3.7,13.6,23.2,69.0,4.1,5,1,0,True,False,False,True,4.0
16,5.8,3.1,0.0,0.4,1.8,4.5,4.2,0.9,0.8,0.0,103.4,8.0,43.0,1.0,10,0,1,True,False,True,False,4.0
52,2.2,1.8,0.0,0.8,0.6,2.3,2.3,1.8,1.9,3.0,91.2,12.6,80.0,7.1,3,0,1,True,False,True,False,4.0
31,5.4,1.1,3.5,1.0,0.5,3.8,3.4,1.9,0.9,1.4,198.4,20.4,66.0,3.4,7,1,1,False,False,False,True,3.0
49,8.8,4.3,2.5,0.7,1.9,4.5,3.9,0.6,0.9,0.0,187.9,14.0,36.0,1.0,10,1,1,True,False,False,False,4.0
48,4.1,2.2,0.6,0.3,1.9,3.7,3.7,0.9,1.4,4.0,129.8,23.9,74.0,6.1,5,0,1,False,False,False,True,4.0
37,6.6,2.8,0.7,0.1,4.0,3.4,3.6,1.8,1.1,1.9,34.1,16.7,61.0,3.8,5,0,1,True,False,False,True,4.0
44,4.4,2.5,1.6,0.0,1.2,4.0,4.0,2.4,1.4,0.0,74.0,18.3,62.0,2.7,7,0,1,False,False,False,True,5.0
66,5.7,2.2,2.4,1.0,0.9,3.4,3.8,2.1,1.4,3.6,125.8,26.8,69.0,5.5,4,1,0,True,False,False,False,4.0
22,6.4,1.8,1.2,0.2,2.3,4.5,4.1,1.3,1.1,0.0,35.5,6.6,51.0,1.0,10,0,0,False,False,False,False,4.0
36,2.4,0.2,0.6,1.3,1.4,3.0,3.3,1.0,2.3,1.9,89.5,26.8,64.0,4.0,5,0,0,False,False,False,True,4.0
58,4.9,1.0,2.7,1.6,0.8,3.5,3.6,1.9,1.0,2.6,113.3,22.3,64.0,4.1,6,0,0,True,False,False,True,4.0
72,3.7,2.3,1.5,0.0,0.8,2.1,3.0,2.5,1.7,6.9,162.0,24.5,72.0,5.4,3,1,0,False,True,False,True,5.0
50,3.1,0.2,1.3,1.0,1.2,1.9,2.0,2.7,1.9,3.5,126.5,16.4,92.0,8.6,2,1,0,True,False,True,False,5.0
19,9.0,2.1,2.2,1.8,2.5,4.5,4.1,0.3,0.6,0.3,172.8,13.2,40.0,1.0,10,0,0,False,False,True,False,3.0
27,4.6,2.6,0.0,0.1,1.8,3.1,3.8,1.9,1.0,1.8,92.0,17.0,64.0,5.2,5,1,0,False,False,False,True,4.0
43,5.9,2.7,2.0,1.3,0.6,2.6,3.0,2.0,1.4,3.7,110.8,15.0,76.0,6.1,4,1,0,True,False,False,True,4.0
45,7.8,2.5,2.0,0.9,3.2,4.5,4.0,0.8,1.6,1.7,255.4,14.9,59.0,1.0,10,1,0,True,False,False,False,3.0
61,3.7,2.9,0.0,1.2,0.5,0.8,1.3,2.5,1.5,4.4,92.5,31.1,90.0,9.7,1,0,0,True,False,False,True,4.0
71,3.3,3.4,0.0,0.1,0.7,2.1,2.7,2.5,1.8,6.2,221.2,31.0,68.0,8.7,3,0,0,True,False,False,True,4.0
69,7.7,3.0,0.9,1.7,2.6,3.9,3.8,1.1,1.7,0.0,165.0,10.2,60.0,3.8,7,0,1,True,False,False,True,3.0
30,6.8,2.2,1.7,0.2,2.9,4.5,4.1,1.1,0.7,1.0,106.6,13.4,52.0,1.0,9,0,0,True,False,True,False,3.0
56,5.1,1.9,1.8,1.0,1.8,4.3,3.8,2.3,1.1,0.6,152.6,17.3,59.0,2.4,8,1,0,True,False,True,False,4.0
44,5.2,2.1,3.4,0.6,0.1,4.1,4.1,1.3,1.3,1.3,208.2,12.4,57.0,1.9,7,0,1,False,False,True,False,5.0
71,4.9,1.8,1.7,0.9,1.5,0.8,1.1,3.3,1.7,4.2,160.5,18.2,84.0,6.9,1,0,0,True,False,False,True,4.0
69,2.3,3.0,0.0,0.0,0.0,0.8,1.2,2.5,3.4,5.4,42.1,35.2,89.0,8.5,1,0,0,True,False,False,True,5.0
30,7.2,2.5,1.2,0.0,3.9,4.5,3.9,0.6,0.1,0.0,165.3,7.7,48.0,1.0,10,0,0,False,False,False,True,3.0
26,4.4,1.7,0.1,0.8,1.7,2.6,3.3,2.1,1.0,4.7,159.2,24.0,79.0,6.0,4,0,1,True,False,True,False,4.0
31,6.6,3.2,1.3,0.4,2.2,2.9,3.4,1.9,1.6,6.4,233.7,28.1,74.0,6.9,4,0,1,True,False,False,True,4.0
30,5.8,1.7,3.0,0.4,1.0,3.4,3.6,2.3,1.1,1.2,211.5,11.2,63.0,3.8,6,0,1,True,False,False,True,3.0
26,7.3,1.1,2.0,0.9,3.2,4.5,3.8,1.5,1.5,0.0,141.8,14.4,52.0,2.2,8,1,0,False,False,True,False,4.0
22,4.1,2.0,0.7,0.0,0.9,4.1,3.6,1.4,1.4,4.0,160.3,20.2,65.0,1.8,7,0,1,False,False,False,False,4.0
34,4.4,1.3,2.2,1.3,0.5,1.8,2.4,2.6,2.1,5.0,137.2,16.8,79.0,8.6,2,0,1,True,False,True,False,5.0
17,6.8,2.8,0.6,0.7,1.7,4.5,4.1,0.7,1.4,0.0,264.1,5.6,49.0,1.0,10,1,0,False,False,False,False,4.0
30,4.4,1.2,0.0,1.1,2.3,4.4,3.8,2.0,1.6,0.0,187.4,13.4,64.0,3.5,7,0,0,False,False,True,False,5.0
44,6.1,1.9,0.1,0.9,3.5,0.9,1.1,2.9,3.2,4.7,176.9,37.3,83.0,8.3,1,1,1,False,False,True,False,4.0
59,7.4,2.8,2.0,0.9,3.0,4.4,3.7,1.8,1.2,0.9,55.2,11.6,54.0,3.3,7,0,0,False,False,False,False,5.0
37,5.4,1.4,2.3,0.0,2.6,4.2,4.0,2.5,0.9,2.1,152.4,12.2,58.0,4.6,7,1,1,False,False,True,False,4.0
42,7.2,2.4,3.4,1.3,0.7,3.5,3.3,0.7,1.2,1.9,161.6,10.0,65.0,3.3,6,1,0,True,False,False,False,3.0
65,3.3,1.1,1.9,0.8,0.7,2.5,2.9,2.0,3.1,0.9,113.3,18.2,73.0,6.9,3,0,0,True,False,False,True,4.0
54,5.2,2.2,3.0,0.3,0.5,4.5,3.8,1.2,1.0,0.6,173.3,12.5,55.0,1.0,9,0,1,True,False,False,False,4.0
68,5.3,2.5,2.2,0.5,1.2,1.6,2.2,2.9,2.2,5.2,210.7,34.1,69.0,7.9,2,1,0,False,False,False,True,3.0
19,5.9,2.0,2.5,0.8,0.0,4.5,4.1,1.1,1.0,0.0,98.8,6.8,44.0,1.0,10,1,0,False,False,True,False,5.0
34,7.1,2.0,2.7,0.7,2.8,4.5,3.9,0.5,1.5,0.3,132.2,7.9,54.0,1.0,10,1,0,False,False,True,False,3.0
54,4.8,2.4,2.0,1.0,0.4,4.5,3.7,1.2,1.2,0.0,61.9,12.4,63.0,3.5,7,0,0,False,True,True,False,3.0
70,5.3,1.7,2.7,1.6,0.3,4.5,4.0,1.3,1.5,0.0,193.3,15.0,57.0,1.0,8,0,1,True,False,False,True,4.0
58,3.7,2.8,0.7,0.0,1.0,2.1,3.1,2.0,1.8,3.4,134.9,25.0,81.0,7.1,3,0,0,False,False,False,False,5.0
15,5.0,3.2,0.0,1.1,0.1,4.4,4.2,1.8,0.4,1.1,49.4,10.4,46.0,1.0,9,1,0,False,False,False,True,5.0
71,5.1,1.2,2.2,0.5,2.0,4.5,3.9,1.8,1.4,0.0,142.0,19.5,57.0,2.7,8,0,0,False,True,False,True,4.0
44,6.4,3.6,1.9,1.3,0.4,3.3,3.5,1.0,1.5,5.6,149.2,25.2,60.0,5.3,5,0,1,False,True,True,False,4.0
35,4.8,1.7,0.5,1.6,1.9,3.3,4.0,1.3,1.1,1.4,45.2,20.4,72.0,4.6,5,0,0,False,False,False,False,4.0
34,6.6,3.8,0.1,0.7,2.3,4.5,4.3,1.3,1.7,2.7,120.7,11.0,55.0,1.0,10,1,1,True,False,False,True,3.0
20,6.2,1.7,1.6,1.0,0.9,4.5,4.5,0.8,1.4,0.0,121.3,8.0,43.0,1.0,10,0,1,False,False,False,False,4.0
36,5.8,2.6,2.3,1.3,0.7,4.5,4.2,1.7,0.5,0.1,116.0,17.7,52.0,1.0,9,0,1,True,False,True,False,5.0
32,5.6,2.6,2.1,1.2,0.6,3.7,3.9,1.7,1.1,2.5,107.6,14.3,67.0,5.1,6,0,0,False,False,False,True,3.0
22,4.2,1.7,0.4,1.4,0.3,4.5,3.5,1.1,0.8,0.0,66.9,11.3,46.0,1.0,10,0,1,False,False,False,False,4.0
53,3.0,2.1,0.6,0.4,1.0,0.7,1.6,3.4,2.9,5.6,192.4,37.2,79.0,7.1,1,1,1,True,False,False,False,5.0
46,5.8,3.3,2.2,0.3,1.5,3.8,3.8,1.5,1.1,7.6,147.1,26.7,82.0,2.7,6,1,0,False,False,True,False,4.0
47,2.4,1.7,1.6,0.0,0.0,4.1,3.8,1.3,0.7,0.9,162.6,19.9,63.0,1.4,7,0,0,True,False,True,False,4.0
67,4.3,1.6,2.7,0.5,0.8,4.5,4.0,1.0,1.2,0.0,196.5,6.6,54.0,1.6,9,0,0,True,False,True,False,4.0
30,3.9,1.0,1.1,0.5,1.6,3.0,3.3,1.7,2.3,5.2,94.4,15.3,76.0,5.5,4,0,1,True,False,False,True,4.0
26,8.0,3.4,2.3,0.5,1.4,4.5,4.2,1.3,1.1,0.0,219.2,13.6,54.0,1.0,9,0,1,False,False,False,True,4.0
52,3.3,1.6,1.5,0.9,0.0,3.6,3.5,1.3,1.3,1.3,112.3,12.0,63.0,4.8,6,0,0,False,False,False,True,5.0
66,5.6,3.1,0.7,0.9,2.0,4.0,4.1,2.2,0.7,2.1,196.0,16.9,59.0,2.8,7,0,0,False,False,True,False,4.0
48,6.0,1.5,2.5,0.6,2.6,3.7,3.9,1.6,0.9,2.8,120.2,22.0,65.0,4.4,6,0,1,True,False,True,False,4.0
28,5.3,3.1,0.4,0.8,0.8,3.3,3.6,1.7,1.7,2.1,117.2,24.9,71.0,3.7,5,0,0,False,False,False,True,4.0
50,4.8,2.7,1.6,1.1,0.0,4.4,4.1,1.1,1.1,0.4,184.9,15.4,59.0,2.5,7,1,0,False,False,False,False,5.0
47,3.4,1.8,1.7,0.1,0.6,3.3,3.8,0.9,1.7,1.9,97.2,11.7,68.0,7.1,5,0,1,True,False,False,True,4.0
37,3.3,1.3,1.4,1.2,0.6,2.3,3.6,1.8,1.5,3.3,127.9,21.5,78.0,6.0,3,0,0,True,False,False,False,5.0
64,5.5,1.4,2.6,0.2,2.6,4.2,3.8,1.9,1.6,0.6,154.6,10.5,55.0,2.2,8,0,0,True,False,False,True,4.0
59,4.6,1.4,2.1,1.5,0.3,3.0,3.4,1.0,1.9,3.3,127.7,29.5,69.0,4.7,4,1,0,False,False,False,True,4.0
16,7.6,3.0,2.0,0.7,1.0,4.5,4.0,0.4,1.7,0.0,164.8,14.3,48.0,1.0,10,0,0,False,False,False,True,4.0
55,6.7,2.1,1.6,0.6,3.1,4.1,4.1,0.9,1.0,1.2,108.3,19.6,64.0,2.5,8,1,0,False,False,False,False,4.0
35,4.9,1.0,3.5,0.0,1.6,2.9,3.7,0.6,1.8,3.3,248.0,19.3,70.0,4.1,5,1,0,True,False,True,False,4.0
16,8.7,1.8,3.1,1.0,1.6,4.4,3.6,1.8,1.6,4.3,141.5,11.5,69.0,2.2,8,1,1,False,False,False,False,3.0
41,5.8,1.9,2.5,0.7,1.3,4.5,3.4,2.2,1.8,0.0,78.6,18.4,57.0,2.3,8,0,0,True,False,False,True,4.0
71,4.5,0.2,2.3,0.7,2.4,0.6,1.1,2.9,3.4,5.9,169.9,27.1,76.0,9.8,1,1,1,True,False,True,False,4.0
23,5.5,1.8,0.8,0.5,1.8,4.5,4.0,1.7,1.3,2.6,89.1,17.4,58.0,1.0,8,0,0,False,False,False,False,4.0
15,9.1,2.7,1.4,1.0,3.3,4.5,4.0,1.2,1.2,0.0,149.9,9.9,44.0,1.0,9,1,1,True,False,False,True,3.0
25,8.6,1.9,2.2,1.1,3.4,4.5,3.8,1.0,0.8,0.1,178.5,14.1,54.0,1.0,10,0,1,False,False,False,True,3.0
17,8.5,2.2,2.7,0.9,1.7,4.3,3.9,1.5,0.5,0.2,82.8,20.1,47.0,1.1,8,0,1,True,False,False,False,3.0
66,6.6,2.4,2.5,1.4,1.4,4.5,3.7,1.5,0.2,0.4,122.7,8.6,50.0,1.4,9,1,1,False,False,False,False,3.0
37,4.7,1.7,2.1,0.2,1.6,4.5,3.8,1.4,0.7,2.2,105.2,14.5,49.0,1.1,8,1,0,True,False,False,True,4.0
40,6.4,2.7,3.7,0.2,0.8,4.5,4.1,1.5,1.0,0.4,110.0,14.3,53.0,1.9,9,1,0,False,False,False,True,4.0
18,8.0,3.3,1.4,0.8,1.5,4.5,3.8,0.1,0.3,0.0,100.3,7.6,50.0,1.0,10,0,0,True,False,False,True,4.0
32,3.7,0.6,2.6,1.0,0.0,3.3,3.9,0.6,1.0,1.5,100.0,13.5,69.0,5.9,5,0,0,True,False,False,True,3.0
69,5.0,1.7,2.5,0.9,0.7,3.4,3.3,2.0,1.6,3.4,182.2,14.4,72.0,3.6,5,1,1,False,False,False,True,4.0
20,9.0,4.1,2.0,0.0,2.2,4.5,3.8,0.5,0.8,0.0,214.6,13.4,43.0,1.0,10,0,0,True,False,False,True,3.0
49,5.2,2.2,2.0,0.0,1.9,4.5,4.4,1.4,1.3,0.4,221.2,8.2,60.0,1.0,10,0,1,False,False,False,True,4.0
36,4.8,2.0,2.0,0.5,1.3,4.1,3.4,1.9,1.2,2.3,110.2,16.0,60.0,3.3,7,0,0,False,True,False,True,4.0
57,3.6,1.8,0.7,0.0,1.8,1.6,2.3,2.2,2.5,4.8,120.8,13.5,66.0,6.5,2,0,1,True,False,False,False,4.0
29,8.9,3.1,1.9,0.8,2.9,4.5,4.1,0.9,1.2,0.4,81.4,7.5,45.0,2.1,10,0,1,True,False,False,True,3.0
36,4.3,1.2,2.3,0.6,1.0,3.2,3.7,1.4,1.5,2.7,77.4,20.5,69.0,2.5,5,0,1,False,False,True,False,4.0
74,3.9,2.8,1.9,0.1,0.0,4.2,4.1,2.1,1.2,0.0,165.5,13.6,61.0,2.3,7,0,1,False,True,False,True,5.0
51,3.0,1.8,0.0,0.3,2.0,3.2,3.8,1.1,1.1,0.0,80.7,27.6,69.0,4.4,5,1,0,False,False,False,True,4.0
66,3.0,1.3,0.0,0.7,1.9,3.6,3.5,1.8,1.4,8.2,136.2,20.8,70.0,3.7,5,1,0,False,False,True,False,4.0
56,3.5,1.8,0.6,0.0,2.2,2.6,3.5,1.4,2.2,3.8,149.0,27.3,75.0,7.7,4,0,0,False,False,False,True,4.0
26,3.8,2.0,1.4,0.2,0.2,3.0,3.3,1.1,1.8,3.9,201.8,24.6,70.0,5.3,4,1,1,True,False,False,True,4.0
61,1.7,1.6,0.7,0.4,0.0,2.5,3.5,1.2,2.1,4.2,175.0,32.4,63.0,5.0,4,1,0,False,True,False,False,5.0
63,6.7,3.0,2.2,0.4,1.7,4.3,3.8,1.2,1.6,2.5,127.6,13.6,58.0,1.0,8,0,0,False,True,True,False,3.0
56,5.1,1.3,2.8,0.4,1.6,3.4,4.1,1.1,1.6,2.7,207.9,15.1,63.0,6.3,5,1,0,True,False,False,True,4.0
52,6.9,2.1,3.0,1.4,1.0,4.5,3.9,0.7,1.4,0.0,230.7,6.1,47.0,1.0,10,0,0,True,False,False,True,4.0
32,7.5,2.5,1.9,1.2,2.8,3.5,3.6,1.4,1.3,2.0,146.1,26.1,64.0,4.3,6,0,0,True,False,True,False,4.0
59,5.4,2.1,2.7,0.2,1.4,4.4,4.1,1.4,1.0,0.5,200.1,7.9,41.0,3.1,8,0,0,True,False,True,False,3.0
49,5.4,2.7,0.9,0.0,2.6,3.9,3.8,1.4,1.4,2.4,233.9,15.6,69.0,6.0,6,0,0,False,False,True,False,4.0
44,4.8,1.6,1.3,0.4,2.3,4.4,4.1,2.2,1.2,0.0,144.4,8.9,53.0,2.5,7,0,0,True,False,True,False,4.0
38,3.1,2.6,0.2,1.3,0.3,2.3,2.9,1.9,2.3,5.2,160.8,23.9,74.0,7.1,3,0,0,True,False,False,False,4.0
56,4.6,2.6,2.8,0.0,0.5,2.2,2.7,1.9,1.5,3.7,141.8,14.4,76.0,6.5,3,1,1,True,False,True,False,4.0
44,6.6,2.9,3.7,0.7,0.1,3.5,3.9,1.3,1.1,3.6,183.7,13.5,54.0,5.2,5,0,1,False,True,False,True,4.0
28,3.3,0.3,1.1,0.4,1.8,2.7,3.2,2.0,1.3,1.3,55.6,27.2,75.0,4.1,4,0,0,False,False,False,True,5.0
20,6.1,2.5,0.0,1.3,1.5,4.5,3.8,0.0,1.3,0.3,149.9,5.7,50.0,1.0,10,0,1,True,False,True,False,5.0
17,8.4,2.8,0.4,1.2,2.8,4.5,3.9,1.1,1.4,3.1,69.6,13.7,64.0,1.0,9,0,0,True,False,False,False,4.0
30,3.9,1.6,0.8,0.0,2.0,3.4,3.6,1.5,1.5,2.5,167.2,25.7,62.0,4.8,6,0,1,False,True,False,True,4.0
21,3.4,1.5,0.0,1.3,0.1,4.5,3.7,1.0,0.9,0.0,114.3,18.7,44.0,1.1,8,0,0,False,False,False,True,4.0
66,1.2,1.4,0.4,0.0,0.9,2.3,2.7,1.9,2.4,2.3,105.7,25.2,68.0,8.4,3,1,0,True,False,True,False,5.0
28,3.9,1.1,1.7,1.0,0.0,3.4,3.8,1.2,1.2,6.8,189.6,10.4,73.0,4.2,5,1,1,True,False,False,True,4.0
23,8.5,2.6,2.2,1.0,1.7,4.5,4.3,0.8,1.2,0.9,137.3,14.5,44.0,1.0,10,0,1,True,False,True,False,4.0
29,9.1,4.1,0.0,1.6,4.0,4.5,3.8,0.6,1.4,0.0,145.7,7.0,39.0,1.0,10,0,1,True,False,False,True,4.0
35,3.9,1.5,0.9,0.7,1.5,4.5,4.2,0.9,1.1,0.0,33.6,18.0,53.0,1.6,8,0,1,False,False,True,False,3.0
49,4.2,1.6,1.5,0.2,1.6,4.0,3.9,2.0,1.4,0.0,104.4,12.9,56.0,2.6,7,1,1,False,False,True,False,5.0
16,4.8,2.0,0.3,0.0,1.4,4.5,4.1,0.9,1.1,0.0,19.8,9.6,45.0,1.0,10,0,0,False,False,True,False,4.0
41,4.5,0.6,1.8,1.5,1.8,4.5,4.1,1.3,1.4,0.0,96.1,11.0,45.0,1.0,9,0,1,False,False,True,False,4.0
16,6.5,1.4,1.4,1.6,1.2,4.5,3.8,1.9,0.8,2.1,130.9,15.7,57.0,1.9,9,1,1,True,False,False,True,4.0
49,4.3,1.9,1.0,0.3,2.0,4.5,3.8,1.4,0.7,0.4,170.7,11.3,51.0,2.0,8,0,0,False,False,False,True,4.0
32,2.4,1.2,0.5,0.6,0.6,1.0,1.2,3.1,2.7,5.0,109.5,18.7,78.0,9.7,1,0,1,False,False,False,True,5.0
28,6.8,3.1,1.8,1.4,0.7,2.5,3.0,2.1,1.6,5.3,148.8,12.1,78.0,5.5,3,1,1,True,False,True,False,4.0
34,1.9,0.8,0.7,1.1,0.1,2.5,3.2,1.7,2.7,8.3,176.8,13.4,80.0,5.3,3,1,1,True,False,True,False,5.0
32,4.0,2.8,0.0,0.5,1.4,4.5,4.0,1.6,1.1,0.0,136.7,15.3,51.0,1.4,8,0,0,False,False,True,False,4.0
24,5.5,3.3,1.5,0.1,0.3,4.5,4.0,1.2,1.3,0.8,114.8,14.3,47.0,1.0,10,1,1,True,False,True,False,3.0
39,4.3,2.3,0.1,0.1,2.9,2.9,3.5,1.1,1.6,4.6,150.0,18.9,76.0,6.9,4,1,1,True,False,False,True,4.0
16,5.3,1.9,0.0,1.2,1.0,4.5,3.8,0.9,1.3,1.8,209.5,8.7,44.0,1.0,10,0,0,False,False,False,False,3.0
39,2.8,2.2,1.6,0.4,0.0,4.3,4.0,2.1,1.3,1.3,26.6,13.9,61.0,4.5,7,0,1,False,True,False,False,5.0
68,2.8,1.6,1.3,0.4,0.3,1.1,1.3,3.1,2.7,7.1,152.6,34.5,90.0,10.0,1,0,1,True,False,False,True,5.0
47,2.3,0.2,0.5,1.0,1.5,3.4,4.4,1.2,1.2,2.9,78.3,27.2,73.0,3.8,5,0,0,False,False,False,True,4.0
50,4.0,1.1,1.8,0.6,2.1,2.3,2.8,1.8,1.6,6.0,132.1,17.5,78.0,6.4,3,1,1,True,False,True,False,4.0
45,5.8,2.0,2.0,0.8,1.8,3.4,3.7,1.1,1.8,2.3,206.8,16.9,64.0,4.2,5,0,0,False,False,False,True,5.0
28,4.1,1.2,1.8,0.4,0.6,1.6,2.2,2.6,1.8,1.9,174.3,19.3,73.0,8.1,2,0,0,False,False,False,True,5.0
15,5.4,1.6,1.7,0.4,0.8,4.5,4.0,0.6,1.0,1.0,192.3,12.3,59.0,1.0,10,0,1,False,False,False,False,4.0
60,2.4,2.4,0.0,0.2,0.7,1.7,2.6,2.8,2.0,4.0,173.6,20.9,83.0,7.6,2,1,0,True,False,False,True,5.0
30,7.7,2.1,2.9,1.0,2.0,4.5,4.3,0.3,1.0,0.0,191.4,8.5,49.0,1.8,10,0,0,False,False,True,False,4.0
68,6.9,3.0,2.1,0.7,1.5,2.2,2.9,2.2,2.1,4.2,131.3,35.4,75.0,7.0,3,0,1,False,False,False,True,4.0
60,3.7,2.3,0.5,0.8,1.0,1.6,2.3,2.5,2.4,4.5,244.0,28.2,75.0,7.9,2,0,0,True,False,False,True,5.0
66,3.5,2.3,1.5,0.0,0.7,1.0,0.8,2.5,2.7,4.6,101.9,27.2,82.0,8.1,1,1,0,True,False,False,False,4.0
17,6.1,1.4,1.7,1.0,0.9,4.5,4.3,1.1,0.8,0.1,88.6,7.6,45.0,1.0,10,0,1,True,False,False,True,3.0
49,3.9,0.8,1.5,0.8,1.4,3.7,3.6,1.4,1.5,0.8,185.9,15.6,58.0,3.6,6,0,0,True,False,True,False,4.0
55,8.3,1.6,3.5,1.0,2.7,4.5,3.6,1.8,0.6,0.0,123.8,8.3,46.0,1.0,9,0,0,False,False,False,False,3.0
20,4.2,1.3,0.0,0.8,1.6,4.5,4.0,0.9,0.8,0.0,33.8,8.4,55.0,1.0,9,0,1,True,False,False,True,4.0
39,2.8,1.8,0.0,0.8,1.1,2.2,2.8,2.5,2.0,2.8,127.9,33.5,69.0,8.5,3,0,0,True,False,False,False,4.0
27,1.8,1.0,0.0,0.0,1.0,1.4,2.2,2.0,3.3,3.1,177.6,36.9,67.0,8.0,2,0,0,False,False,False,True,5.0
67,8.4,2.8,1.6,1.3,3.1,2.9,3.2,1.6,1.9,4.0,210.4,30.8,73.0,6.4,4,1,1,True,False,True,False,4.0
48,4.6,1.3,2.1,0.0,2.2,3.4,3.9,1.1,0.8,4.0,120.1,18.1,66.0,5.4,5,0,1,False,False,False,True,4.0
22,8.0,1.7,1.9,1.2,2.4,4.1,4.2,1.3,1.2,2.4,153.3,17.3,62.0,2.8,7,0,0,True,False,False,False,4.0
35,4.9,2.0,1.2,0.6,2.1,4.3,4.0,1.5,1.0,0.0,153.4,17.6,53.0,3.1,7,0,1,False,False,False,True,4.0
48,5.4,3.0,1.9,0.0,1.4,3.5,3.7,1.4,1.0,1.2,162.7,18.1,58.0,3.8,6,0,0,False,False,True,False,4.0
18,8.3,3.6,1.2,0.5,2.6,4.5,3.7,1.4,0.9,0.0,221.8,8.2,48.0,1.0,10,0,0,False,False,True,False,4.0
39,5.2,3.6,2.3,0.0,0.0,4.5,3.9,1.3,1.1,1.5,93.7,10.1,55.0,1.0,9,1,1,True,False,False,False,4.0
29,7.9,0.8,2.7,1.3,3.0,4.5,4.0,1.6,1.0,0.9,100.5,17.6,53.0,1.0,9,0,0,False,False,True,False,3.0
18,5.3,1.7,0.5,0.3,2.1,4.5,4.0,1.1,1.3,3.4,186.0,18.6,57.0,3.5,8,1,1,True,False,False,True,4.0
59,3.1,1.5,1.2,0.0,1.9,3.2,3.8,1.6,0.9,0.0,103.5,21.6,64.0,5.0,5,0,0,True,False,True,False,5.0
74,4.7,2.3,1.4,1.0,0.6,1.0,1.4,2.9,2.2,4.7,154.8,16.6,94.0,9.2,1,1,1,True,False,False,True,5.0
26,8.8,2.3,3.1,0.6,2.3,3.2,3.7,1.2,1.5,4.8,171.5,18.9,68.0,4.6,5,1,1,False,False,False,True,3.0
46,4.7,1.5,0.6,0.9,2.5,4.0,4.0,1.7,1.1,1.1,136.0,13.0,62.0,2.0,8,1,1,True,False,False,True,4.0
46,4.3,1.4,2.7,0.5,0.7,4.2,4.0,1.5,1.4,0.5,67.5,14.0,52.0,1.3,8,1,1,False,False,True,False,4.0
42,2.0,1.1,0.0,1.3,0.7,2.6,2.7,2.1,1.7,3.2,207.2,20.5,77.0,7.4,3,0,1,True,False,False,True,4.0
27,4.2,0.2,2.9,0.4,0.4,3.6,3.5,1.3,0.9,2.3,213.6,23.8,72.0,3.4,6,0,0,True,False,False,True,5.0
45,4.0,0.8,2.4,0.0,1.9,2.1,3.2,1.8,1.5,4.0,169.7,24.2,82.0,6.2,3,1,1,False,False,False,False,4.0
28,5.3,2.8,1.3,0.0,1.3,4.5,4.0,1.9,1.1,0.0,48.5,16.9,40.0,1.0,9,0,0,True,False,False,True,3.0
34,9.3,3.3,2.5,0.9,3.5,4.5,4.2,1.2,0.6,1.5,152.2,17.3,60.0,1.0,9,0,1,False,False,False,False,3.0
32,3.8,3.2,0.9,0.2,0.0,3.6,4.0,2.6,1.4,0.3,140.7,16.8,56.0,3.3,6,0,0,True,False,False,True,3.0
43,4.2,2.8,0.5,1.4,0.5,1.6,2.2,2.6,2.8,4.2,150.0,19.5,78.0,6.8,2,0,0,False,False,False,False,5.0
74,4.9,1.1,3.4,0.0,1.4,1.6,2.6,2.5,3.0,6.0,173.2,33.6,81.0,8.3,2,1,1,False,False,False,True,5.0
20,6.2,0.9,0.9,1.2,2.1,4.5,4.3,1.5,0.6,0.0,109.6,16.6,60.0,2.1,9,0,0,True,False,True,False,3.0
46,4.0,0.4,2.2,0.3,2.0,2.7,3.4,1.5,2.0,7.2,112.8,14.4,76.0,7.4,4,1,1,True,False,True,False,4.0
43,6.2,1.5,2.7,1.4,1.5,3.0,3.7,2.2,2.6,3.6,117.5,22.8,71.0,6.5,4,0,1,False,False,False,True,4.0
57,6.4,2.1,2.4,0.9,1.8,3.7,3.7,1.6,1.1,0.0,61.1,9.2,62.0,4.5,6,1,1,False,False,True,False,5.0
16,6.2,1.1,2.2,0.7,1.5,4.5,4.1,1.5,1.3,2.2,174.3,9.1,55.0,1.0,9,0,1,True,False,True,False,4.0
74,7.3,2.4,2.2,1.0,2.4,4.5,4.1,1.2,0.8,1.1,221.7,16.2,56.0,1.0,9,1,0,True,False,False,True,4.0
37,6.5,2.6,2.7,1.3,0.8,4.5,3.9,0.9,0.7,0.0,92.6,11.0,44.0,1.0,10,0,0,False,False,False,False,4.0
33,4.1,1.6,1.8,0.6,1.0,1.6,2.3,2.0,2.3,3.5,74.3,25.1,79.0,8.4,2,1,1,False,False,True,False,4.0
45,3.4,0.8,1.5,0.0,2.1,2.7,3.3,2.5,1.8,0.6,188.3,19.7,63.0,6.1,4,0,1,True,False,False,True,5.0
65,6.6,3.2,0.0,1.3,3.0,3.2,3.6,1.5,1.5,4.9,65.1,11.3,66.0,5.3,5,0,0,False,False,False,False,4.0
19,5.8,2.0,1.8,0.4,0.8,4.5,4.3,0.7,1.3,0.0,159.2,10.2,49.0,1.0,10,1,0,True,False,False,False,4.0
33,9.5,3.7,2.6,2.1,1.6,4.5,3.9,0.6,1.6,0.8,127.1,14.2,51.0,1.0,10,0,0,False,False,False,True,3.0
48,2.4,2.1,0.3,0.2,1.0,1.0,1.3,2.6,2.7,5.4,215.8,32.1,95.0,9.3,1,0,0,True,False,True,False,5.0
24,5.8,2.1,1.2,0.4,2.0,4.5,4.1,0.6,0.8,0.7,126.3,8.7,42.0,1.0,10,0,0,False,True,False,True,3.0
39,2.9,1.1,2.0,1.0,0.0,0.6,1.1,2.2,2.7,3.2,122.1,34.1,87.0,7.3,1,1,1,False,False,True,False,5.0
16,7.8,1.6,3.2,1.1,1.1,4.5,3.7,1.8,0.7,0.0,161.9,15.4,46.0,1.1,8,1,0,False,False,False,True,3.0
25,2.8,0.6,0.2,0.9,0.8,2.7,3.3,1.2,2.8,4.7,180.3,19.5,66.0,5.5,4,1,0,False,False,True,False,3.0
64,3.5,0.8,2.4,0.3,1.1,0.8,1.2,1.7,2.3,4.7,120.2,20.3,82.0,8.2,1,1,0,False,False,False,True,4.0
45,2.5,2.7,1.1,0.0,0.0,1.3,2.3,2.7,2.9,5.1,97.2,22.5,85.0,7.9,2,1,1,False,False,False,True,4.0
70,4.8,1.7,0.8,0.2,3.4,1.9,3.2,2.3,2.3,6.1,233.5,26.3,79.0,5.9,3,1,0,True,False,False,True,4.0
29,1.5,1.6,0.5,0.0,0.0,1.6,2.0,2.4,2.3,4.2,152.3,29.3,80.0,8.2,2,0,1,False,False,False,True,4.0
23,6.2,1.3,0.8,1.8,1.9,4.5,4.3,0.8,1.7,0.0,204.6,9.4,52.0,1.0,10,0,1,False,False,False,True,4.0
37,2.6,1.7,2.0,0.0,0.1,4.0,4.0,1.5,1.0,1.7,99.5,17.8,64.0,5.7,6,0,1,False,False,True,False,4.0
33,4.0,3.0,1.2,0.4,0.2,3.2,3.2,1.6,1.1,1.8,204.6,29.9,74.0,3.1,5,0,0,True,False,False,True,5.0
23,7.7,2.1,2.3,1.0,1.5,4.5,4.0,0.8,0.8,1.5,166.4,12.4,50.0,1.0,10,0,1,True,False,False,True,3.0
49,2.6,0.9,0.3,0.6,2.1,0.7,1.0,2.9,3.1,3.9,114.3,24.1,94.0,9.4,1,0,1,True,False,False,True,4.0
35,4.8,2.9,2.3,0.2,0.3,3.8,3.8,1.7,1.2,2.0,229.2,19.1,63.0,5.1,6,0,1,False,False,False,False,4.0
23,6.6,3.6,2.0,0.5,0.3,4.5,3.8,0.7,1.7,1.0,195.3,14.1,52.0,1.0,10,1,1,True,False,False,True,4.0
42,1.4,2.4,0.0,0.2,0.1,0.7,1.1,2.7,2.8,4.2,128.1,25.0,81.0,10.0,1,1,1,False,False,True,False,5.0
60,7.1,2.8,3.2,0.4,1.6,4.4,3.9,1.7,1.7,0.0,166.9,15.6,48.0,1.3,8,1,0,False,False,True,False,4.0
65,5.4,3.1,1.9,0.8,0.4,3.8,3.9,0.9,1.0,1.0,138.3,9.7,48.0,2.2,7,1,0,False,False,True,False,4.0
21,6.3,0.5,2.3,0.0,2.7,4.5,4.0,0.8,1.4,0.4,92.0,11.8,37.0,1.0,10,0,0,False,False,False,True,4.0
30,7.8,3.7,2.8,1.2,0.2,4.5,4.0,1.0,0.8,2.4,102.8,12.1,52.0,1.0,9,0,0,True,False,False,True,3.0
30,7.7,3.0,2.6,0.6,1.9,4.5,4.2,1.1,0.9,1.2,194.8,11.3,59.0,1.0,10,1,0,True,False,True,False,4.0
74,6.0,2.4,1.4,0.2,2.9,2.1,3.1,1.6,2.3,4.4,139.7,13.3,78.0,7.1,3,1,0,True,False,True,False,3.0
47,5.0,1.9,2.3,0.4,1.5,3.4,3.8,1.6,1.4,2.6,107.3,10.7,66.0,3.9,6,1,1,False,False,True,False,4.0
18,3.2,0.8,0.0,1.3,0.0,2.7,3.3,1.6,1.9,3.3,99.1,20.9,71.0,6.0,4,1,1,True,False,False,True,5.0
18,7.1,1.7,1.9,1.1,1.8,4.5,4.3,0.8,0.8,1.4,161.2,10.3,62.0,2.0,8,0,1,False,False,False,True,4.0
53,6.8,2.4,3.4,0.7,1.2,4.5,4.1,1.3,1.4,0.0,174.5,11.7,50.0,1.8,10,0,1,True,False,False,True,3.0
54,2.0,1.0,0.7,0.2,1.4,3.0,3.5,1.6,1.4,1.9,193.3,14.1,60.0,5.9,5,0,0,True,False,False,False,5.0
31,7.8,1.9,2.5,0.9,3.0,4.5,4.1,0.5,0.9,0.0,186.3,6.8,51.0,1.5,10,0,1,True,False,True,False,3.0
51,5.1,0.9,3.5,0.6,1.5,3.5,3.9,1.6,1.3,0.4,195.1,21.8,55.0,2.5,6,0,0,False,False,True,False,3.0
53,6.6,1.7,2.3,1.6,1.9,3.3,3.8,1.6,1.3,2.8,75.5,11.7,68.0,7.4,5,1,0,False,False,False,False,4.0
74,4.2,0.8,2.6,0.6,0.7,0.6,1.3,2.2,2.9,6.2,204.7,18.8,79.0,10.0,1,1,1,True,False,False,False,4.0
66,2.3,0.7,0.0,1.6,1.1,1.0,1.7,2.3,2.3,5.3,140.0,17.3,95.0,10.0,1,0,0,False,False,False,False,5.0
43,4.9,2.3,0.5,0.7,2.5,4.5,4.0,1.2,0.9,0.8,197.1,12.3,50.0,1.7,8,0,0,True,False,True,False,4.0
66,5.3,1.5,3.1,0.0,1.5,4.5,3.5,0.8,1.2,1.8,155.4,8.3,62.0,1.7,8,1,0,False,True,False,True,4.0
50,7.5,1.6,2.6,2.6,1.7,3.5,3.3,2.0,0.7,3.1,41.6,20.2,69.0,4.9,6,1,1,False,False,False,True,3.0
74,5.1,1.4,2.0,0.0,2.4,4.3,3.6,2.5,1.1,1.1,166.1,20.1,58.0,1.0,8,1,0,True,False,True,False,4.0
52,7.8,4.5,1.2,0.0,3.0,4.5,4.1,0.6,0.5,0.0,197.0,7.9,48.0,1.0,10,0,0,False,False,True,False,3.0
53,3.7,2.5,1.8,0.0,0.2,0.8,1.5,2.3,2.9,4.2,224.9,15.0,78.0,9.9,1,1,1,True,False,False,True,4.0
64,7.6,2.6,3.4,2.2,0.9,4.5,4.3,0.5,1.4,0.0,157.9,11.4,45.0,1.0,10,1,0,False,True,False,True,3.0
51,6.5,1.3,1.4,1.9,2.9,4.5,3.9,1.1,0.3,0.0,137.8,8.3,40.0,1.0,10,1,0,True,False,False,False,3.0
66,7.6,2.5,2.3,0.7,3.4,4.5,3.9,1.3,1.0,0.0,130.9,10.3,51.0,1.0,10,0,1,False,False,True,False,4.0
49,4.9,1.8,2.2,0.9,1.1,3.6,3.9,1.8,0.9,2.4,137.7,10.5,66.0,5.1,6,0,0,True,False,False,False,4.0
21,5.3,1.3,0.8,0.8,1.7,2.6,3.4,2.0,2.1,4.1,181.7,19.3,67.0,6.3,4,1,0,False,False,True,False,3.0
41,5.3,3.7,0.9,0.0,1.8,4.5,4.1,1.6,0.4,0.0,180.7,16.3,52.0,1.3,9,0,0,False,False,True,False,4.0
42,7.6,2.5,3.2,1.5,1.6,4.5,3.8,1.1,0.3,1.0,81.0,9.6,53.0,1.6,9,0,0,False,False,False,False,4.0
36,6.9,2.5,2.1,1.4,1.6,3.3,3.7,0.8,1.9,4.3,137.1,23.1,64.0,3.9,5,0,1,False,False,False,True,3.0
28,4.8,1.1,0.8,0.0,2.8,2.1,3.0,2.4,2.2,4.7,208.0,29.8,78.0,7.9,3,1,1,False,False,False,True,5.0
21,3.2,0.9,1.2,0.8,0.0,4.2,4.2,1.6,1.4,1.8,159.0,12.6,71.0,2.8,7,0,0,True,False,False,True,4.0
51,2.8,1.9,0.4,0.6,0.7,0.6,1.4,2.8,2.8,5.6,122.0,35.3,81.0,8.1,1,1,1,True,False,True,False,4.0
36,5.7,1.5,2.7,0.5,2.0,4.2,4.3,1.6,1.6,0.0,98.8,16.4,49.0,4.0,7,0,1,True,False,True,False,4.0
19,5.7,2.6,1.2,0.2,0.9,4.5,4.1,1.4,0.5,1.4,85.0,10.0,45.0,1.0,9,0,1,False,True,False,True,3.0
69,5.4,2.6,1.2,0.5,1.7,3.0,3.3,1.9,1.1,1.3,77.9,15.9,67.0,5.6,4,0,0,True,False,False,True,4.0
16,8.3,2.1,2.4,0.3,2.5,4.5,3.9,0.8,1.3,0.0,119.2,7.6,49.0,1.0,10,0,1,False,False,False,True,3.0
41,6.1,2.7,0.0,1.2,3.0,3.8,3.7,2.3,1.0,4.3,153.1,14.0,62.0,2.7,6,0,1,False,False,False,True,4.0
35,5.1,2.2,1.5,0.6,1.7,2.7,3.6,1.7,1.9,2.7,85.6,19.0,72.0,4.5,4,0,0,True,False,True,False,4.0
68,4.9,1.2,1.5,0.2,2.9,3.8,3.8,1.1,1.4,0.1,159.5,23.6,56.0,5.0,6,0,1,True,False,False,False,3.0
52,3.9,1.8,1.2,0.6,1.5,4.5,3.9,1.3,1.7,0.1,152.0,14.8,52.0,1.0,9,0,0,True,False,False,False,5.0
29,5.0,2.1,0.9,0.5,1.1,0.9,1.5,2.4,2.9,5.9,199.1,38.7,75.0,8.8,1,0,1,True,False,False,True,4.0
35,2.2,2.8,0.7,0.5,0.0,0.9,1.5,2.1,2.7,4.5,185.3,18.2,82.0,8.3,1,0,1,True,False,False,True,5.0
24,5.6,2.2,1.8,1.0,0.4,4.5,4.1,1.5,1.4,0.0,148.8,11.2,42.0,1.0,10,1,1,True,False,False,True,4.0
37,2.6,1.5,0.4,0.4,1.4,0.3,1.2,2.8,2.3,3.1,172.2,23.2,81.0,9.3,1,1,0,False,False,False,True,4.0
72,5.5,2.9,1.7,0.3,1.4,1.5,2.1,2.2,1.6,4.4,140.3,36.0,76.0,6.5,2,1,1,False,True,False,True,3.0
70,3.4,2.3,0.9,0.0,1.6,2.0,3.2,2.3,2.1,2.7,151.2,19.7,85.0,7.8,3,1,0,True,False,False,False,5.0
53,7.2,3.4,1.0,0.6,3.2,4.3,4.0,2.0,1.9,0.2,129.3,18.3,53.0,2.6,8,1,1,True,False,False,False,5.0
19,8.2,2.1,1.7,1.3,2.2,4.5,4.2,0.2,1.4,0.0,112.6,14.6,51.0,1.0,10,0,0,True,False,False,True,3.0
15,5.5,1.1,1.0,0.5,2.2,4.5,3.7,1.5,0.5,0.0,122.4,14.0,48.0,1.0,10,1,0,False,False,True,False,4.0
27,9.5,3.1,2.9,0.3,3.2,4.5,4.0,0.4,1.2,0.0,237.9,14.2,52.0,1.0,10,1,0,False,False,False,True,3.0
35,2.9,1.5,1.3,0.1,1.0,1.0,1.0,3.1,3.6,5.2,179.1,32.2,95.0,7.8,1,1,1,True,False,False,False,5.0
40,4.8,2.3,2.7,0.0,0.9,1.7,2.4,1.8,2.4,4.8,157.5,23.5,78.0,8.4,2,1,1,True,False,True,False,4.0
64,5.8,2.2,0.7,1.3,2.6,4.5,3.9,1.9,0.9,0.0,42.2,11.8,50.0,2.9,8,0,0,False,False,False,True,3.0
59,4.3,2.0,0.6,0.9,1.9,3.2,3.8,1.2,1.0,2.2,80.3,12.8,65.0,5.9,5,1,0,False,False,False,True,3.0
35,3.5,1.8,0.0,1.1,1.4,3.5,3.8,2.4,1.3,8.1,76.0,13.6,66.0,3.3,5,1,0,True,False,False,True,5.0
67,2.7,0.5,1.0,0.8,1.3,1.5,2.3,2.2,1.9,7.1,88.5,16.8,85.0,9.0,2,0,1,False,False,True,False,5.0
32,2.9,1.1,1.2,0.1,1.2,1.4,2.3,2.1,2.2,5.8,133.3,21.5,75.0,10.0,2,0,1,True,False,True,False,4.0
51,5.3,3.0,1.6,0.4,1.3,4.0,3.8,1.3,1.9,1.7,126.0,16.7,57.0,1.5,7,0,0,True,False,True,False,4.0
59,5.3,2.4,2.3,0.3,1.4,3.4,3.2,1.7,0.9,4.2,212.1,26.3,67.0,5.5,5,1,1,False,False,True,False,4.0
46,6.6,3.7,2.2,0.3,1.1,3.2,3.6,1.9,1.6,4.2,122.5,15.2,71.0,5.0,5,0,1,False,False,False,False,3.0
50,5.3,1.1,2.7,0.4,2.0,2.3,2.5,1.7,2.9,6.0,138.7,18.7,78.0,7.6,3,0,1,True,False,False,True,4.0
31,5.4,2.0,0.5,1.3,2.1,4.0,3.7,1.9,1.2,0.0,172.7,14.9,53.0,2.4,7,1,1,False,False,False,True,3.0
49,6.2,3.0,1.5,1.8,0.8,4.5,4.0,1.2,1.5,0.9,137.1,6.2,49.0,1.1,9,0,1,True,False,False,True,4.0
63,3.8,1.5,0.4,0.1,2.3,2.5,3.0,1.7,1.8,5.5,180.0,15.8,75.0,7.2,3,0,1,False,False,False,False,4.0
74,3.0,1.6,2.0,0.5,0.1,1.6,2.5,2.5,2.1,6.0,90.8,31.9,89.0,7.0,2,1,0,False,False,True,False,4.0
25,8.3,1.7,3.5,0.7,1.9,4.5,4.0,1.8,1.2,2.4,200.9,8.3,47.0,1.0,10,1,1,False,False,False,True,3.0
35,2.9,1.6,0.2,0.0,2.0,2.5,3.6,1.8,1.4,4.4,133.8,14.3,78.0,5.4,4,1,0,False,False,True,False,4.0
66,5.6,2.5,2.3,0.6,1.3,2.8,3.7,1.0,1.2,9.0,94.5,27.1,72.0,5.6,5,1,0,True,False,False,False,3.0
69,4.2,0.4,2.7,0.8,1.5,2.6,3.5,2.0,1.9,6.2,112.1,25.7,59.0,6.6,4,0,1,False,False,True,False,4.0
67,5.0,3.5,0.5,0.6,1.2,2.3,2.7,2.4,2.6,4.7,144.7,18.6,64.0,7.7,3,1,1,False,False,False,True,4.0
40,4.1,1.1,2.0,1.0,0.9,3.2,4.0,1.3,1.4,1.5,209.0,28.4,61.0,4.1,5,1,0,False,False,False,False,4.0
18,4.5,0.2,1.1,0.6,1.4,4.4,3.7,1.8,1.3,1.6,115.0,20.3,63.0,3.7,8,1,0,True,False,False,True,5.0
48,3.6,2.0,1.4,0.0,0.9,3.8,3.9,0.8,1.8,0.0,99.3,11.5,55.0,1.4,7,1,0,False,False,False,True,4.0
66,4.4,1.7,1.1,0.0,2.5,3.0,4.0,0.9,0.5,3.1,82.2,27.3,63.0,3.9,5,0,1,False,False,False,False,4.0
62,3.4,1.8,1.3,1.5,0.0,1.5,1.9,2.4,2.6,4.0,91.2,19.7,77.0,6.9,2,0,1,True,False,False,False,4.0
74,6.8,2.3,2.8,0.9,1.3,4.5,3.8,1.4,0.3,0.6,144.7,16.6,56.0,3.6,8,1,0,False,False,False,False,3.0
32,3.2,2.6,1.4,0.0,0.0,3.0,2.9,1.6,1.5,1.9,107.8,17.1,64.0,7.0,4,0,1,True,False,False,True,4.0
54,3.8,3.5,0.8,0.0,0.3,2.1,3.1,2.2,2.5,2.9,85.3,32.1,74.0,6.8,3,1,1,True,False,False,True,4.0
49,3.4,1.4,1.6,1.0,0.8,2.6,3.4,1.6,2.3,2.1,135.2,15.9,67.0,6.8,4,0,0,False,False,False,False,5.0
55,5.1,2.7,0.0,0.3,2.7,3.1,3.5,1.6,1.2,2.7,104.9,10.6,71.0,5.8,5,1,1,False,False,True,False,3.0
43,4.3,2.6,0.6,0.0,2.6,3.5,3.5,1.4,1.1,4.2,140.2,13.2,79.0,4.1,5,0,1,False,False,False,False,4.0
66,4.7,0.2,2.9,1.2,1.5,2.7,3.3,1.8,1.8,5.4,151.5,21.1,76.0,4.8,4,1,1,True,False,False,True,4.0
43,3.8,1.3,1.3,1.0,1.5,2.3,3.1,1.9,2.9,4.4,127.6,16.2,71.0,7.9,3,1,0,False,True,False,False,4.0
52,3.6,0.8,1.0,0.1,2.4,0.8,1.1,2.9,2.9,5.9,177.5,25.7,81.0,8.3,1,1,1,True,False,False,False,4.0
56,6.7,2.4,1.7,1.3,2.5,4.2,3.9,1.7,1.5,4.5,164.0,10.0,58.0,2.6,8,0,1,True,False,False,True,3.0
35,4.6,2.3,2.3,0.1,0.8,2.2,3.0,1.4,2.2,4.7,148.2,19.6,68.0,5.8,3,0,0,True,False,False,True,5.0
56,6.7,2.3,3.0,0.2,2.1,4.5,3.9,1.4,0.4,0.0,139.8,17.4,53.0,1.0,9,0,0,False,False,False,True,3.0
27,3.0,1.7,1.0,0.3,0.4,1.6,2.4,2.6,2.7,7.1,177.0,15.1,74.0,7.9,2,1,1,False,False,False,True,5.0
63,3.1,1.8,1.0,0.0,1.0,2.2,2.8,1.7,1.8,6.0,94.5,23.8,69.0,9.2,3,1,1,False,False,True,False,4.0
55,5.1,2.0,1.3,0.8,2.0,2.0,2.8,2.6,2.0,4.2,165.5,32.7,71.0,6.5,3,1,1,False,False,False,True,4.0
31,5.7,1.6,2.6,0.9,0.7,4.0,3.7,1.3,0.6,1.4,214.9,16.0,56.0,4.3,6,0,0,True,False,True,False,4.0
70,4.8,2.7,1.6,0.3,1.0,1.6,2.0,2.0,2.1,5.1,60.5,38.5,84.0,7.9,2,0,1,False,False,False,False,4.0
23,6.2,1.0,3.9,1.0,0.0,4.5,3.9,0.7,1.0,2.2,45.6,8.2,54.0,1.0,9,0,1,True,False,False,True,4.0
55,3.4,1.3,1.3,0.0,1.9,1.5,2.3,2.7,1.8,5.8,29.1,14.1,79.0,8.0,2,0,1,False,False,False,False,3.0
15,7.9,2.1,3.4,1.0,0.5,4.5,4.1,1.3,0.4,0.4,76.6,6.5,55.0,1.0,9,0,0,True,False,False,True,4.0
16,4.7,1.7,0.5,0.8,0.6,3.3,3.8,0.9,1.8,6.2,169.1,22.5,85.0,5.7,5,1,0,False,False,False,True,5.0
74,3.2,1.0,0.0,0.2,2.8,1.8,2.6,2.7,2.3,6.5,134.1,22.9,77.0,6.5,2,1,1,False,False,False,True,4.0
62,4.2,2.5,1.4,0.8,0.7,2.8,3.0,2.4,2.0,5.5,134.3,27.3,77.0,6.7,3,1,1,False,False,False,True,4.0
43,5.8,1.5,2.8,0.1,2.2,4.5,3.7,0.8,1.1,0.0,110.7,14.3,51.0,1.0,10,1,0,False,False,True,False,3.0
47,5.1,1.2,1.0,1.3,2.5,4.1,3.6,1.9,0.7,2.5,64.2,19.2,55.0,3.7,7,0,0,True,False,False,True,4.0
24,6.3,1.8,0.8,0.9,2.3,4.5,4.0,0.3,1.8,0.7,130.2,13.1,50.0,1.3,10,1,0,False,False,False,True,3.0
64,4.9,1.2,2.6,0.8,1.2,3.9,4.0,1.4,1.4,0.9,135.9,11.9,53.0,3.6,7,0,0,True,False,False,True,4.0
72,4.8,2.0,2.3,0.3,1.0,4.0,3.6,1.8,1.5,0.4,201.2,12.6,58.0,2.2,7,0,0,False,False,False,False,4.0
74,2.7,1.7,0.6,1.1,0.5,0.8,1.6,3.7,3.1,5.1,173.0,26.9,83.0,9.0,1,1,1,False,False,False,True,4.0
54,2.4,1.5,0.6,1.3,0.0,1.7,2.6,2.7,2.9,6.2,47.0,13.7,80.0,7.3,2,1,0,True,False,False,True,4.0
35,7.0,1.5,2.4,1.6,2.2,4.5,4.2,1.5,1.4,1.9,133.1,13.4,52.0,2.4,8,0,1,False,True,False,True,4.0
42,4.6,2.9,0.0,0.3,2.1,0.6,1.3,2.2,2.7,5.4,71.0,34.8,87.0,8.3,1,1,1,False,False,False,True,4.0
25,8.5,2.3,2.7,1.1,1.9,4.5,3.7,0.7,0.9,0.0,91.3,8.8,49.0,1.0,10,0,0,True,False,False,True,3.0
69,3.0,0.5,2.3,1.4,0.0,2.3,3.1,2.6,1.7,0.9,181.3,27.5,67.0,6.4,3,0,0,False,False,False,True,5.0
48,4.0,2.8,0.0,0.5,1.2,2.1,3.0,2.5,1.8,3.7,97.6,17.8,80.0,6.2,3,0,0,True,False,False,True,4.0
22,8.4,2.5,1.5,1.4,2.0,4.5,4.0,1.4,1.5,0.4,229.7,10.3,49.0,1.0,10,0,0,False,False,False,False,3.0
73,4.6,2.4,0.0,0.7,2.7,1.0,1.5,2.5,2.3,5.8,103.9,28.7,88.0,8.8,1,1,1,False,False,True,False,4.0
36,3.6,2.8,0.2,0.0,1.7,4.5,3.9,0.7,1.4,0.0,132.8,9.7,45.0,1.0,10,0,0,False,True,True,False,5.0
22,5.4,2.0,0.9,0.2,1.6,4.5,4.0,0.4,1.2,1.1,117.9,11.6,47.0,1.0,10,0,1,False,False,True,False,4.0
63,2.2,2.6,0.1,0.0,0.7,2.0,2.9,2.4,2.1,7.1,108.6,33.1,76.0,6.1,3,1,0,True,False,False,True,4.0
29,7.8,1.6,3.9,0.6,1.8,4.5,3.8,2.1,1.0,1.5,45.9,19.1,61.0,1.0,8,1,0,False,False,True,False,3.0
31,6.6,2.8,2.5,0.5,1.2,4.3,3.8,1.5,0.2,2.0,143.5,7.5,55.0,2.8,8,0,1,True,False,False,True,3.0
74,5.9,2.2,3.0,0.7,0.7,1.3,2.2,2.1,2.1,4.6,221.7,14.4,74.0,8.2,2,1,1,False,False,False,True,4.0
37,2.8,0.8,1.3,1.4,0.2,4.1,3.6,1.1,1.0,1.2,221.0,9.8,58.0,4.3,7,0,1,False,False,False,True,5.0
38,4.0,2.9,1.5,0.6,0.5,4.1,4.3,2.0,1.0,0.3,91.2,19.6,47.0,1.7,8,1,0,True,False,False,True,4.0
59,6.4,1.9,3.2,0.4,1.7,4.1,3.9,1.3,1.3,1.9,96.2,9.1,68.0,3.4,7,1,0,True,False,True,False,5.0
33,3.9,1.8,2.0,0.5,0.0,4.2,4.0,1.2,1.3,1.2,210.6,17.4,69.0,1.9,7,1,1,False,False,True,False,5.0
19,5.6,1.6,2.2,0.0,1.1,4.5,3.8,0.2,0.6,0.0,140.0,11.4,38.0,1.0,10,0,1,False,False,True,False,3.0
46,4.9,1.7,0.5,1.0,2.7,3.9,3.7,1.9,0.5,1.4,111.7,17.5,58.0,2.0,7,1,1,True,False,False,False,4.0
58,2.2,2.2,0.5,0.5,0.0,0.9,1.1,3.8,3.0,5.2,140.2,34.5,82.0,9.3,1,0,0,True,False,False,False,5.0
15,6.2,1.1,1.8,0.6,1.8,4.5,3.8,1.1,0.8,0.0,206.7,8.5,43.0,1.0,10,0,0,True,False,False,True,4.0
37,4.5,0.6,1.9,0.5,1.9,1.4,2.4,1.9,2.9,5.7,182.2,31.7,82.0,8.1,2,1,1,False,False,False,True,4.0
51,2.0,1.0,0.4,0.7,1.1,3.6,3.7,1.3,1.1,0.8,189.0,21.1,70.0,3.0,6,0,1,True,False,False,True,4.0
22,7.0,2.3,1.9,0.0,2.0,4.5,4.3,0.0,1.5,0.0,145.7,6.6,48.0,1.0,10,1,0,False,False,False,True,3.0
27,4.1,1.9,0.2,0.6,1.2,4.5,3.8,2.1,0.9,0.8,150.4,13.8,77.0,1.4,8,1,0,True,False,False,True,4.0
22,7.3,3.0,1.5,0.2,2.2,4.5,4.1,0.6,1.1,0.0,98.0,13.2,48.0,1.1,10,1,0,False,False,True,False,3.0
71,1.6,1.9,0.0,0.6,0.3,1.8,1.9,2.6,2.7,1.9,199.8,25.7,77.0,8.3,2,0,0,True,False,False,True,5.0
37,8.1,2.8,3.0,0.0,3.3,3.5,3.5,1.5,0.9,3.5,70.0,20.1,64.0,4.3,5,0,0,False,False,False,True,4.0
57,5.5,1.4,1.2,0.9,2.8,2.0,2.9,2.9,2.2,5.3,156.5,38.2,87.0,7.9,2,0,0,True,False,False,False,4.0
15,4.0,1.6,0.7,0.6,0.0,3.2,3.4,1.5,2.2,3.6,68.1,14.8,69.0,6.3,5,0,0,False,False,False,True,5.0
59,4.3,2.0,0.2,0.0,2.6,2.5,3.2,2.5,1.9,3.8,126.3,29.1,78.0,7.2,3,1,1,True,False,False,True,4.0
65,2.9,1.9,0.1,1.2,0.8,2.8,3.5,1.7,1.7,2.0,115.2,25.0,70.0,6.5,4,0,0,False,False,False,True,5.0
38,5.8,1.8,2.0,0.3,2.8,4.5,3.9,0.5,1.1,0.0,131.2,14.7,51.0,1.0,10,0,0,False,False,False,True,4.0
49,5.8,1.2,2.6,0.4,2.4,4.2,3.6,1.8,1.3,0.0,11.7,17.1,47.0,4.3,7,1,0,True,False,False,False,4.0
38,3.1,0.6,2.5,1.1,0.3,1.3,2.3,2.6,2.7,4.4,152.7,15.8,84.0,6.9,2,0,0,False,False,False,True,4.0
31,8.2,2.6,3.0,1.2,2.0,4.5,3.8,0.7,1.0,0.0,136.3,14.8,50.0,1.0,10,1,1,False,False,False,True,3.0
19,7.6,2.5,3.4,0.3,0.7,4.5,3.8,0.6,1.3,0.3,132.1,7.4,42.0,1.0,10,1,0,True,False,False,True,3.0
34,5.7,1.4,2.6,0.7,1.9,2.9,3.0,2.4,1.4,4.2,59.5,17.4,72.0,6.4,4,1,0,True,False,False,False,3.0
35,4.5,2.3,0.9,1.0,1.4,1.6,2.3,3.2,2.6,1.2,64.2,23.3,72.0,6.3,2,0,0,True,False,False,True,4.0
54,4.2,1.9,1.7,1.4,0.7,2.7,3.3,1.3,1.5,2.5,88.1,28.2,59.0,6.9,4,0,1,False,False,False,True,4.0
72,3.2,3.0,0.0,0.7,0.1,1.9,2.1,1.9,2.9,7.8,126.3,13.2,78.0,6.7,2,1,1,False,False,False,True,5.0
45,4.8,0.8,2.2,0.9,1.6,4.5,3.7,1.4,1.8,2.0,172.0,16.1,49.0,1.0,9,1,0,True,False,True,False,3.0
60,4.2,1.9,1.7,0.1,1.9,4.5,3.8,1.4,0.3,0.0,179.8,17.6,47.0,2.6,9,0,1,False,False,False,True,4.0
50,5.5,1.8,3.3,0.0,1.2,4.5,4.0,1.9,1.8,0.0,114.4,17.4,56.0,2.6,8,1,0,False,False,False,False,4.0
25,4.5,2.1,0.7,0.9,0.6,4.2,3.9,1.5,1.0,3.2,180.3,8.2,69.0,2.3,7,0,0,False,False,False,False,5.0
66,5.6,3.4,2.1,0.1,0.9,4.5,3.9,2.5,1.4,0.7,176.0,20.4,53.0,2.0,8,0,1,False,False,False,False,4.0
29,2.4,1.9,0.4,0.0,0.3,2.1,3.2,2.3,2.1,1.8,165.8,11.2,68.0,5.4,4,0,0,False,False,True,False,5.0
33,6.1,2.7,1.4,1.0,2.1,4.5,4.3,2.2,0.4,0.0,146.8,16.5,47.0,2.0,8,1,1,False,False,False,True,4.0
21,3.2,1.9,0.0,0.5,0.0,4.5,3.8,0.8,1.0,1.2,127.9,6.0,53.0,1.0,9,0,0,True,False,False,True,4.0
65,8.0,3.0,3.0,0.7,2.4,4.2,3.9,0.8,0.5,5.6,155.4,12.9,67.0,3.4,7,1,0,False,False,True,False,3.0
42,5.1,2.7,2.7,0.0,1.3,3.3,3.8,1.1,0.9,5.1,90.0,25.0,67.0,4.6,5,1,1,False,False,True,False,4.0
65,3.7,1.7,1.0,0.1,1.9,2.5,2.9,2.3,2.7,4.1,175.9,34.6,77.0,6.4,3,1,1,True,False,True,False,4.0
57,5.6,1.6,1.8,1.6,2.0,4.4,3.5,1.9,1.4,2.1,211.1,8.4,64.0,3.3,7,0,1,False,False,False,False,4.0
72,4.9,2.4,1.5,0.2,1.5,4.5,4.0,1.4,0.4,0.0,171.8,18.6,43.0,1.0,8,0,1,False,False,True,False,4.0
19,4.4,1.4,0.8,0.5,1.0,4.5,4.0,1.4,0.5,2.2,155.4,11.7,58.0,1.0,9,0,0,False,False,False,True,4.0
19,7.8,2.2,1.6,0.7,2.5,4.5,3.6,2.1,1.4,2.9,141.7,15.2,51.0,1.1,8,1,0,True,False,False,True,3.0
44,1.8,1.7,1.0,0.0,0.0,0.8,1.3,3.1,3.1,6.3,116.1,25.4,90.0,8.2,1,1,1,True,False,True,False,5.0
68,8.0,2.3,2.6,1.4,2.7,4.3,3.8,1.1,1.2,0.3,107.5,13.4,64.0,3.4,7,1,1,False,False,False,True,3.0
46,3.0,1.9,1.3,0.6,0.3,2.3,3.1,2.0,2.1,3.4,157.7,16.4,66.0,6.6,3,1,1,False,False,False,False,4.0
22,7.9,1.4,4.1,0.5,1.1,4.5,3.7,0.3,0.8,0.1,238.8,8.6,47.0,1.4,10,0,0,True,False,False,True,4.0
24,8.7,3.0,1.4,1.2,2.8,4.5,4.1,0.0,1.0,0.0,129.1,13.9,49.0,1.0,10,0,0,False,False,False,True,4.0
52,7.2,2.2,1.6,1.1,3.6,4.5,3.9,0.9,1.3,0.3,154.0,5.9,52.0,1.0,10,1,0,False,False,False,False,3.0
61,6.6,2.0,2.1,1.8,1.6,4.3,3.7,0.9,1.0,0.0,130.7,20.5,47.0,1.0,8,0,1,True,False,False,True,3.0
46,4.1,2.4,2.4,0.3,0.0,4.0,4.0,1.2,1.1,1.4,127.1,10.3,57.0,1.0,7,1,0,True,False,False,True,4.0
62,5.3,0.5,1.6,1.9,2.3,3.7,3.9,0.8,2.1,1.1,92.7,9.9,56.0,5.0,6,1,1,True,False,False,True,4.0
42,7.4,3.9,2.1,1.0,1.4,4.5,4.0,1.2,1.0,0.0,146.8,10.5,49.0,1.0,10,0,1,False,False,True,False,3.0
31,5.1,2.0,1.7,1.6,0.3,2.7,3.5,1.9,1.2,4.2,151.9,33.0,59.0,6.5,4,1,1,True,False,False,True,4.0
45,3.0,0.2,0.6,1.2,1.6,3.4,3.5,2.5,1.5,6.7,110.9,25.9,78.0,4.0,5,0,0,True,False,False,True,4.0
22,4.1,3.1,0.3,0.2,0.1,4.5,3.9,1.3,1.1,0.1,94.0,9.2,51.0,1.0,10,0,1,True,False,False,True,4.0
54,3.8,1.3,2.3,0.1,1.6,1.5,2.6,2.2,2.3,6.3,227.9,33.7,80.0,8.4,2,1,1,True,False,False,False,5.0
39,5.6,2.9,3.2,0.0,0.5,4.5,3.4,1.9,0.9,0.0,137.8,18.7,52.0,1.4,8,0,0,True,False,True,False,4.0
23,2.8,2.1,0.0,0.0,0.0,3.6,3.4,1.5,0.8,1.4,249.6,13.3,64.0,5.3,6,0,0,True,False,False,True,5.0
16,1.3,0.6,0.0,0.2,0.0,2.9,3.3,1.7,1.8,5.8,155.4,12.0,69.0,6.3,4,1,1,False,False,False,True,5.0
29,4.2,2.2,0.0,1.4,0.8,1.5,2.2,2.2,2.9,4.7,124.6,36.6,79.0,7.4,2,1,0,False,False,False,True,4.0
64,5.4,2.2,2.4,0.3,1.9,4.5,4.2,1.5,1.2,0.0,136.4,8.6,49.0,1.0,9,1,1,True,False,False,True,3.0
17,9.4,3.0,2.4,0.2,2.7,4.5,3.8,1.4,0.9,0.0,197.4,13.9,49.0,1.4,8,0,1,True,False,False,True,4.0
63,5.7,2.5,0.4,1.0,2.8,3.1,3.7,1.3,1.2,1.5,201.1,14.5,73.0,5.4,5,0,0,False,True,False,True,4.0
50,3.7,0.9,3.9,0.1,0.0,0.8,1.4,2.5,2.7,5.6,208.2,24.0,77.0,9.8,1,1,0,True,False,False,True,5.0
18,7.3,2.9,1.1,1.7,1.2,4.5,4.2,1.1,1.4,0.0,170.8,11.4,45.0,1.0,10,0,1,True,False,False,True,4.0
28,6.3,1.6,3.1,0.4,0.8,1.5,2.1,2.0,2.6,5.0,153.0,27.3,92.0,8.0,2,0,1,True,False,False,True,5.0
55,8.0,3.5,2.4,1.2,1.3,4.3,3.9,1.8,1.2,1.5,61.0,22.9,48.0,2.8,7,0,1,True,False,False,True,2.0
55,4.1,1.7,0.4,0.5,2.8,3.8,3.4,1.0,0.7,0.3,101.1,15.8,63.0,5.6,6,0,0,False,False,True,False,3.0
39,3.7,1.8,1.0,0.6,1.6,2.1,3.2,1.9,2.7,5.5,134.7,22.7,75.0,7.5,3,0,1,True,False,False,True,4.0
72,4.4,1.3,0.5,1.3,2.3,3.2,3.6,1.2,1.3,0.0,117.7,10.1,70.0,5.3,5,0,1,False,False,False,True,5.0
69,4.8,1.6,0.0,0.7,3.6,2.4,3.1,2.4,2.8,3.2,59.3,18.9,74.0,6.7,3,0,1,True,False,False,False,4.0
64,2.9,1.3,1.2,1.5,0.0,2.6,3.3,1.8,2.0,5.6,177.1,27.0,80.0,5.6,4,1,1,True,False,False,True,5.0
24,4.7,3.1,0.2,0.1,0.9,4.2,3.8,2.0,0.3,2.2,99.0,19.5,60.0,2.2,7,0,0,False,False,False,True,4.0
35,3.6,0.8,1.3,0.0,2.0,0.7,1.3,3.0,2.1,6.7,192.0,18.9,85.0,9.5,1,1,0,True,False,False,True,4.0
50,7.3,2.7,3.6,0.0,1.7,4.5,4.0,1.7,1.3,0.0,129.9,14.9,48.0,1.0,10,0,0,False,False,True,False,4.0
26,8.8,2.7,2.3,1.4,2.4,4.5,3.8,0.2,0.8,0.2,177.2,9.5,47.0,1.0,10,0,0,True,False,False,False,3.0
41,5.4,3.2,0.9,1.1,1.0,3.3,3.4,1.2,1.3,2.3,124.6,15.2,65.0,6.6,5,1,1,False,False,True,False,4.0
54,3.3,2.0,0.8,0.4,1.6,0.8,1.2,2.0,2.5,6.9,43.6,34.4,88.0,9.2,1,1,0,True,False,False,False,5.0
16,4.6,1.1,1.1,0.8,0.6,4.5,4.0,1.0,0.0,0.0,149.6,11.0,43.0,1.0,10,0,0,False,False,False,True,4.0
68,8.2,1.8,3.8,1.2,2.5,4.3,4.1,1.8,1.2,1.7,198.8,15.3,53.0,1.4,7,0,1,True,False,True,False,4.0
27,4.9,2.5,0.3,0.5,1.4,4.2,3.8,1.4,1.2,0.0,75.1,20.9,52.0,2.2,7,0,1,False,False,False,True,4.0
67,5.6,2.1,1.5,0.0,2.8,3.0,3.2,1.8,2.6,6.5,129.5,24.6,82.0,6.0,4,0,1,True,False,True,False,4.0
46,6.2,2.3,2.0,0.0,2.8,4.5,3.7,2.1,0.9,0.0,64.9,20.5,52.0,1.9,8,0,0,False,False,True,False,3.0
45,5.2,3.2,2.8,0.0,0.1,4.4,3.9,1.0,1.0,0.6,96.9,18.6,49.0,1.0,8,0,0,True,False,False,False,3.0
30,6.8,2.5,1.1,0.7,3.0,3.9,3.8,1.6,0.9,0.0,63.3,16.8,60.0,1.6,7,0,1,False,False,True,False,3.0
46,4.1,2.2,0.4,0.0,2.3,2.8,3.3,1.7,2.8,6.0,116.5,25.2,73.0,6.2,4,0,0,True,False,False,True,5.0
46,3.6,0.3,1.8,1.2,1.2,0.9,1.6,2.2,2.8,3.7,186.6,28.6,71.0,7.6,1,0,0,True,False,False,True,4.0
74,5.4,1.3,2.9,0.0,2.2,2.2,3.1,1.7,1.9,3.7,176.0,22.8,77.0,6.9,3,0,0,False,False,False,False,5.0
48,2.9,1.6,1.2,0.2,0.9,0.6,1.4,2.5,2.7,5.4,153.7,32.7,81.0,6.5,1,0,1,True,False,False,False,4.0
25,4.1,0.2,0.6,0.0,2.8,4.5,3.8,1.4,1.0,0.0,125.8,8.7,46.0,1.8,9,0,0,True,False,False,True,4.0
24,5.0,1.0,1.6,0.3,1.5,4.5,3.9,1.2,1.0,0.5,89.4,7.8,52.0,1.0,10,0,0,False,False,False,True,3.0
29,4.4,1.8,0.0,0.6,2.3,2.5,3.0,2.3,1.8,3.2,139.7,17.0,81.0,6.7,3,1,1,False,True,False,True,5.0
31,4.5,1.9,1.3,1.2,0.8,3.2,3.5,1.7,1.8,3.9,92.2,21.8,69.0,4.4,5,1,1,True,False,False,False,4.0
54,6.6,2.5,2.8,0.7,1.7,4.5,4.1,1.7,0.9,0.0,84.7,16.9,40.0,1.2,9,0,0,False,False,False,False,3.0
32,6.9,1.8,2.5,1.0,2.3,4.5,3.8,1.5,1.0,1.0,67.1,14.6,47.0,1.0,10,0,1,False,False,False,False,4.0
69,5.4,2.2,1.3,1.2,1.7,2.8,3.6,1.7,1.7,5.8,145.6,15.1,75.0,5.3,4,0,0,True,False,False,True,3.0
23,8.5,1.6,3.3,0.8,2.0,4.5,4.1,0.5,1.1,0.0,163.3,8.7,53.0,1.0,9,0,0,False,False,False,True,4.0
39,5.2,2.0,3.6,0.1,0.6,4.0,4.0,2.3,1.6,0.5,205.7,15.7,59.0,3.0,7,0,0,False,False,True,False,3.0
54,6.2,2.4,2.2,0.8,1.7,4.5,3.9,2.5,0.9,0.3,148.9,15.3,53.0,3.6,8,0,0,False,True,True,False,4.0
73,4.4,3.3,0.0,1.5,0.6,1.6,2.3,2.4,2.4,5.9,208.2,25.8,78.0,7.6,2,1,1,True,False,False,True,4.0
28,3.2,1.5,0.0,0.4,1.4,1.6,2.5,3.2,2.1,4.0,133.9,20.7,80.0,8.1,2,0,0,False,False,True,False,4.0
74,6.0,2.1,3.0,0.9,0.9,2.6,3.3,1.9,1.8,2.6,158.1,26.6,71.0,5.0,4,0,0,True,False,False,False,4.0
72,6.0,2.8,1.8,0.9,1.2,3.3,3.2,1.7,1.5,3.0,165.7,13.6,67.0,6.7,5,1,0,True,False,False,False,4.0
39,3.5,0.7,3.3,0.4,0.0,1.5,2.3,2.5,2.3,2.0,201.6,15.3,85.0,6.9,2,0,1,True,False,False,True,5.0
64,4.8,3.8,0.0,1.2,1.4,3.6,3.7,0.9,1.0,3.0,286.9,12.8,62.0,4.3,6,0,1,False,True,False,True,3.0
36,5.1,3.1,1.3,0.4,1.3,4.2,3.8,1.7,0.1,0.0,215.2,19.5,47.0,3.2,8,1,1,False,False,False,True,3.0
66,3.4,0.5,2.6,0.9,0.0,4.2,4.0,2.3,0.6,2.1,18.3,11.3,52.0,2.3,7,0,0,False,False,True,False,4.0
44,4.5,2.3,0.7,0.5,1.7,2.7,3.1,2.0,1.4,2.4,127.4,21.1,67.0,4.9,4,1,0,False,False,False,True,4.0
34,6.2,1.5,2.6,0.6,2.2,3.5,3.7,1.5,1.5,3.0,117.4,13.5,55.0,4.3,6,1,0,True,False,False,True,4.0
35,5.2,1.6,1.4,1.2,1.7,4.5,3.9,0.7,0.8,0.0,137.3,17.0,54.0,1.7,9,0,0,True,False,True,False,4.0
58,5.2,2.3,1.5,0.0,2.2,4.3,3.7,2.0,1.7,2.6,142.5,20.9,58.0,2.0,7,1,0,True,False,True,False,5.0
46,4.3,2.9,0.2,1.0,0.9,4.5,4.1,1.6,1.0,0.0,152.6,12.3,56.0,2.3,8,0,0,True,False,False,True,4.0
65,4.3,1.6,1.8,1.0,1.2,2.3,3.3,2.2,2.2,8.9,214.9,31.4,84.0,5.7,3,1,1,False,False,False,False,4.0
60,6.3,1.6,3.9,0.3,1.5,4.3,3.9,1.5,1.2,1.3,64.8,23.6,67.0,1.8,7,0,0,False,False,False,True,4.0
63,5.3,2.3,1.9,0.6,1.5,1.8,2.4,2.8,1.9,5.0,158.2,28.3,77.0,7.3,2,0,1,True,False,False,False,3.0
70,2.1,2.5,0.6,0.0,0.0,1.7,2.5,2.9,2.5,5.2,103.1,18.7,88.0,7.7,2,1,1,True,False,False,True,4.0
35,3.6,1.1,3.0,0.1,0.5,2.9,3.4,1.8,1.2,7.8,141.5,18.7,73.0,3.0,4,0,0,True,False,False,True,5.0
49,6.5,3.6,0.7,0.8,2.4,4.5,4.3,2.2,1.4,2.8,197.6,14.3,53.0,1.6,8,0,1,True,False,True,False,3.0
72,6.2,1.4,3.4,2.2,0.6,3.4,3.5,1.9,1.1,3.4,115.1,21.7,69.0,5.4,5,0,1,False,False,False,True,5.0
46,4.3,2.9,0.1,1.0,1.2,2.9,3.5,1.8,2.0,3.5,114.6,29.0,78.0,6.4,4,1,1,False,False,True,False,5.0
44,4.4,2.4,1.8,0.1,1.3,0.7,1.2,2.5,2.4,5.5,197.8,27.2,95.0,10.0,1,0,1,False,False,False,True,4.0
69,5.4,2.5,3.2,1.1,0.1,2.2,3.3,1.9,2.2,3.6,324.7,13.0,64.0,5.2,3,1,1,True,False,False,True,4.0
53,4.8,1.4,0.5,0.9,3.0,4.5,3.7,0.9,0.8,0.3,115.9,7.9,69.0,1.7,8,0,0,True,False,True,False,5.0
63,2.8,0.4,1.6,0.0,1.4,0.9,1.1,2.2,3.1,3.3,148.0,39.4,83.0,10.0,1,1,1,True,False,False,True,4.0
26,5.3,2.0,2.8,0.4,0.5,4.0,3.8,1.5,1.2,1.5,70.0,20.3,65.0,4.4,6,0,1,False,False,False,True,5.0
55,3.4,2.0,0.0,0.5,2.0,2.6,3.3,2.2,2.3,4.4,232.0,31.3,75.0,6.8,3,0,1,False,False,True,False,4.0
61,4.0,1.1,2.5,0.7,1.1,1.8,2.7,2.5,2.2,3.9,152.9,30.8,73.0,8.2,2,0,1,True,False,False,False,4.0
32,5.7,2.8,1.4,0.6,1.5,4.5,3.6,1.2,1.0,0.0,151.0,14.0,46.0,1.0,10,0,1,False,False,False,True,4.0
35,7.8,2.0,3.1,0.7,2.8,4.5,4.2,1.0,1.1,0.0,213.8,5.2,44.0,3.2,10,1,0,False,False,False,True,3.0
27,2.6,1.3,0.6,0.0,0.9,2.3,3.0,1.8,2.1,7.7,148.4,22.9,75.0,5.8,3,1,0,False,False,True,False,4.0
35,4.3,2.5,0.0,0.4,2.5,2.6,3.3,1.4,1.2,2.3,172.2,14.0,73.0,5.1,4,0,1,False,False,False,False,4.0
22,5.5,2.6,0.9,0.4,1.1,4.5,4.3,1.0,1.6,0.8,140.2,10.0,47.0,1.0,10,0,1,False,False,False,True,4.0
60,4.4,1.4,0.9,1.3,1.5,3.9,4.0,1.2,1.2,2.5,139.1,22.4,63.0,3.2,7,1,1,False,False,True,False,4.0
54,5.0,3.1,1.3,0.2,1.7,3.9,3.9,1.4,0.6,2.7,92.4,16.2,69.0,5.5,6,0,0,True,False,False,False,5.0
60,5.5,4.0,1.0,0.5,1.1,3.8,3.9,1.7,1.0,3.3,146.7,11.0,66.0,3.1,6,0,0,True,False,False,False,3.0
21,2.8,1.0,0.0,0.4,0.4,1.3,2.3,2.1,1.4,4.2,142.7,18.8,80.0,6.5,2,1,0,True,False,False,False,5.0
37,5.5,1.8,1.4,1.6,1.9,3.7,3.8,1.3,0.8,9.1,144.4,18.1,72.0,2.4,6,1,0,True,False,False,True,4.0
58,6.5,2.3,1.8,1.0,2.5,3.5,3.8,1.5,1.6,3.0,213.4,20.7,67.0,2.4,6,0,0,False,False,False,True,3.0
46,6.4,4.1,1.3,0.0,2.0,3.5,3.4,1.5,1.5,2.6,145.0,10.0,71.0,3.6,5,1,0,False,False,False,True,4.0
25,6.7,1.3,1.8,0.8,2.0,4.5,4.1,1.0,0.6,0.0,143.7,8.9,46.0,1.0,10,0,0,True,False,False,True,4.0
36,2.4,1.2,1.6,0.0,0.9,1.8,3.3,2.1,2.2,5.7,130.3,27.5,69.0,7.2,3,1,1,False,False,False,True,4.0
36,3.2,1.1,0.0,0.8,2.1,0.9,1.6,2.6,2.4,4.4,132.9,32.2,71.0,9.9,1,1,0,True,False,False,True,4.0
57,6.2,3.1,1.2,1.4,1.8,3.4,3.5,1.3,0.9,3.6,184.3,22.2,74.0,4.2,5,1,1,True,False,True,False,3.0
39,4.0,1.4,1.6,0.0,2.3,1.0,1.2,3.1,2.9,3.7,136.4,14.5,84.0,9.8,1,1,1,True,False,True,False,5.0
36,2.8,1.2,1.2,0.0,1.5,1.6,2.5,2.1,2.1,8.0,126.3,34.7,79.0,6.9,2,1,1,True,False,False,False,4.0
42,4.0,2.2,0.0,0.7,2.0,4.1,3.8,2.0,0.8,0.7,219.5,20.0,49.0,2.3,7,1,0,True,False,False,False,4.0
43,5.3,2.3,2.8,0.4,0.9,2.9,3.3,1.7,1.6,4.5,151.6,16.3,79.0,6.8,4,1,0,False,False,False,True,4.0
27,6.2,3.0,0.4,0.7,2.1,3.9,4.0,1.4,1.5,0.5,133.5,17.2,58.0,1.0,6,1,0,True,False,True,False,3.0
32,2.1,2.1,0.1,0.6,0.1,2.8,3.4,1.8,2.1,9.2,102.7,31.7,88.0,6.8,4,1,1,False,True,True,False,5.0
16,5.8,2.2,1.5,0.0,1.1,4.5,3.7,0.5,1.0,0.0,83.6,11.1,47.0,1.0,10,1,0,True,False,False,True,4.0
43,3.5,1.9,1.2,1.0,0.7,0.4,1.4,3.0,2.6,3.4,180.4,34.8,91.0,10.0,1,0,0,True,False,False,True,4.0
35,5.7,0.8,2.2,0.0,4.0,4.1,4.1,1.9,1.1,1.2,79.4,19.7,63.0,2.2,7,0,0,True,False,False,True,3.0
29,6.7,1.8,2.5,0.7,2.1,4.0,3.7,1.3,0.8,0.0,140.5,19.0,54.0,3.7,6,1,0,False,False,True,False,4.0
66,4.2,2.1,2.3,0.3,0.3,2.4,3.1,2.3,2.1,3.5,202.3,24.5,80.0,7.3,3,0,1,True,False,False,True,3.0
41,4.1,1.6,1.5,2.0,0.0,4.5,3.6,1.1,1.0,0.0,106.3,17.2,45.0,1.0,9,0,0,False,False,False,False,4.0
64,2.0,0.6,2.1,0.5,0.0,0.9,1.3,2.2,2.3,5.2,126.2,28.0,87.0,9.5,1,1,1,False,False,False,True,5.0
45,1.0,1.0,0.0,0.8,0.3,0.9,1.2,2.7,2.6,5.5,123.6,17.7,90.0,9.4,1,1,1,False,False,False,False,5.0
29,6.2,2.0,2.7,0.9,0.6,4.5,4.3,0.8,1.5,0.0,165.5,11.2,44.0,1.5,10,0,1,False,False,False,True,3.0
65,4.4,2.8,1.1,0.8,0.4,0.7,1.5,2.6,2.3,3.6,173.2,23.9,76.0,10.0,1,1,1,True,False,False,True,5.0
37,7.8,3.5,3.7,0.6,0.9,4.5,3.9,1.3,1.4,0.0,244.8,5.5,40.0,1.4,10,0,1,True,False,False,False,4.0
38,5.8,1.8,2.7,0.0,2.2,4.5,3.9,1.5,0.7,0.0,177.1,10.1,48.0,1.0,9,0,1,True,False,True,False,3.0
58,2.9,1.4,1.3,0.5,1.2,1.1,1.6,2.9,2.6,5.0,123.9,41.1,88.0,8.9,1,0,1,False,False,False,False,5.0
27,5.4,1.7,1.5,0.0,2.1,4.3,4.2,1.3,1.2,1.9,123.0,19.5,62.0,2.6,7,0,1,True,False,False,True,4.0
36,4.5,1.1,2.8,0.9,0.3,2.1,2.8,2.1,1.7,5.2,166.1,22.8,80.0,7.0,3,0,1,True,False,False,True,5.0
57,5.4,2.7,0.0,2.4,1.0,4.5,3.9,1.1,1.0,0.0,121.2,13.9,48.0,1.0,10,1,1,False,True,False,True,4.0
51,5.7,3.9,1.3,0.7,0.5,4.5,4.1,1.7,1.3,0.0,147.0,11.0,51.0,1.3,9,1,1,True,False,False,False,4.0
47,6.0,1.4,3.4,0.8,1.8,4.5,4.1,0.8,1.3,0.0,118.7,12.2,40.0,1.0,10,1,0,False,False,True,False,3.0
70,3.3,0.9,2.4,0.0,1.2,2.0,3.2,1.6,2.3,8.0,48.8,34.5,93.0,9.0,3,0,1,False,False,False,True,5.0
17,7.6,2.9,0.6,0.1,3.2,4.5,3.9,1.1,1.3,0.0,138.2,5.4,50.0,1.0,10,1,0,True,False,False,True,3.0
68,4.7,2.3,1.8,1.1,0.7,1.6,2.5,2.8,2.6,4.2,155.7,35.7,83.0,9.0,2,0,1,True,False,False,True,4.0
33,2.1,2.3,0.4,0.0,0.4,1.4,2.4,2.5,2.5,4.9,118.5,20.6,77.0,9.6,2,0,1,True,False,True,False,4.0
37,5.5,3.4,1.1,0.2,1.7,4.5,4.2,1.5,1.1,0.1,123.1,12.1,50.0,1.0,9,0,1,False,False,True,False,4.0
43,4.0,0.8,1.9,0.9,1.2,1.9,2.2,1.9,3.1,5.8,161.5,28.9,79.0,6.5,2,0,0,False,False,True,False,4.0
44,4.5,0.7,2.1,1.1,1.9,0.9,1.1,2.9,3.3,4.6,149.9,25.3,82.0,8.2,1,1,0,False,False,False,False,4.0
53,5.3,1.9,2.3,0.5,1.3,4.5,4.1,1.5,2.0,0.0,149.0,11.4,57.0,1.0,9,1,1,False,False,False,True,4.0
58,6.1,2.1,2.9,0.7,1.3,4.0,3.9,1.2,1.1,4.5,119.3,14.1,69.0,3.5,6,1,1,False,False,True,False,4.0
61,2.7,1.7,0.2,0.7,0.7,3.4,3.6,2.0,1.4,0.0,250.8,25.8,54.0,3.9,5,0,0,True,False,True,False,4.0
39,6.0,4.2,1.5,0.0,1.1,3.6,3.8,0.9,0.6,4.0,53.9,12.6,70.0,5.0,6,1,1,True,False,False,True,4.0
51,1.9,1.7,0.6,0.6,0.0,0.8,1.3,2.7,2.0,3.7,134.7,29.6,71.0,10.0,1,1,1,False,False,True,False,5.0
61,4.9,1.5,1.1,0.7,2.6,4.5,4.1,1.8,0.9,0.0,146.2,11.2,51.0,1.0,9,1,0,True,False,False,True,4.0
22,6.6,2.1,0.7,0.5,2.7,4.5,4.0,1.7,1.8,0.0,146.0,10.8,46.0,1.0,10,0,0,True,False,False,True,4.0
56,6.7,2.9,2.0,0.0,2.3,4.2,3.9,1.2,1.5,2.0,186.1,16.8,56.0,3.3,7,0,0,False,False,False,True,4.0
72,5.6,1.3,2.7,1.5,0.9,4.2,3.8,1.7,0.9,3.4,78.3,13.9,49.0,3.9,7,0,0,True,False,True,False,3.0
30,4.9,1.9,2.7,0.0,0.8,4.3,4.1,1.5,1.2,1.1,213.4,15.2,57.0,3.1,8,0,0,False,False,True,False,5.0
22,6.4,2.9,0.3,0.6,1.9,4.3,3.9,1.6,0.6,1.5,33.5,11.4,55.0,2.0,8,0,0,False,False,False,True,4.0
15,6.6,2.9,1.4,0.8,0.4,4.0,4.3,1.6,1.3,0.8,159.8,11.8,48.0,2.7,8,1,0,True,False,False,True,3.0
58,4.2,2.2,0.3,0.3,2.5,0.8,1.2,2.8,2.7,3.6,218.2,28.3,80.0,7.8,1,0,1,False,False,False,True,4.0
19,5.6,4.2,0.2,0.7,0.0,4.5,4.0,1.7,1.6,0.1,195.1,9.3,45.0,1.0,10,1,1,True,False,False,True,4.0
17,6.8,3.8,0.8,0.1,0.9,4.5,4.0,1.8,1.1,1.2,61.8,15.7,54.0,1.8,9,0,1,True,False,False,True,4.0
15,5.7,0.7,1.9,1.9,0.3,4.1,3.9,1.0,0.0,1.2,193.4,16.7,57.0,1.0,8,0,0,True,False,False,False,4.0
18,6.3,0.5,2.1,0.4,2.6,4.5,4.3,0.5,1.0,1.7,153.9,5.8,50.0,1.0,10,0,1,True,False,True,False,3.0
54,7.6,2.7,2.2,1.1,2.5,4.3,3.5,2.0,1.0,2.7,148.0,8.5,67.0,5.0,7,1,0,False,False,False,True,4.0
49,6.3,3.2,2.2,0.0,2.0,3.5,3.9,1.1,1.2,3.1,98.6,17.6,53.0,3.0,6,1,0,True,False,False,True,3.0
46,5.8,1.8,0.6,1.0,3.3,4.5,3.9,1.2,0.3,0.0,149.0,12.4,51.0,2.8,8,0,0,True,False,False,True,4.0
56,4.8,1.5,2.8,0.2,1.4,4.5,4.0,1.1,1.9,0.0,153.8,8.0,49.0,1.0,9,0,0,True,False,False,False,5.0
48,4.1,1.3,2.4,0.0,2.0,2.6,3.3,2.0,1.8,2.9,47.8,15.4,68.0,6.6,4,0,0,False,False,False,True,3.0
57,1.0,0.9,1.0,0.0,0.0,1.2,2.4,2.9,2.3,1.8,112.5,15.2,82.0,7.0,2,0,1,False,False,False,True,5.0
39,4.4,3.0,1.1,0.1,1.1,2.5,3.0,1.7,1.9,4.0,171.3,12.2,82.0,7.0,3,1,1,True,False,False,True,4.0
24,5.2,1.7,0.8,0.7,1.5,4.5,3.8,0.5,0.8,0.0,129.3,13.5,45.0,2.3,9,0,1,True,False,True,False,3.0
35,3.7,2.3,0.1,2.3,0.5,3.3,3.6,1.9,0.8,3.5,91.9,13.5,69.0,5.1,5,1,1,True,False,False,False,4.0
60,5.2,0.4,2.2,2.2,1.7,4.5,4.3,1.9,1.5,0.3,173.0,20.8,60.0,1.0,8,0,0,True,False,False,True,4.0
53,5.0,2.9,2.4,0.4,0.0,0.9,1.3,2.7,2.7,5.0,209.8,23.7,75.0,8.8,1,0,1,False,False,False,True,4.0
41,5.1,2.5,0.5,1.2,1.9,3.3,3.6,1.4,1.5,4.0,131.4,13.7,58.0,4.6,5,1,0,False,False,False,False,4.0
41,1.0,0.8,0.1,0.0,1.0,3.9,4.0,1.5,1.7,2.8,104.4,13.0,66.0,3.1,6,0,0,True,False,False,True,4.0
16,4.3,2.2,0.5,0.0,0.6,4.0,4.0,1.7,0.9,1.6,169.7,18.4,63.0,2.7,7,0,0,True,False,False,True,4.0
55,4.9,2.0,1.6,0.6,2.1,2.6,3.4,1.5,2.3,2.2,78.4,20.6,66.0,7.0,4,0,0,True,False,False,False,4.0
62,4.3,1.6,0.0,0.9,2.9,4.5,3.9,1.3,0.9,0.0,140.5,5.2,53.0,2.7,10,1,1,False,False,False,True,4.0
27,6.4,0.2,2.7,1.1,2.3,4.1,3.8,0.8,0.8,0.0,239.3,9.4,64.0,3.8,7,0,0,True,False,False,True,4.0
23,6.5,1.4,2.7,1.2,0.6,3.4,4.0,1.9,1.3,4.9,42.7,16.5,71.0,4.0,5,1,0,False,True,False,True,4.0
66,6.1,2.3,2.0,0.4,2.1,4.3,3.7,1.3,1.0,0.0,133.2,10.1,56.0,1.7,7,1,1,False,False,True,False,3.0
50,4.7,1.5,2.4,0.6,1.1,2.4,2.8,1.3,2.6,2.7,80.9,12.7,68.0,5.8,3,0,1,True,False,False,True,4.0
36,6.1,1.8,1.6,1.1,2.5,3.3,3.5,1.6,1.5,3.9,115.3,27.8,73.0,5.1,5,0,1,False,False,True,False,4.0
56,7.1,3.3,2.0,1.3,1.6,4.5,3.7,1.5,1.2,0.9,255.3,13.6,52.0,1.0,9,0,0,False,False,False,True,3.0
40,1.0,1.9,0.1,0.1,0.0,1.3,2.4,2.4,1.9,8.9,108.5,22.8,93.0,8.1,2,1,0,False,False,False,False,4.0
72,4.1,0.2,3.0,0.7,1.2,1.8,2.5,2.7,2.5,3.9,132.4,38.7,72.0,7.9,2,1,0,True,False,True,False,4.0
68,3.7,1.8,1.0,1.0,0.6,4.1,3.7,0.8,0.6,0.0,174.9,26.9,63.0,3.0,6,0,1,True,False,False,True,5.0
26,5.1,2.1,1.4,0.7,0.6,4.0,3.7,2.1,0.8,1.6,139.6,19.3,64.0,2.3,7,0,0,False,False,True,False,4.0
31,6.2,1.3,4.2,0.2,1.1,3.5,3.8,1.0,1.4,3.8,147.8,20.7,75.0,4.8,5,0,1,False,False,False,True,4.0
28,6.2,2.7,1.3,0.6,1.7,3.8,3.9,2.0,0.6,1.9,210.2,17.8,58.0,4.3,7,0,0,False,False,False,True,4.0
28,5.8,0.7,2.3,0.9,2.3,4.4,3.4,1.6,2.0,0.3,54.9,15.5,53.0,1.3,8,0,0,False,False,True,False,4.0
71,4.3,1.9,2.1,0.1,0.9,2.0,2.6,2.1,1.9,6.3,88.5,18.3,80.0,6.7,3,0,0,False,False,False,False,4.0
48,2.7,0.7,0.0,0.0,2.6,3.1,3.5,1.0,2.2,2.7,57.9,23.3,75.0,7.8,4,1,0,False,False,True,False,4.0
67,3.0,1.7,0.4,1.8,0.0,3.1,3.9,2.2,1.8,1.0,104.4,12.2,62.0,5.5,5,1,0,True,False,False,True,4.0
71,6.2,2.6,3.7,0.7,0.6,4.5,4.0,2.1,1.3,0.0,123.6,8.0,51.0,1.6,8,0,1,False,False,False,False,4.0
34,7.9,1.9,2.1,1.2,3.4,4.5,4.0,0.5,1.3,0.0,125.8,8.0,53.0,1.0,10,0,1,False,False,False,True,4.0
25,5.0,1.8,1.5,0.7,0.3,4.5,4.0,1.4,0.7,0.0,167.8,7.8,46.0,1.3,10,1,0,False,False,False,False,3.0
30,6.1,2.0,0.9,1.2,2.7,4.5,4.1,1.1,1.3,0.0,118.1,15.5,46.0,1.2,9,0,0,False,False,True,False,5.0
65,5.2,2.1,1.9,0.6,1.4,4.5,3.7,1.1,1.0,0.0,126.2,6.8,51.0,1.2,9,0,0,True,False,False,False,4.0
45,5.9,2.6,2.0,1.0,1.3,3.5,3.8,1.0,0.5,1.4,154.3,9.8,61.0,4.8,6,0,1,False,False,False,True,4.0
69,5.9,2.6,1.7,0.0,2.3,4.1,3.9,1.6,1.3,2.3,216.8,14.8,68.0,3.1,7,0,0,False,False,False,True,5.0
20,8.6,3.3,2.7,0.0,2.2,4.5,3.9,1.3,1.0,0.0,147.9,14.5,47.0,1.0,9,1,1,True,False,False,True,4.0
70,4.6,2.2,0.5,0.3,2.7,3.3,3.5,1.2,0.7,5.3,163.4,29.4,73.0,5.4,5,1,1,True,False,False,True,4.0
33,1.0,0.5,0.4,0.0,1.2,1.0,1.3,2.9,3.6,5.5,180.0,22.3,86.0,7.7,1,0,0,True,False,False,False,5.0
51,6.0,2.8,2.6,0.0,1.5,3.8,3.6,2.1,1.9,2.2,134.9,9.8,64.0,2.9,6,0,1,True,False,False,True,4.0
72,8.0,3.2,3.8,0.8,1.1,4.5,3.9,1.6,1.2,0.0,59.3,15.9,57.0,1.4,9,0,0,True,False,False,True,3.0
18,7.8,4.2,2.4,0.0,0.3,4.5,4.0,1.0,1.2,2.5,133.2,15.9,65.0,3.8,8,0,1,True,False,False,False,3.0
61,7.9,3.3,2.9,1.2,1.6,4.5,4.0,0.2,1.2,0.0,151.3,13.4,50.0,1.0,10,0,0,False,False,False,False,3.0
18,6.4,1.6,1.4,1.5,1.2,4.5,3.7,0.9,0.2,0.0,132.2,5.6,47.0,1.0,10,0,0,False,False,False,True,4.0
34,3.0,2.2,1.8,0.0,0.0,1.9,3.2,2.5,2.3,8.7,133.1,16.9,85.0,8.1,3,0,0,False,False,False,False,5.0
24,7.5,1.8,1.8,0.8,2.5,4.5,3.9,1.2,1.2,0.0,242.7,16.8,55.0,1.6,9,1,1,False,False,True,False,4.0
38,4.8,1.6,1.4,1.7,1.5,4.5,4.0,1.6,1.2,1.6,152.8,18.9,58.0,2.7,8,0,0,True,False,False,True,4.0
68,4.9,1.9,3.1,0.3,0.7,4.3,3.9,1.6,0.8,0.0,92.8,13.3,56.0,3.4,8,0,1,True,False,False,True,4.0
49,7.2,3.2,2.7,1.0,1.7,3.9,3.8,1.4,1.1,5.6,190.4,24.6,59.0,3.6,6,1,0,False,False,False,False,3.0
40,3.5,0.6,1.1,2.0,0.9,0.9,2.6,2.7,2.5,2.1,133.7,32.0,82.0,7.5,2,1,0,True,False,False,True,5.0
51,1.7,1.1,0.0,0.0,1.6,2.1,2.8,2.2,2.0,3.6,118.3,31.5,86.0,7.5,3,0,0,False,True,True,False,5.0
52,6.8,3.1,1.4,0.0,2.8,2.2,3.0,2.5,2.1,4.4,200.7,17.7,79.0,7.4,3,0,0,False,False,False,True,4.0
35,5.0,3.3,0.2,0.9,1.8,3.1,3.5,1.0,1.6,2.9,80.4,15.4,68.0,5.3,5,0,0,False,False,False,False,4.0
68,5.0,1.4,1.5,1.9,0.9,3.7,3.8,0.8,1.3,1.5,117.6,22.9,80.0,4.0,6,1,0,False,True,True,False,4.0
54,3.0,3.5,0.3,0.2,0.4,0.9,0.9,2.6,2.8,3.8,180.3,37.9,76.0,10.0,1,1,0,True,False,False,True,4.0
53,7.6,2.9,2.9,2.1,0.7,4.4,3.7,1.4,1.2,1.2,97.9,18.0,60.0,1.1,8,0,1,True,False,False,True,3.0
35,6.0,1.8,2.3,0.7,2.2,4.5,4.3,1.0,0.7,0.0,194.6,8.3,48.0,2.2,9,1,0,False,False,False,False,4.0
24,4.3,0.2,2.2,0.0,1.3,4.1,3.5,1.3,0.9,0.6,50.8,22.7,65.0,3.8,7,0,1,True,False,False,True,4.0
52,5.7,0.5,2.7,1.6,2.0,4.0,3.7,1.9,0.7,2.1,261.1,26.6,57.0,2.5,6,0,0,False,False,False,True,5.0
60,3.5,1.4,1.9,0.3,1.1,1.9,2.2,2.4,2.1,3.3,170.7,14.5,84.0,7.5,2,1,0,True,False,True,False,4.0
18,6.5,2.7,2.1,0.9,0.5,4.5,4.0,1.8,1.1,0.4,42.9,13.9,51.0,1.0,10,0,0,False,False,False,True,4.0
74,6.9,2.7,3.1,0.0,2.0,3.5,3.5,1.4,1.0,3.9,235.9,25.2,64.0,4.6,5,0,0,False,False,True,False,3.0
71,2.5,1.6,1.4,0.1,0.6,3.3,3.7,1.2,2.2,0.9,239.1,13.9,59.0,5.3,5,0,0,False,False,False,False,4.0
59,4.3,1.8,2.2,0.0,1.0,4.3,3.8,2.0,1.7,0.0,158.1,11.3,64.0,2.3,7,1,0,True,False,False,True,5.0
34,1.8,2.0,0.3,0.0,0.2,0.9,1.1,3.4,2.2,6.7,219.1,20.9,100.0,9.1,1,1,1,True,False,False,True,5.0
31,4.4,1.8,1.6,0.7,0.5,2.8,3.3,1.5,1.7,2.9,171.1,12.0,72.0,4.9,4,0,0,False,False,False,False,4.0
69,8.1,2.1,4.0,0.9,2.3,4.4,3.9,1.6,1.7,1.0,137.8,9.7,49.0,2.5,9,1,0,True,False,False,False,3.0
21,7.8,2.0,2.4,0.3,2.4,4.5,4.1,0.3,0.8,0.4,109.4,13.1,51.0,1.0,10,1,0,False,False,False,True,3.0
18,5.3,0.5,1.4,0.0,2.5,4.5,3.8,0.7,1.4,0.0,222.1,7.1,35.0,1.0,10,0,0,False,False,False,True,4.0
43,5.0,1.8,1.8,0.0,2.5,3.0,3.6,1.0,2.0,7.9,153.3,14.7,83.0,5.6,5,1,1,False,False,False,False,4.0
28,5.5,2.0,1.5,0.8,1.0,2.7,3.5,1.9,1.9,3.4,105.5,27.0,74.0,6.5,4,0,1,False,False,False,True,4.0
17,8.6,2.9,1.8,0.7,2.1,4.5,3.8,0.8,1.6,0.6,158.1,12.3,52.0,1.0,10,0,1,True,False,True,False,3.0
38,5.2,1.3,1.1,0.8,2.5,1.8,2.2,2.2,1.9,3.8,136.6,23.4,83.0,7.9,2,1,0,False,False,False,True,5.0
51,5.4,2.2,2.0,1.5,0.5,4.0,3.8,2.1,0.9,0.0,183.8,21.4,61.0,3.4,7,0,0,False,False,False,True,4.0
30,7.2,2.5,2.1,0.9,1.6,3.4,3.7,1.0,1.4,3.9,166.3,17.3,67.0,4.8,5,1,1,True,False,False,True,4.0
72,5.0,1.9,1.5,0.8,1.3,2.2,2.9,2.9,2.0,5.7,104.1,17.4,71.0,8.7,3,1,1,False,True,False,True,3.0
69,3.0,0.4,1.7,2.0,0.0,0.7,1.6,2.8,3.1,4.9,81.7,20.7,76.0,9.9,1,0,1,True,False,True,False,5.0
66,5.5,2.9,1.9,0.4,1.7,2.5,3.1,2.5,2.2,4.9,155.8,18.1,80.0,6.4,3,1,1,True,False,False,False,4.0
18,7.5,2.7,0.9,2.0,0.7,4.5,3.8,1.8,1.1,0.2,119.4,8.1,45.0,1.0,9,0,0,True,False,True,False,4.0
70,7.4,2.2,2.0,1.5,2.5,3.9,3.9,1.9,0.4,2.5,140.3,11.0,66.0,4.5,6,1,0,False,False,True,False,3.0
38,4.5,2.0,2.4,0.4,0.6,2.1,3.1,1.4,2.0,3.4,231.7,15.5,74.0,4.9,3,1,0,True,False,False,True,4.0
48,5.2,0.4,3.1,1.1,1.7,3.7,3.6,0.9,0.7,1.5,206.2,13.1,54.0,4.2,6,0,0,False,False,False,False,4.0
44,5.7,2.7,1.9,0.5,1.5,4.4,4.0,1.2,0.8,0.0,250.3,20.3,51.0,2.9,7,0,1,False,False,True,False,3.0
32,3.8,3.3,0.9,0.0,0.0,0.9,1.2,2.4,2.5,4.8,171.2,17.9,94.0,7.7,1,1,0,True,False,False,True,5.0
33,3.5,1.0,1.4,0.6,1.1,3.5,3.6,2.0,1.7,1.6,106.2,18.9,71.0,3.2,5,1,1,True,False,True,False,5.0
45,4.0,3.2,0.2,0.0,1.8,3.2,3.6,1.1,1.7,5.2,153.4,14.2,62.0,5.3,4,1,1,False,False,True,False,3.0
74,7.8,3.0,2.3,0.7,2.4,2.8,3.2,1.3,2.3,7.1,121.5,20.1,76.0,5.1,4,1,0,True,False,True,False,4.0
74,2.5,1.0,0.0,1.1,1.4,3.0,3.3,1.4,2.0,2.5,150.0,14.3,71.0,6.3,4,0,0,False,False,True,False,5.0
33,6.4,1.6,2.6,0.5,2.3,3.7,3.8,1.6,1.1,1.1,225.5,14.7,60.0,2.6,6,0,1,True,False,False,True,4.0
63,5.3,0.7,2.8,0.7,1.9,3.7,3.9,1.7,0.6,1.7,173.6,10.8,49.0,5.7,6,0,0,False,False,False,True,3.0
60,4.1,1.9,0.0,0.7,2.0,4.0,3.7,1.2,1.0,0.9,142.0,20.4,61.0,1.0,7,0,0,False,False,False,True,4.0
33,7.8,2.4,2.9,1.1,2.0,4.5,4.1,1.5,1.5,0.0,177.5,5.5,50.0,1.0,10,0,0,True,False,False,False,3.0
36,4.2,0.8,2.6,0.7,1.1,3.5,4.1,1.7,0.9,3.5,131.1,25.3,61.0,4.5,6,1,1,True,False,False,False,4.0
38,3.8,2.3,1.2,0.4,0.4,2.5,3.0,2.2,1.9,4.3,94.7,30.2,59.0,7.9,3,1,0,True,False,False,False,4.0
59,6.2,2.6,0.2,1.1,3.0,3.8,3.3,1.5,1.1,3.4,155.1,20.8,70.0,2.2,5,0,0,True,False,True,False,5.0
26,6.3,2.6,0.6,0.7,2.2,4.5,4.2,1.0,1.1,2.2,0.0,10.5,67.0,1.4,8,0,0,False,False,True,False,4.0
44,3.5,2.4,0.7,0.0,1.3,0.8,1.3,2.6,2.5,4.5,188.6,16.5,79.0,8.2,1,1,1,False,False,True,False,3.0
72,4.7,0.9,2.9,0.4,2.0,3.6,4.0,1.5,1.2,1.8,155.7,26.3,58.0,5.0,5,0,1,True,False,False,True,3.0
52,4.0,1.9,1.0,0.3,1.8,3.2,3.6,1.8,1.4,6.1,107.1,21.6,80.0,5.5,5,0,1,False,False,False,False,4.0
67,4.6,2.3,2.5,0.7,0.5,2.2,3.2,2.4,2.1,4.6,162.3,22.3,85.0,6.8,3,1,0,False,False,False,True,4.0
45,4.7,3.3,1.4,0.6,1.1,3.8,4.2,2.1,1.4,1.8,170.8,17.9,60.0,3.6,6,0,0,True,False,False,True,4.0
50,5.2,2.0,1.6,0.0,2.7,2.7,3.0,1.8,1.7,2.2,175.3,20.1,73.0,6.4,4,0,1,True,False,False,False,4.0
33,2.7,2.4,0.0,0.0,1.4,1.1,1.2,2.1,3.2,6.1,203.3,26.7,86.0,10.0,1,1,1,False,False,False,True,5.0
62,2.1,1.2,0.2,0.0,1.8,1.9,3.0,2.6,2.0,5.9,148.1,16.4,80.0,6.1,3,1,1,False,False,False,False,5.0
59,6.3,1.0,2.9,0.6,2.7,2.3,3.3,2.8,1.3,3.3,164.3,28.2,73.0,5.7,3,1,1,False,False,True,False,4.0
50,3.8,0.8,1.3,1.2,1.4,2.0,2.2,2.7,2.3,4.3,160.2,19.9,73.0,10.0,2,1,1,False,False,True,False,4.0
44,2.9,1.6,1.8,0.0,0.5,2.3,3.6,2.3,1.5,4.5,106.9,18.1,67.0,7.5,4,1,0,True,False,True,False,4.0
69,7.8,3.9,3.5,0.2,1.5,4.5,3.9,1.7,1.2,0.0,166.1,13.9,47.0,1.9,8,1,0,False,False,False,True,3.0
63,3.4,1.6,1.4,0.6,0.8,2.3,2.9,1.9,2.2,5.5,153.8,35.7,77.0,8.3,3,0,1,False,False,False,True,4.0
69,2.3,2.3,1.3,0.0,0.0,1.2,1.1,2.4,2.8,4.6,67.7,26.6,88.0,10.0,1,1,0,False,False,True,False,5.0
47,7.6,2.5,2.8,0.7,2.2,4.5,4.2,0.7,1.4,0.0,174.3,8.0,58.0,1.0,9,0,0,True,False,False,True,3.0
32,3.9,1.0,1.5,1.0,1.1,3.0,3.7,1.4,1.7,2.1,175.7,23.2,67.0,4.0,5,0,0,True,False,False,True,4.0
66,2.3,1.6,1.9,0.1,0.0,1.3,1.2,2.1,3.1,5.0,82.3,19.8,78.0,9.4,1,0,1,True,False,False,True,4.0
63,6.4,2.6,2.6,0.8,1.7,4.5,4.3,1.8,1.4,0.0,192.3,13.9,46.0,1.0,10,0,0,False,False,False,True,4.0
73,5.1,2.4,1.5,0.5,1.7,3.8,3.8,1.2,1.2,1.5,97.8,22.1,69.0,4.0,6,0,1,True,False,False,True,4.0
42,5.0,0.2,2.4,0.0,3.4,3.2,3.9,2.0,1.6,1.8,162.9,10.1,72.0,3.5,6,0,0,True,False,False,False,4.0
73,4.8,2.5,1.4,0.5,1.4,3.4,4.1,0.9,1.6,2.9,205.8,15.5,61.0,3.3,5,0,1,True,False,True,False,4.0
61,6.7,1.5,2.6,0.9,2.5,3.4,3.8,1.3,1.6,2.2,138.2,16.0,60.0,5.5,5,0,0,True,False,False,True,3.0
25,6.9,1.5,2.0,1.4,2.0,4.5,4.2,0.8,0.9,0.0,212.9,13.7,46.0,1.0,10,0,0,False,False,False,True,3.0
71,5.4,2.4,1.3,1.6,0.8,2.9,3.4,1.5,1.4,2.0,193.0,29.1,79.0,6.7,4,0,0,False,False,False,False,4.0
74,6.0,3.4,1.6,0.3,1.7,3.9,3.9,1.6,1.0,4.3,125.3,21.8,66.0,2.8,7,1,1,False,False,False,True,3.0
68,2.4,1.8,0.0,0.2,1.2,1.0,1.2,3.0,3.1,5.1,96.5,41.9,84.0,9.0,1,0,1,True,False,True,False,5.0
59,6.0,3.1,2.8,0.6,0.7,3.2,3.6,2.1,1.4,1.5,207.6,21.3,69.0,5.4,5,0,1,False,False,True,False,4.0
47,1.2,0.7,0.1,0.3,0.9,3.2,3.5,1.8,1.5,7.2,219.3,12.4,84.0,5.6,4,0,1,True,False,True,False,5.0
31,3.7,2.1,0.3,1.3,0.7,3.8,3.6,1.4,1.0,3.0,24.9,18.5,63.0,3.1,6,0,0,True,False,True,False,5.0
20,5.7,1.5,1.0,0.7,1.4,4.5,4.2,0.4,1.6,0.8,116.9,10.2,45.0,1.0,10,1,1,True,False,False,True,3.0
18,5.1,2.3,0.0,0.6,1.4,4.5,4.1,0.8,0.5,0.7,116.5,9.8,51.0,1.3,10,0,1,True,False,False,True,3.0
34,4.6,1.7,2.0,1.0,0.9,3.7,3.8,0.9,0.7,3.3,73.5,9.2,59.0,3.4,6,1,1,True,False,False,False,3.0
62,3.3,0.8,1.9,0.7,1.2,1.2,1.4,2.5,2.3,4.3,151.6,18.0,87.0,8.0,1,0,0,False,False,False,True,5.0
61,2.0,1.2,1.0,0.8,0.0,1.4,2.3,3.4,2.2,4.2,137.3,18.3,86.0,7.8,2,1,1,False,False,False,False,5.0
41,1.5,0.5,0.8,0.8,0.4,2.7,3.1,2.4,2.0,1.5,79.9,30.2,69.0,5.1,4,0,1,False,False,True,False,5.0
29,2.5,0.8,0.7,0.5,1.1,2.5,2.7,2.2,1.8,3.3,184.0,15.0,74.0,7.1,3,0,0,True,False,True,False,5.0
20,8.3,2.4,2.2,0.1,3.1,4.5,3.8,1.3,0.5,0.0,160.8,9.4,42.0,1.0,10,0,0,True,False,True,False,2.0
61,4.0,1.8,0.0,1.7,2.0,1.8,2.6,2.2,2.7,5.6,43.2,28.6,85.0,6.3,2,0,1,True,False,False,False,4.0
28,3.4,2.2,1.1,0.1,0.4,1.8,2.1,2.1,2.6,4.6,194.5,19.4,86.0,8.7,2,1,0,False,True,False,False,4.0
74,7.2,3.6,0.0,1.6,3.0,2.1,2.9,1.8,2.6,6.0,197.8,18.6,79.0,5.9,3,0,1,False,False,False,True,4.0
25,6.5,1.7,2.3,0.8,1.4,4.5,4.4,0.8,2.1,0.0,87.0,12.4,44.0,1.0,10,0,1,False,False,False,True,4.0
53,3.1,2.6,1.1,0.2,0.3,2.2,2.9,2.5,1.9,7.2,92.3,31.4,79.0,8.0,3,0,0,True,False,False,True,5.0
23,6.9,2.0,2.1,0.9,1.3,4.0,3.4,1.2,1.5,3.2,175.5,19.3,62.0,1.2,7,0,0,False,False,False,True,3.0
40,9.7,4.5,2.9,1.1,2.4,4.5,3.8,1.8,0.7,2.5,190.9,20.3,45.0,1.0,8,0,1,True,False,True,False,3.0
30,4.7,0.2,2.9,1.6,0.3,3.6,3.6,1.9,1.3,0.8,145.8,14.1,55.0,3.7,6,1,0,False,False,False,False,5.0
19,2.9,1.4,0.4,0.0,0.4,4.1,3.8,1.7,0.5,2.6,147.7,24.0,61.0,2.9,7,0,0,False,False,False,False,5.0
71,7.0,2.6,1.8,0.5,3.2,4.5,3.9,1.4,1.1,0.7,147.9,9.0,65.0,4.6,7,0,1,False,True,False,True,4.0
66,6.1,1.3,2.7,1.4,1.7,2.3,3.4,2.3,2.6,3.9,109.1,18.6,70.0,6.6,3,0,1,False,False,False,False,3.0
24,6.9,2.5,2.3,1.0,0.9,4.5,4.0,0.9,2.0,1.2,0.0,10.1,41.0,1.0,10,0,1,True,False,False,True,4.0
64,5.1,1.9,2.4,0.9,1.3,3.0,3.5,1.8,1.5,3.5,141.3,16.9,71.0,6.2,5,1,1,False,False,False,True,4.0
17,6.6,2.8,0.0,1.5,1.7,4.5,3.9,1.3,0.7,0.0,268.6,6.4,56.0,1.0,10,0,0,False,False,False,True,4.0
27,4.5,1.0,2.2,0.5,1.2,1.4,2.3,2.0,2.9,4.4,137.7,33.2,81.0,6.9,2,0,1,True,False,True,False,5.0
57,4.4,2.2,0.6,0.0,2.7,4.5,4.1,1.4,1.4,1.4,162.7,9.1,49.0,1.7,9,0,1,True,False,False,True,4.0
63,5.7,2.4,2.2,0.4,1.5,2.8,3.8,1.7,1.6,4.0,124.2,22.7,64.0,4.1,5,1,1,True,False,True,False,3.0
44,7.6,2.1,2.2,1.8,2.1,3.7,3.6,1.7,1.0,3.9,151.7,21.7,60.0,3.8,6,0,1,True,False,False,True,4.0
68,5.4,2.1,2.1,0.8,1.5,2.5,3.4,1.9,1.4,3.7,188.0,13.8,85.0,6.9,4,0,0,True,False,True,False,4.0
59,5.0,3.1,1.4,0.1,1.4,2.8,3.2,1.5,1.8,2.5,116.8,12.1,65.0,5.9,4,0,1,False,False,False,True,4.0
20,8.3,0.5,2.9,1.4,2.3,4.5,3.8,1.2,1.2,0.0,143.0,20.6,53.0,3.8,8,0,1,True,False,False,False,3.0
31,7.0,2.1,2.1,1.1,2.3,4.5,4.1,0.2,1.0,0.0,120.4,12.9,46.0,1.0,10,0,0,True,False,True,False,4.0
73,2.3,0.9,1.9,0.7,0.0,0.9,1.4,3.0,2.8,3.3,168.0,24.6,88.0,7.9,1,0,1,False,False,False,True,5.0
59,4.6,2.7,0.5,1.0,1.4,3.1,3.5,1.5,1.5,1.3,137.2,24.5,62.0,5.9,5,1,0,False,False,False,True,3.0
65,5.4,1.2,1.9,0.0,3.4,3.9,4.2,1.8,1.8,0.0,118.9,19.9,54.0,1.8,7,0,0,False,False,True,False,4.0
67,4.1,0.2,3.7,0.4,1.0,2.0,3.1,2.2,2.4,5.8,161.5,30.8,88.0,8.9,3,0,0,True,False,False,True,4.0
33,4.1,2.7,0.0,0.6,1.9,2.5,3.2,2.0,2.9,0.5,146.5,31.5,68.0,6.4,3,0,0,False,False,False,False,5.0
56,7.4,1.8,2.3,1.3,2.6,4.5,3.9,1.7,0.7,0.0,63.5,11.6,53.0,2.6,9,0,0,False,False,True,False,4.0
49,4.4,2.3,2.4,0.3,0.3,3.6,3.8,1.4,1.5,3.5,213.1,15.3,65.0,3.9,6,1,1,True,False,False,True,5.0
60,7.7,3.3,3.4,0.6,1.0,3.7,3.9,1.8,1.2,1.1,89.1,15.8,59.0,3.0,6,0,0,True,False,False,True,4.0
40,5.3,2.3,2.3,1.5,0.0,2.8,3.4,1.6,1.9,4.5,95.3,21.1,66.0,6.8,4,1,1,False,False,False,False,4.0
65,6.3,2.2,1.5,2.1,1.5,3.1,3.5,0.8,1.6,4.0,237.9,17.8,67.0,7.9,4,1,1,False,False,False,True,3.0
19,6.2,2.0,2.0,0.1,1.8,4.5,4.1,0.6,0.7,0.0,163.1,7.0,51.0,1.0,10,0,0,False,True,False,True,5.0
43,3.7,1.0,1.2,0.7,2.0,3.3,3.5,2.0,0.8,1.1,168.6,22.6,56.0,3.2,6,0,0,False,False,False,True,4.0
51,6.5,1.8,2.8,0.0,3.0,2.9,3.4,1.3,2.2,3.3,125.1,30.4,75.0,6.6,4,1,0,False,False,False,True,4.0
34,4.8,3.8,0.0,0.6,1.5,2.5,3.2,1.9,1.6,4.1,207.2,30.3,73.0,3.1,4,1,1,False,False,False,False,4.0
63,1.8,1.7,1.0,0.4,0.2,1.9,2.1,2.6,2.6,3.3,167.7,20.8,73.0,9.3,2,1,0,True,False,False,True,5.0
35,4.6,1.9,2.0,1.4,0.5,1.4,2.5,2.5,1.7,5.0,87.7,16.4,82.0,8.3,2,1,1,True,False,False,True,5.0
24,6.8,3.1,2.8,0.0,0.6,4.5,4.1,0.9,0.9,0.0,111.0,9.6,50.0,1.0,10,0,1,True,False,False,True,4.0
19,4.8,0.6,1.5,0.0,1.6,4.5,4.2,1.1,1.2,0.1,207.3,7.2,51.0,1.0,10,1,0,False,False,False,True,4.0
50,7.2,2.6,0.6,1.5,3.7,4.5,4.0,1.0,0.9,0.0,173.7,9.6,48.0,1.0,10,0,0,False,False,False,False,4.0
20,4.3,0.6,1.3,0.2,1.3,4.5,3.9,1.2,0.8,0.6,227.6,15.1,58.0,3.7,8,0,1,False,False,False,True,4.0
40,5.8,2.4,1.1,0.7,2.8,4.5,4.1,1.7,1.4,0.0,124.5,15.9,46.0,1.4,9,1,0,True,False,False,False,3.0
18,6.0,2.0,1.1,0.8,1.3,4.0,4.0,2.4,1.0,1.7,198.0,20.7,55.0,3.7,7,0,0,False,False,False,True,3.0
53,2.9,2.6,1.0,0.1,0.2,0.8,1.1,2.1,2.8,5.5,146.6,14.5,80.0,9.9,1,1,1,True,False,False,True,4.0
53,2.2,1.1,1.0,0.1,0.6,1.4,2.4,2.3,2.4,2.8,58.0,15.0,73.0,8.4,2,1,0,True,False,False,True,5.0
64,1.8,1.5,0.0,1.3,0.7,2.3,2.9,2.7,2.4,9.2,119.5,35.3,85.0,7.5,3,1,0,False,False,False,True,5.0
49,5.5,2.6,1.8,1.0,1.3,4.2,3.8,1.4,0.5,0.0,26.9,13.1,62.0,3.1,7,1,1,False,False,False,True,4.0
15,7.2,1.5,2.2,0.6,1.8,4.5,4.1,1.0,1.6,0.0,105.6,13.8,42.0,1.3,10,1,1,False,True,False,False,4.0
38,6.1,2.7,3.1,0.5,0.7,4.5,4.0,1.6,1.3,1.2,165.8,9.9,68.0,1.0,8,0,1,True,False,False,True,4.0
71,6.3,2.2,2.4,0.8,2.2,4.5,4.0,1.8,1.3,0.3,89.1,16.3,42.0,1.0,9,0,0,False,False,False,False,3.0
50,6.2,1.6,2.4,0.8,2.4,3.5,3.4,1.4,1.5,0.0,197.2,10.2,60.0,5.9,6,0,1,True,False,False,True,3.0
20,6.7,1.7,1.8,1.4,1.1,4.5,3.9,0.2,0.7,0.0,171.6,6.5,55.0,1.0,10,0,0,True,False,False,True,4.0
55,4.3,2.0,0.0,0.6,2.3,2.3,3.1,2.3,2.2,2.7,173.4,31.5,85.0,6.0,3,0,0,False,False,True,False,4.0
68,3.6,1.8,1.8,0.9,0.0,1.4,2.5,2.9,2.6,3.8,33.5,35.8,81.0,7.3,2,0,1,False,False,True,False,4.0
60,4.3,2.7,1.6,1.0,0.0,2.9,3.4,1.8,1.5,4.0,101.4,22.0,75.0,7.2,4,0,0,False,False,False,True,3.0
74,6.3,1.7,2.6,1.0,2.2,3.2,3.6,1.1,1.7,2.8,82.1,13.9,66.0,5.7,5,0,1,True,False,False,True,4.0
58,5.3,1.5,2.1,1.5,1.0,3.8,3.5,1.4,1.2,2.4,163.0,21.9,68.0,5.4,6,1,0,False,False,False,False,4.0
74,7.3,2.8,1.4,0.6,3.6,4.3,3.8,1.7,1.6,0.0,0.0,8.6,52.0,3.9,8,0,0,True,False,True,False,3.0
71,5.8,1.6,3.7,0.3,1.3,2.3,3.0,2.3,2.4,5.3,148.5,28.0,76.0,7.4,3,0,1,False,False,False,False,4.0
45,3.5,1.5,2.4,0.4,0.4,3.2,3.7,1.8,1.7,4.1,145.2,22.6,66.0,5.4,5,0,1,True,False,True,False,3.0
34,5.3,0.2,1.9,1.0,3.1,3.1,3.5,1.6,1.5,3.0,124.0,21.3,70.0,4.4,4,0,0,True,False,False,True,4.0
38,4.9,1.1,2.0,0.5,2.1,4.5,4.1,1.8,1.6,0.0,161.8,15.7,56.0,1.9,8,1,1,False,False,True,False,4.0
39,6.6,1.2,1.6,2.0,2.9,4.5,3.6,1.0,1.1,0.0,131.6,14.0,41.0,1.0,9,0,0,False,False,True,False,3.0
50,3.4,1.5,1.5,0.6,0.8,1.6,2.4,3.1,2.4,1.7,159.2,27.8,78.0,6.2,2,0,0,True,False,False,True,3.0
35,2.1,1.4,0.0,0.0,1.8,1.3,2.3,1.7,2.8,3.1,152.3,15.3,77.0,8.3,2,1,1,True,False,True,False,4.0
44,3.7,2.9,0.5,0.8,0.5,3.8,3.8,2.3,1.0,6.6,148.3,10.2,64.0,2.9,6,1,1,False,False,False,True,4.0
38,2.7,1.3,0.9,1.5,0.0,4.4,3.9,1.0,1.7,1.5,155.2,23.8,64.0,3.5,7,0,1,True,False,True,False,5.0
58,4.4,1.4,2.0,0.1,2.1,3.3,3.4,1.3,2.4,4.0,209.6,26.4,74.0,4.1,5,1,1,True,False,False,False,4.0
56,2.3,2.1,0.0,0.1,0.9,0.9,1.7,2.0,2.1,5.0,98.2,24.7,79.0,10.0,1,1,1,True,False,False,False,5.0
44,1.4,1.0,0.9,0.5,0.4,0.9,1.4,2.8,3.4,3.3,165.5,35.4,86.0,9.2,1,0,0,True,False,False,False,5.0
36,3.7,3.4,0.8,0.2,0.0,3.1,3.5,1.6,1.5,8.7,113.9,10.0,73.0,5.8,5,1,1,False,False,False,False,4.0
42,5.0,2.7,1.6,0.0,1.6,4.3,3.8,1.4,0.7,2.2,130.5,14.0,57.0,1.8,8,1,1,False,False,True,False,4.0
21,5.2,0.9,2.0,0.0,1.5,4.5,3.7,1.1,0.6,1.1,82.5,7.0,56.0,2.5,8,1,0,False,False,False,True,4.0
49,3.9,2.9,0.8,0.7,0.9,2.8,3.4,2.1,0.8,1.0,92.7,21.1,66.0,5.9,4,1,1,False,True,False,False,4.0
69,4.7,3.1,0.9,1.0,0.7,3.7,3.6,1.4,1.0,1.9,134.6,24.7,64.0,5.1,5,1,1,True,False,True,False,4.0
42,3.6,1.0,0.8,0.2,2.2,3.6,3.7,1.5,1.5,9.8,153.6,20.8,79.0,5.5,5,0,1,True,False,False,True,4.0
28,2.5,1.0,1.1,0.6,0.0,0.7,1.2,2.2,2.4,5.1,123.7,22.8,78.0,7.8,1,0,1,True,False,False,True,5.0
70,4.6,1.5,1.4,0.7,2.0,2.1,3.5,2.4,1.7,3.0,225.5,30.7,72.0,7.7,3,0,0,True,False,True,False,4.0
24,5.6,0.7,2.9,0.0,1.9,4.5,3.8,0.7,0.8,0.6,204.7,12.6,39.0,1.0,10,1,0,True,False,False,True,4.0
30,2.3,1.3,0.4,1.1,0.2,1.5,2.2,2.6,2.3,5.5,171.4,34.1,79.0,6.4,2,1,1,False,False,False,True,5.0
30,5.4,1.6,3.4,0.7,0.0,4.1,3.9,1.4,0.9,2.6,107.6,17.5,56.0,4.7,7,0,1,False,False,False,True,4.0
68,4.3,2.5,0.1,0.9,2.0,3.3,3.5,1.6,1.2,6.2,137.8,24.7,69.0,4.3,5,0,0,True,False,False,True,4.0
45,4.8,2.1,2.6,1.0,0.2,4.5,4.1,1.5,1.5,0.0,153.6,18.5,54.0,4.6,8,0,1,False,False,False,True,4.0
56,7.0,1.9,1.0,2.1,3.0,4.5,3.7,0.6,1.6,0.0,171.5,10.9,54.0,1.7,9,0,1,False,False,False,True,4.0
39,4.8,1.6,0.5,0.0,3.5,4.3,4.0,1.8,0.0,0.4,115.3,15.8,67.0,4.4,7,0,0,False,False,False,True,4.0
27,5.7,0.8,2.9,0.1,1.8,4.5,3.9,1.1,1.1,0.1,102.6,11.3,47.0,1.0,10,0,1,False,False,False,True,3.0
20,7.7,2.5,1.6,1.6,1.3,4.5,4.3,1.2,1.0,3.5,135.2,13.8,51.0,1.0,8,0,0,False,False,False,False,4.0
58,5.4,2.5,1.5,1.0,1.2,2.4,3.3,2.2,1.0,4.8,167.1,13.4,70.0,4.8,4,1,1,False,False,False,True,4.0
23,4.0,1.4,1.2,0.6,0.0,3.6,4.1,1.2,0.9,2.0,106.8,23.9,55.0,4.1,7,0,0,False,False,False,False,4.0
59,2.3,1.0,0.9,0.3,1.1,2.3,3.0,2.3,2.0,1.6,133.7,33.3,67.0,6.6,3,0,0,False,False,False,True,5.0
50,5.5,3.4,1.3,0.5,0.9,1.8,2.5,3.2,2.6,4.2,128.6,34.4,84.0,7.8,2,1,1,True,False,False,True,4.0
70,2.2,2.2,0.0,0.5,0.8,2.2,2.7,2.9,1.8,1.9,219.8,33.7,73.0,5.5,3,0,1,True,False,False,True,4.0
57,2.8,2.4,0.0,0.0,1.8,0.9,1.3,2.2,2.2,4.5,73.6,21.0,86.0,8.3,1,1,1,False,False,False,True,5.0
34,6.5,2.4,1.9,1.2,1.5,3.4,3.6,1.8,2.0,5.3,76.3,25.8,64.0,4.8,5,1,1,True,False,False,True,4.0
32,5.1,0.9,2.8,0.0,2.2,2.5,3.2,1.9,1.9,3.8,155.5,18.5,76.0,7.0,3,0,1,True,False,False,False,4.0
72,5.7,3.3,3.0,0.1,1.0,3.6,3.7,1.1,1.0,2.7,177.2,24.9,68.0,4.3,6,0,0,False,False,False,True,4.0
57,3.2,1.6,0.4,0.3,2.0,2.8,3.7,1.8,1.1,1.6,44.0,14.6,71.0,5.5,4,0,0,True,False,False,True,5.0
71,7.0,2.7,1.7,1.9,1.4,4.5,3.9,1.2,1.0,0.9,165.4,14.4,45.0,1.0,10,1,1,False,False,True,False,3.0
35,4.7,3.3,0.0,0.5,2.0,3.1,3.2,1.4,1.6,3.4,209.6,19.1,77.0,6.6,5,1,1,False,False,False,True,5.0
18,5.7,2.1,1.1,0.8,1.3,4.5,3.9,0.2,1.1,0.0,99.0,8.2,54.0,1.0,10,0,1,False,True,True,False,4.0
64,5.5,0.9,2.4,0.1,3.2,3.1,3.7,0.9,1.0,3.1,213.2,28.3,67.0,4.1,5,0,1,False,False,False,True,4.0
47,1.8,0.2,1.5,1.1,0.0,3.1,3.5,2.0,1.6,3.7,54.7,28.9,73.0,6.7,4,0,1,True,False,False,True,4.0
41,6.4,2.0,1.1,2.4,2.0,4.1,3.8,1.8,1.0,2.2,136.0,19.4,58.0,1.0,7,1,1,False,False,False,True,3.0
21,7.3,2.2,1.5,0.9,2.3,4.5,4.4,1.0,1.1,1.5,165.3,9.9,40.0,1.0,10,0,1,False,False,True,False,3.0
20,5.4,1.5,2.9,0.4,0.1,4.5,4.1,0.3,1.7,1.0,121.7,8.2,42.0,1.0,10,1,1,False,True,False,True,3.0
29,6.4,2.1,1.2,0.0,3.2,4.2,3.8,1.3,1.4,2.0,138.5,9.2,49.0,4.1,8,0,0,True,False,True,False,3.0
32,5.6,2.4,1.6,1.0,1.4,3.0,3.2,1.4,2.2,4.7,178.8,32.3,75.0,4.6,4,0,1,True,False,False,True,3.0
46,6.4,2.9,3.2,0.0,1.3,3.6,3.7,1.2,0.9,3.5,174.4,21.2,63.0,5.8,4,0,1,False,False,False,True,3.0
70,3.9,1.8,1.2,0.1,1.8,1.0,1.2,2.7,2.6,7.7,167.4,38.1,84.0,8.7,1,1,1,True,False,True,False,4.0
25,5.6,2.0,0.0,1.2,2.3,4.5,4.1,0.5,1.3,0.0,70.2,9.8,51.0,1.0,10,0,0,False,False,False,False,5.0
34,5.5,1.8,3.0,0.3,1.5,3.6,4.0,1.4,1.0,1.6,54.2,19.0,59.0,4.2,6,0,0,True,False,False,True,4.0
38,5.6,2.0,2.6,0.5,1.5,4.5,3.9,0.9,0.8,0.0,123.6,11.6,53.0,1.0,9,1,0,True,False,False,True,3.0
29,4.0,1.5,0.0,1.0,2.2,0.5,1.2,2.1,2.9,5.2,149.5,40.6,84.0,8.5,1,0,1,True,False,False,True,5.0
62,5.0,1.5,1.4,0.2,2.4,4.2,4.1,1.2,1.0,1.8,147.8,11.2,54.0,3.8,7,0,1,True,False,False,False,4.0
21,5.3,1.6,1.5,0.0,1.7,4.5,3.7,0.9,1.0,0.0,173.5,6.5,56.0,1.0,9,0,0,False,False,False,True,3.0
35,4.9,2.1,3.0,0.9,0.0,4.3,4.1,1.7,1.3,0.9,128.8,15.1,59.0,2.3,8,0,0,False,False,False,True,4.0
56,3.4,1.2,1.5,1.1,0.4,4.1,4.1,1.3,2.2,0.5,64.7,12.6,61.0,3.7,7,1,0,True,False,True,False,4.0
40,5.1,1.6,1.7,0.3,2.5,2.3,2.9,2.2,2.0,3.3,202.7,19.9,75.0,5.9,3,0,1,False,False,False,True,4.0
58,5.5,3.6,1.7,0.2,1.1,4.1,4.2,2.1,1.3,0.4,110.2,20.2,54.0,3.4,8,0,1,True,False,False,True,3.0
70,3.3,2.8,1.0,0.0,0.8,1.1,1.3,2.6,3.1,2.8,132.5,39.5,82.0,10.0,1,1,0,False,False,False,True,5.0
28,6.7,1.1,2.9,1.0,1.8,3.1,3.3,1.1,2.2,5.1,129.1,12.6,70.0,4.6,4,0,1,True,False,False,False,4.0
71,5.8,2.8,0.6,1.8,1.7,1.6,2.2,2.3,2.2,4.6,68.9,38.6,76.0,9.9,2,1,1,False,False,True,False,4.0
51,5.5,2.6,1.0,1.2,1.2,4.5,4.2,1.7,1.3,0.0,151.6,9.3,49.0,3.0,9,0,0,False,False,False,True,3.0
72,4.9,1.9,1.5,0.5,2.1,3.8,3.7,1.5,1.3,1.2,191.6,10.5,64.0,3.6,6,0,1,False,False,True,False,5.0
35,1.0,1.4,0.0,1.0,0.1,3.6,3.7,1.2,1.3,2.0,131.9,14.2,72.0,4.7,5,1,0,False,False,True,False,5.0
32,4.4,1.3,3.4,0.1,0.0,4.1,3.9,1.4,1.0,0.6,211.9,21.6,55.0,2.6,7,1,0,False,False,False,False,4.0
19,7.9,2.2,1.5,0.8,2.9,4.5,3.6,1.4,1.2,0.0,69.8,13.8,59.0,1.0,10,1,1,False,True,True,False,4.0
17,4.8,1.2,2.4,0.0,0.3,4.5,3.9,2.0,0.7,2.4,171.9,11.8,63.0,1.0,8,0,1,False,False,False,False,5.0
37,3.3,3.0,0.4,0.5,0.0,2.6,3.6,1.6,1.8,2.3,162.9,24.8,70.0,5.7,4,0,0,False,False,False,True,4.0
40,6.7,3.2,2.3,1.2,1.1,4.5,3.7,0.8,1.2,1.1,129.1,7.1,48.0,1.0,10,0,0,False,False,False,False,4.0
51,5.8,2.0,2.4,1.1,1.4,4.3,3.8,1.8,0.7,0.0,165.5,10.7,53.0,1.2,7,0,1,True,False,False,True,4.0
38,6.5,3.0,2.5,0.9,0.9,3.3,3.6,1.2,1.3,2.6,210.9,29.2,69.0,6.0,5,1,1,False,False,True,False,4.0
63,6.6,1.6,3.6,0.8,1.2,3.7,3.8,1.9,1.5,3.3,153.8,24.3,64.0,2.3,6,1,1,True,False,False,True,4.0
33,1.7,1.4,0.9,0.2,0.0,1.1,1.3,2.6,2.2,8.3,118.6,39.5,88.0,8.9,1,0,0,False,False,True,False,4.0
65,6.6,3.0,1.3,0.7,2.1,1.4,2.5,2.0,2.9,4.0,109.2,35.9,79.0,7.9,2,1,0,False,False,True,False,4.0
39,3.7,3.4,0.6,1.1,0.0,2.7,3.6,2.0,2.2,1.9,171.1,30.2,63.0,7.1,4,1,1,False,False,True,False,3.0
35,5.9,3.8,1.4,0.5,1.4,2.2,3.1,1.7,2.2,5.5,124.4,23.4,77.0,7.4,3,1,0,True,False,False,False,4.0
26,6.6,2.3,2.2,0.5,1.6,4.0,3.8,0.9,1.4,4.0,213.4,20.4,64.0,2.5,7,1,1,True,False,False,False,3.0
71,6.6,2.8,2.2,0.3,2.0,3.0,3.7,1.9,1.5,7.4,103.6,20.9,77.0,4.9,5,1,1,False,False,False,False,4.0
55,6.7,2.3,3.3,0.4,1.6,4.3,4.1,2.0,0.6,1.3,97.5,7.8,51.0,3.7,8,0,0,False,False,False,True,3.0
47,4.5,3.3,2.0,0.1,0.3,2.9,3.5,1.4,1.5,3.2,124.3,14.0,75.0,6.7,4,0,0,True,False,True,False,5.0
64,4.2,2.4,1.5,0.6,1.0,3.6,3.9,2.3,1.1,0.0,164.4,15.6,58.0,5.5,6,0,0,True,False,True,False,3.0
67,2.7,2.7,0.3,0.4,0.7,0.5,1.3,3.0,3.0,4.5,125.2,23.0,84.0,9.7,1,0,0,False,False,False,False,4.0
18,4.4,1.0,2.5,0.0,0.0,4.5,3.9,0.0,0.7,0.0,71.6,10.8,45.0,1.1,10,0,0,False,False,False,False,4.0
56,6.0,1.8,1.3,2.2,1.8,4.2,3.6,1.3,1.6,0.0,108.5,13.6,59.0,4.8,7,0,0,True,False,False,True,4.0
71,5.1,2.7,2.5,0.0,0.6,4.5,3.8,2.1,0.5,2.2,133.8,13.3,56.0,3.6,8,1,0,True,False,True,False,4.0
21,6.0,2.7,1.0,0.5,1.5,4.5,4.0,2.1,1.1,2.6,152.6,11.0,54.0,1.0,9,0,0,True,False,False,True,4.0
36,6.6,2.8,2.8,0.6,1.3,4.5,3.9,0.8,1.4,0.0,183.1,9.0,57.0,1.0,10,0,0,False,True,False,False,5.0
69,3.6,2.1,1.9,0.3,0.3,2.7,3.3,2.0,1.7,2.8,69.1,21.9,73.0,4.4,4,0,0,True,False,False,True,5.0
47,3.5,1.4,2.6,0.5,0.2,2.4,2.9,1.9,2.2,5.1,136.8,32.2,75.0,7.1,3,0,1,True,False,True,False,4.0
31,4.4,1.9,1.9,0.1,1.1,2.3,3.1,2.3,1.2,3.5,101.2,25.0,81.0,5.7,3,1,1,True,False,True,False,4.0
38,2.6,2.0,0.5,1.0,0.1,2.8,3.5,1.5,1.9,8.1,156.0,29.0,79.0,4.6,4,1,1,True,False,False,True,5.0
48,5.3,2.2,1.1,0.6,2.4,3.3,3.5,0.8,1.1,1.7,158.5,13.8,70.0,5.4,5,1,0,False,False,False,False,4.0
42,3.7,1.1,0.1,1.0,2.7,3.8,3.8,1.4,0.5,0.0,135.7,18.8,64.0,3.9,6,1,1,True,False,False,True,4.0
72,6.3,1.8,1.7,1.5,2.2,4.2,4.0,2.8,0.8,0.0,184.3,19.4,58.0,1.3,7,0,1,True,False,False,False,5.0
57,3.3,1.9,0.0,0.4,1.7,3.3,3.9,1.3,2.2,0.4,57.0,17.5,59.0,5.8,5,0,0,True,False,False,True,5.0
55,3.5,0.2,1.8,1.1,1.5,0.5,1.5,2.7,3.0,4.9,58.9,36.7,90.0,9.8,1,0,1,True,False,False,True,4.0
53,3.7,2.7,0.0,1.5,0.4,2.4,3.1,2.3,2.5,6.1,158.8,27.0,79.0,6.5,3,1,1,True,False,True,False,5.0
36,6.2,2.1,2.4,0.5,2.2,4.1,3.8,1.5,1.4,0.0,164.1,7.1,59.0,3.0,8,1,1,False,False,False,True,4.0
63,5.9,2.2,0.3,1.0,2.8,3.6,3.8,1.2,1.0,1.9,84.0,23.8,62.0,4.4,6,0,0,False,False,False,True,4.0
31,2.9,1.5,0.5,0.3,1.1,3.6,4.0,1.7,1.5,6.3,100.0,12.1,71.0,4.7,6,1,1,False,False,True,False,5.0
48,7.4,2.5,3.0,1.3,1.4,3.6,3.6,1.7,1.8,2.4,102.3,24.4,59.0,4.2,6,0,0,False,False,False,False,4.0
20,5.1,1.3,1.9,0.3,0.6,4.5,3.8,0.9,1.1,0.0,176.3,12.4,43.0,1.1,10,1,0,False,False,False,True,5.0
60,4.7,1.4,2.4,1.0,1.1,2.1,3.0,1.9,1.5,3.6,134.6,29.0,85.0,6.7,3,1,1,True,False,True,False,4.0
20,5.2,2.6,0.4,1.2,0.1,4.5,3.7,0.7,1.0,0.4,51.9,12.0,58.0,1.0,10,0,0,False,False,True,False,5.0
48,5.2,2.3,2.6,0.0,1.1,3.5,3.7,1.2,1.2,2.9,124.9,13.4,68.0,3.0,6,1,1,False,False,False,True,5.0
15,5.3,0.9,1.3,0.2,1.8,4.5,3.9,1.1,1.6,0.0,124.2,14.9,54.0,1.0,10,1,1,False,False,False,True,3.0
24,7.5,3.4,1.6,0.2,1.7,4.5,4.1,0.9,0.4,0.0,151.7,10.9,39.0,1.0,10,0,0,False,False,False,False,3.0
35,6.1,1.3,3.1,1.2,1.7,4.5,3.9,0.9,1.1,0.0,152.3,10.8,58.0,1.0,10,0,1,True,False,False,True,4.0
19,3.4,1.9,0.2,0.0,0.0,2.7,3.4,1.3,1.6,4.1,77.2,28.7,68.0,7.6,4,0,1,False,False,False,True,5.0
16,8.6,3.6,2.5,0.8,1.4,4.5,3.9,0.3,1.3,0.4,167.8,6.2,49.0,1.0,10,1,0,False,False,True,False,4.0
36,3.9,0.2,1.9,1.0,2.0,4.5,4.0,1.5,1.1,0.0,52.0,19.0,63.0,1.9,8,0,1,False,True,True,False,4.0
62,2.6,0.5,1.3,0.7,1.4,2.3,3.0,1.3,2.2,7.3,131.7,26.5,78.0,6.9,3,1,0,True,False,True,False,4.0
71,6.0,2.4,0.3,1.4,2.5,2.3,2.8,2.3,2.1,3.6,96.7,13.9,71.0,8.6,3,0,1,True,False,False,True,4.0
16,3.7,0.2,1.3,0.0,1.3,3.3,3.7,1.4,1.2,3.9,200.2,20.6,70.0,5.6,5,0,1,True,False,False,False,4.0
24,3.7,0.2,0.6,1.0,1.8,4.5,4.0,0.9,0.9,0.0,137.8,16.6,60.0,1.0,9,0,0,False,False,False,True,5.0
48,5.6,3.1,2.8,0.5,0.4,3.8,3.9,0.9,1.2,0.8,242.0,25.5,61.0,4.6,6,0,1,True,False,True,False,3.0
30,4.4,1.6,1.6,0.0,2.0,3.9,3.9,1.5,0.7,1.5,66.4,20.4,64.0,4.0,6,1,0,True,False,True,False,4.0
62,6.2,4.0,0.8,0.0,2.2,3.8,4.0,1.7,1.5,1.8,181.1,18.4,55.0,4.7,6,1,0,False,True,True,False,5.0
65,2.5,1.1,0.0,1.5,0.7,1.1,1.2,3.2,2.9,6.4,111.9,28.1,82.0,8.5,1,1,1,True,False,True,False,5.0
53,2.8,1.7,1.0,1.0,0.0,0.7,1.4,2.4,2.3,5.1,142.4,18.6,81.0,8.6,1,1,1,False,False,True,False,4.0
36,6.2,2.5,2.9,1.1,0.9,4.4,3.6,2.2,1.2,2.2,183.3,10.9,56.0,2.4,7,1,0,True,False,False,False,3.0
26,6.1,2.4,1.6,1.2,0.4,4.4,3.5,1.7,1.2,1.7,132.1,19.3,54.0,2.6,7,0,0,False,False,False,True,4.0
38,4.3,1.8,1.3,0.0,2.0,3.2,3.5,1.5,1.5,2.6,104.8,24.0,66.0,4.3,5,1,1,False,False,False,False,4.0
61,5.0,1.4,3.4,0.7,0.9,3.3,3.3,2.2,0.6,2.7,57.8,10.0,68.0,6.6,5,1,1,False,False,False,True,5.0
54,5.6,2.2,1.0,1.3,2.1,3.4,3.8,1.7,1.8,1.3,241.5,15.3,57.0,5.1,6,0,1,False,False,True,False,4.0
52,2.9,3.2,0.6,0.4,0.0,0.7,1.3,2.8,3.4,5.1,131.5,34.3,88.0,7.4,1,1,0,True,False,True,False,4.0
74,6.0,2.7,1.9,1.4,0.6,4.5,3.6,1.1,0.7,0.0,106.0,7.7,47.0,1.0,9,0,1,True,False,False,False,3.0
73,3.1,1.4,2.0,0.2,0.6,1.7,2.6,2.0,2.2,6.3,95.5,32.4,83.0,8.1,2,0,0,True,False,True,False,4.0
24,4.4,1.1,0.9,0.7,1.7,2.1,3.0,2.3,2.6,3.9,52.9,20.8,74.0,6.1,3,0,0,False,False,False,True,4.0
49,1.8,1.4,0.6,0.8,0.0,2.6,3.1,1.8,2.4,1.9,163.4,31.7,71.0,4.9,4,1,0,False,False,False,True,4.0
65,5.6,0.9,3.1,1.1,1.1,2.2,3.2,2.0,1.8,7.5,38.5,34.3,71.0,9.3,3,1,1,True,False,True,False,4.0
63,3.7,2.1,1.0,0.4,1.0,2.0,2.9,2.0,2.3,3.3,120.4,16.7,71.0,6.5,3,1,0,False,False,False,True,4.0
46,4.6,2.7,0.0,1.2,1.8,4.5,4.0,0.7,1.2,0.1,157.7,15.8,46.0,1.0,9,1,1,True,False,False,False,5.0
21,6.6,1.9,1.7,0.9,1.5,4.5,4.0,0.6,0.8,0.0,217.3,8.4,45.0,1.0,10,1,1,False,False,False,False,4.0
35,5.6,3.5,2.5,0.0,0.4,2.1,2.7,2.4,2.6,5.9,64.7,20.9,71.0,8.9,3,0,1,False,True,False,False,4.0
34,6.1,3.6,1.3,1.7,0.0,4.5,4.2,1.6,0.7,1.3,132.7,19.0,58.0,1.6,8,0,0,True,False,False,True,4.0
40,3.6,2.3,2.1,0.0,0.6,2.9,3.9,1.2,1.7,6.2,186.2,22.3,79.0,6.5,4,0,1,False,False,True,False,4.0
18,5.7,2.6,0.3,1.8,0.1,4.5,3.8,0.9,0.5,0.0,196.7,12.2,52.0,1.0,10,0,0,True,False,False,False,4.0
60,3.0,1.2,2.2,0.5,0.2,3.2,3.7,2.3,1.2,3.8,40.5,16.4,69.0,4.7,5,0,1,False,False,False,True,5.0
66,2.1,1.7,0.4,0.4,0.7,0.6,1.3,3.4,2.9,5.5,89.8,35.8,86.0,10.0,1,1,1,False,False,False,True,5.0
36,7.2,3.1,1.8,0.8,2.2,4.5,4.0,0.4,1.8,1.1,95.1,12.3,49.0,1.0,10,0,0,True,False,True,False,4.0
29,3.5,1.5,2.3,0.2,0.1,2.6,3.8,1.2,1.8,6.9,78.2,32.0,69.0,4.6,4,0,1,True,False,False,True,4.0
70,4.1,3.3,1.6,0.0,0.0,1.7,2.4,2.2,2.7,2.9,175.2,17.9,84.0,6.6,2,0,0,True,False,False,True,4.0
54,2.8,3.0,0.1,0.5,0.8,0.9,1.4,2.4,3.0,3.0,180.8,20.8,73.0,9.1,1,1,0,False,False,False,True,5.0
35,3.6,2.7,0.2,0.8,1.1,0.5,1.5,2.5,2.9,4.9,96.8,41.8,76.0,10.0,1,0,0,False,False,False,True,4.0
29,6.6,0.9,3.3,1.5,1.1,4.2,4.3,1.0,0.9,1.5,98.0,15.9,50.0,2.2,8,0,0,True,False,False,True,4.0
36,1.8,1.7,0.7,0.0,0.7,3.8,3.6,1.6,1.0,1.9,131.2,11.4,68.0,2.6,6,0,0,False,False,False,True,5.0
66,6.6,2.6,2.3,0.9,1.2,3.4,3.6,1.1,0.1,3.4,110.5,24.7,58.0,4.8,5,1,1,False,False,False,True,3.0
42,3.6,1.1,1.6,0.5,1.6,4.1,3.9,1.7,1.1,0.3,138.6,10.7,56.0,1.8,7,1,0,True,False,False,False,4.0
28,3.0,1.8,0.4,0.6,0.5,3.8,3.6,1.4,1.2,1.4,165.3,18.1,67.0,3.4,6,0,1,True,False,True,False,4.0
41,6.0,2.7,0.9,1.2,2.4,4.5,4.2,1.1,1.3,0.3,121.2,17.4,50.0,1.0,9,0,0,False,False,False,True,4.0
55,5.5,1.5,3.4,0.3,1.2,4.5,4.0,0.7,1.6,0.0,124.8,12.2,45.0,1.0,9,0,1,False,False,False,False,4.0
54,8.5,1.2,5.0,0.7,2.4,4.5,3.8,0.6,1.0,0.0,151.8,11.0,43.0,1.0,10,0,0,True,False,False,True,3.0
72,3.5,0.4,1.2,1.3,1.7,1.3,2.3,2.0,2.8,7.4,153.2,24.1,78.0,7.3,2,0,1,True,False,False,True,5.0
42,3.2,1.7,1.1,1.2,0.1,4.0,3.7,1.2,0.8,1.8,88.7,21.0,56.0,2.5,7,0,0,True,False,False,True,5.0
40,1.8,2.7,0.0,0.0,0.0,2.5,2.9,1.6,1.9,1.9,147.4,16.6,77.0,6.4,3,0,0,False,False,True,False,4.0
63,2.5,1.2,0.0,0.2,2.5,2.4,2.6,2.2,1.5,7.8,149.2,24.4,81.0,8.2,3,0,1,True,False,False,True,4.0
16,4.5,2.0,0.6,0.5,0.5,4.2,4.0,0.9,1.1,2.6,118.2,13.6,67.0,1.8,7,0,0,True,False,False,True,5.0
39,4.0,1.8,1.0,1.1,1.3,2.6,2.9,2.5,2.4,3.7,141.0,32.5,77.0,5.3,3,1,1,False,False,False,False,4.0
70,2.7,1.4,1.5,0.4,0.8,1.7,2.2,2.9,2.3,9.2,92.1,24.9,93.0,8.3,2,1,0,False,False,False,False,4.0
17,9.3,2.8,2.3,0.6,2.7,4.5,3.9,1.6,1.4,1.7,179.6,7.3,46.0,1.0,10,0,0,True,False,False,True,4.0
22,8.7,3.5,1.7,1.4,1.3,4.5,4.2,0.4,1.2,0.0,180.9,13.9,41.0,1.0,10,1,0,True,False,False,False,3.0
58,4.6,2.9,2.3,0.4,0.0,4.2,4.0,1.6,1.0,2.5,179.5,16.7,56.0,4.8,7,0,0,False,False,False,True,4.0
47,3.2,1.4,0.8,1.5,1.1,4.5,4.3,1.4,1.4,0.0,131.3,18.7,54.0,2.2,8,0,1,True,False,True,False,4.0
56,6.6,3.8,1.4,0.0,2.5,3.8,3.5,1.1,0.9,2.6,141.9,15.9,73.0,5.3,6,0,0,True,False,False,True,4.0
66,3.7,2.9,1.1,0.4,0.5,2.9,3.1,1.3,1.9,2.8,111.8,32.1,64.0,6.0,4,0,1,False,False,True,False,4.0
49,1.1,1.6,0.1,0.0,0.0,4.0,3.8,2.1,1.1,0.6,118.8,19.0,61.0,4.3,7,0,1,True,False,True,False,5.0
20,4.7,1.3,0.0,0.7,2.1,4.5,4.3,1.6,1.4,1.0,201.7,17.5,53.0,2.8,9,1,0,False,False,True,False,4.0
53,3.9,3.0,0.8,1.1,0.4,2.2,3.2,1.8,2.0,3.2,181.8,18.5,73.0,5.6,3,0,0,False,False,True,False,5.0
66,1.7,2.2,0.0,0.5,0.0,2.1,2.5,2.6,2.1,5.7,168.8,28.6,78.0,6.8,2,1,1,True,False,True,False,5.0
37,1.5,1.2,0.3,0.3,0.5,1.3,1.1,2.9,2.9,4.0,155.5,19.0,79.0,8.7,1,0,0,True,False,False,False,5.0
39,4.6,1.9,2.1,0.0,1.6,2.7,3.3,1.1,2.1,4.5,67.3,12.1,57.0,6.0,4,1,0,False,False,True,False,4.0
73,5.5,1.6,1.7,1.6,1.8,3.6,3.7,1.4,1.8,3.2,142.5,11.6,63.0,4.9,6,1,0,False,False,False,False,4.0
64,4.0,1.3,1.5,0.6,1.7,0.9,1.3,3.0,2.7,4.8,224.4,34.6,88.0,9.2,1,0,1,False,False,True,False,4.0
57,5.5,2.9,2.8,0.3,0.3,3.2,3.8,0.4,1.6,6.7,158.5,27.3,72.0,5.1,5,1,1,False,False,True,False,5.0
33,6.4,2.7,0.7,1.5,2.2,2.0,2.3,2.3,3.1,5.9,65.9,14.6,75.0,8.1,2,0,1,True,False,True,False,4.0
19,8.9,2.8,2.3,0.4,2.1,3.3,3.4,1.5,1.6,4.0,167.1,17.2,56.0,6.1,5,0,1,False,False,True,False,3.0
65,4.2,2.7,0.6,0.1,1.8,2.2,2.9,1.9,2.7,6.1,62.9,24.6,85.0,6.6,3,1,0,True,False,False,True,4.0
25,3.4,1.2,1.8,0.2,0.3,3.9,4.0,1.4,1.7,3.2,159.1,15.3,66.0,4.2,7,1,0,True,False,False,True,4.0
70,3.0,1.5,1.7,0.1,0.7,1.2,1.5,2.8,3.3,4.5,84.8,15.7,84.0,9.3,1,1,1,True,False,True,False,4.0
26,6.7,3.3,1.7,0.0,1.7,4.5,4.0,1.6,0.9,1.9,185.1,10.9,45.0,2.0,8,0,1,True,False,False,False,4.0
24,5.3,2.1,1.1,0.2,1.9,4.2,3.8,0.7,0.8,1.7,178.1,15.3,63.0,1.8,7,0,1,False,False,False,False,3.0
22,5.6,0.7,1.9,2.0,0.4,4.5,3.8,0.7,1.3,0.0,132.8,5.3,48.0,1.0,10,0,0,True,False,True,False,4.0
38,6.1,2.2,1.9,0.0,3.1,4.5,3.9,1.0,0.4,2.2,113.5,14.9,52.0,1.6,8,0,0,True,False,False,True,4.0
74,2.8,2.6,0.0,0.0,1.2,2.2,3.3,2.1,2.3,1.5,105.3,29.7,61.0,7.1,3,1,1,True,False,False,True,5.0
42,7.5,2.5,2.4,0.8,2.3,4.5,3.9,0.5,0.6,0.0,134.3,7.0,55.0,1.0,10,0,0,False,False,True,False,3.0
55,1.0,1.2,0.1,0.6,0.1,1.8,2.2,2.7,2.5,2.7,90.1,25.5,82.0,9.0,2,0,0,False,False,True,False,5.0
50,6.1,3.7,0.5,1.0,1.6,4.5,3.8,0.6,0.9,2.2,158.3,13.0,54.0,3.2,8,0,1,True,False,False,False,3.0
51,1.8,0.6,1.8,0.3,0.1,0.3,1.3,2.5,2.6,3.8,83.7,23.2,72.0,8.3,1,1,0,True,False,False,True,5.0
35,5.0,2.1,2.2,0.1,1.5,4.1,3.8,1.6,0.7,2.5,135.1,19.4,57.0,3.1,7,0,0,True,False,False,False,4.0
22,9.3,3.6,1.7,1.6,1.8,4.5,3.9,0.2,1.2,0.0,188.8,12.6,43.0,1.0,10,1,0,False,False,True,False,4.0
69,5.4,2.5,1.9,0.0,1.9,4.5,4.0,1.8,1.8,0.8,151.4,10.6,53.0,1.2,8,0,0,False,False,True,False,3.0
23,4.9,2.8,0.2,0.8,0.6,4.3,3.6,2.0,1.1,2.2,119.9,23.8,64.0,2.7,7,0,0,False,False,False,True,5.0
61,2.4,1.1,0.9,1.0,0.0,1.0,1.2,2.7,3.3,5.3,102.8,27.4,87.0,9.9,1,1,0,False,False,False,False,5.0
29,5.0,2.3,0.0,1.1,1.7,2.9,3.4,1.3,1.8,1.7,145.2,32.2,72.0,4.6,4,1,1,True,False,True,False,4.0
62,2.9,2.0,0.5,0.4,1.0,4.5,3.9,0.9,0.7,0.1,105.1,9.4,59.0,2.2,7,0,0,False,False,True,False,4.0
60,1.2,1.0,0.0,0.0,1.0,2.7,2.9,1.8,2.1,7.4,155.0,32.1,90.0,7.4,3,0,1,False,False,True,False,5.0
54,5.2,2.8,1.5,1.5,0.4,2.2,2.7,2.2,1.6,4.0,79.8,25.9,75.0,5.7,3,1,1,True,False,True,False,3.0
32,6.7,1.3,4.1,0.3,1.3,4.5,4.1,1.4,1.6,0.0,112.9,14.6,52.0,1.2,10,1,0,True,False,True,False,4.0
56,5.3,1.4,2.3,1.5,1.4,3.4,4.3,1.7,1.3,1.8,162.2,20.7,73.0,4.9,6,0,0,False,False,False,True,4.0
74,5.1,2.4,0.0,0.8,2.4,4.5,3.9,0.8,1.0,1.2,103.2,16.6,61.0,2.6,8,0,0,False,False,False,True,5.0
34,1.4,1.9,0.0,0.3,0.0,1.6,2.4,2.4,2.7,2.0,129.6,29.7,74.0,8.1,2,0,1,True,False,False,True,5.0
20,3.5,2.2,0.1,0.8,0.0,4.4,3.8,1.7,0.8,1.7,110.9,10.7,62.0,2.0,7,0,0,False,False,False,True,4.0
26,5.2,1.8,0.0,1.3,1.8,4.5,3.8,0.9,1.4,0.0,75.7,15.5,50.0,1.0,8,0,1,False,False,False,True,4.0
16,6.4,3.3,1.2,0.6,0.0,4.5,4.1,0.7,1.2,0.0,106.4,9.0,44.0,1.0,10,0,0,True,False,False,True,4.0
21,4.2,1.2,1.8,0.2,0.6,3.6,3.7,1.9,1.3,2.5,182.5,22.0,66.0,4.5,6,1,0,True,False,True,False,3.0
30,4.9,1.6,0.1,0.0,3.7,2.4,2.8,2.2,2.3,7.0,223.0,20.2,72.0,6.1,3,1,1,True,False,False,False,5.0
17,6.2,2.4,1.3,0.3,1.1,4.5,3.9,1.2,1.1,0.0,200.4,17.5,53.0,2.1,8,0,1,False,False,True,False,4.0
59,5.1,1.1,1.7,1.1,2.1,4.2,3.6,1.9,1.0,1.4,251.3,23.4,61.0,1.1,7,0,0,True,False,False,True,4.0
17,4.2,1.1,2.3,0.0,0.0,4.5,4.1,0.8,1.1,0.0,52.3,6.2,48.0,1.0,10,0,1,True,False,True,False,3.0
41,5.8,2.1,1.7,1.0,2.1,4.5,4.1,2.1,1.2,0.0,97.6,14.5,54.0,1.8,8,0,0,False,False,False,True,4.0
64,5.0,2.8,1.9,0.6,1.0,2.4,3.2,1.5,2.1,2.0,139.8,27.6,68.0,6.6,3,0,0,False,False,True,False,4.0
57,5.9,2.9,1.5,1.0,1.7,2.1,2.1,2.3,2.0,4.3,166.2,23.7,86.0,8.2,2,0,0,True,False,False,False,3.0
54,3.0,2.1,0.4,0.0,1.9,3.4,3.8,0.8,1.2,0.5,177.1,23.6,62.0,5.8,6,1,0,True,False,True,False,5.0
52,1.8,1.4,0.6,0.0,0.9,0.9,1.7,2.2,2.3,3.9,48.8,38.7,80.0,9.3,1,1,0,False,False,False,False,5.0
47,3.6,2.2,0.0,0.3,1.9,0.7,1.0,2.9,3.6,2.8,114.4,29.0,85.0,8.5,1,0,1,False,False,False,True,4.0
42,6.4,2.5,3.1,1.7,0.2,3.3,3.5,1.9,2.0,4.2,166.7,19.0,63.0,3.9,5,0,1,False,False,False,False,4.0
15,5.0,2.2,0.0,0.1,1.4,4.5,4.0,1.6,1.8,0.0,173.0,12.3,48.0,1.0,10,0,1,True,False,False,True,4.0
69,6.8,3.1,2.5,0.5,1.9,4.5,3.9,0.6,1.0,0.0,152.3,6.2,40.0,1.0,10,1,1,False,False,True,False,3.0
22,4.0,1.1,0.0,1.9,0.8,2.8,3.3,2.4,1.9,4.7,100.4,24.3,68.0,6.3,4,0,1,False,False,False,False,4.0
51,4.3,1.4,2.3,0.9,0.4,1.8,2.3,2.9,2.2,7.0,123.5,19.4,83.0,7.6,2,1,1,False,False,True,False,5.0
46,6.7,3.0,2.6,1.1,0.9,3.5,3.4,1.3,2.1,0.9,118.4,29.1,66.0,4.0,5,0,1,False,False,False,False,4.0
74,5.5,0.7,2.8,0.2,2.5,3.9,3.6,1.7,0.9,3.7,132.5,17.4,67.0,1.5,7,1,1,True,False,False,False,4.0
62,4.4,1.5,0.4,1.3,2.3,2.9,3.5,1.3,1.5,9.0,94.8,27.7,72.0,4.9,5,1,1,True,False,False,False,4.0
57,5.9,1.3,1.7,1.4,2.1,3.4,3.1,1.8,1.3,1.5,177.4,14.2,70.0,3.3,6,1,0,False,False,True,False,4.0
51,3.9,0.6,0.8,0.9,2.9,2.1,2.8,1.5,2.7,7.0,200.9,24.4,79.0,7.2,3,1,0,False,False,False,False,4.0
18,4.9,1.8,0.5,0.5,1.4,4.5,4.0,0.5,1.5,0.0,156.3,7.2,46.0,1.0,10,0,0,False,False,False,True,4.0
44,5.8,2.7,1.5,0.9,1.6,4.2,3.8,1.7,1.1,2.7,192.5,20.5,66.0,1.7,7,0,0,True,False,True,False,4.0
20,5.1,2.1,2.4,0.0,0.0,4.5,3.8,0.9,1.8,0.5,143.1,9.8,51.0,1.0,10,1,1,False,False,False,True,4.0
60,4.4,2.7,0.8,1.3,0.5,3.6,3.6,1.5,1.5,3.0,220.3,12.9,67.0,6.3,5,0,0,False,False,False,True,5.0
68,6.3,3.1,1.9,0.1,1.9,4.5,3.9,1.1,1.5,1.9,151.1,9.4,59.0,3.1,8,0,0,True,False,True,False,4.0
33,4.2,1.7,0.5,0.4,2.3,2.2,3.1,1.6,1.6,5.2,222.5,30.7,76.0,8.2,3,0,0,True,False,False,True,4.0
46,5.3,4.4,0.4,1.4,0.1,2.0,3.0,1.9,2.8,4.3,119.9,14.1,74.0,7.6,3,0,0,False,False,False,True,4.0
23,6.2,1.7,1.1,1.3,1.3,4.3,3.8,0.8,1.1,2.5,99.2,15.7,53.0,3.5,7,0,0,False,False,True,False,4.0
26,6.9,1.8,1.2,0.0,3.6,4.5,3.8,1.2,1.4,0.0,90.4,7.6,44.0,1.0,10,0,1,False,False,False,True,3.0
25,5.1,1.4,2.2,0.0,1.3,4.5,3.9,1.2,0.8,0.0,131.2,14.2,52.0,1.0,10,0,1,False,False,True,False,4.0
60,5.4,2.5,0.1,1.0,2.8,4.5,3.6,1.0,0.7,0.0,228.1,7.3,51.0,1.0,10,0,0,True,False,True,False,4.0
69,6.2,1.7,3.9,0.0,1.7,2.7,3.8,1.7,1.8,3.4,84.7,14.7,74.0,7.1,4,1,1,True,False,False,True,4.0
30,5.2,1.9,0.0,1.5,2.0,4.3,3.5,1.5,1.3,0.0,135.1,15.2,56.0,4.3,7,0,0,False,False,True,False,4.0
15,6.0,1.8,1.8,0.7,0.5,4.5,4.0,0.1,0.7,0.0,170.8,11.7,54.0,1.0,10,0,0,False,False,True,False,4.0
59,3.7,1.8,1.2,1.4,0.0,1.8,2.3,2.8,2.4,4.5,136.2,30.9,78.0,8.8,2,1,0,False,False,False,True,4.0
69,4.3,2.1,0.8,0.2,2.1,2.7,3.4,1.7,0.9,2.1,136.5,25.2,64.0,5.5,4,1,0,False,False,True,False,3.0
67,3.7,1.6,1.3,0.2,1.7,2.4,3.0,2.7,1.8,2.3,132.6,19.7,76.0,6.9,3,0,1,True,False,True,False,4.0
35,5.6,1.6,2.2,1.2,1.5,4.5,3.7,1.3,0.9,0.0,238.1,6.3,53.0,1.0,9,0,1,False,False,False,True,4.0
44,4.8,3.0,2.4,0.4,0.1,3.6,3.8,1.4,0.6,0.2,122.9,23.2,64.0,5.9,5,0,1,True,False,False,True,4.0
27,4.0,1.7,1.3,0.0,1.0,4.2,4.0,1.3,1.3,0.0,45.9,22.4,68.0,3.2,7,0,1,True,False,False,True,4.0
48,5.3,2.3,1.9,0.9,0.8,4.5,3.9,1.5,1.9,0.0,185.0,9.8,61.0,1.5,9,0,0,True,False,False,True,3.0
18,3.2,1.2,0.0,0.0,0.9,2.8,3.5,1.9,2.1,7.4,64.6,14.3,82.0,7.0,4,1,1,True,False,False,False,5.0
42,5.2,1.6,1.3,1.5,1.6,4.1,4.2,2.2,0.7,1.0,90.2,12.8,59.0,2.5,7,1,0,True,False,False,True,4.0
52,4.6,0.9,1.9,0.7,2.1,3.0,3.7,1.8,1.4,2.3,59.3,21.1,64.0,4.6,5,1,1,True,False,False,False,4.0
72,4.7,3.7,0.0,0.1,1.7,1.9,2.4,2.3,2.5,3.1,147.0,33.0,78.0,8.4,2,1,0,True,False,False,True,5.0
45,6.5,3.2,1.6,1.3,1.6,4.5,3.6,0.3,1.2,0.7,109.3,11.8,53.0,1.0,10,0,1,True,False,True,False,4.0
73,5.2,2.5,1.3,1.3,1.5,4.5,4.1,1.2,1.1,0.0,117.1,10.6,44.0,1.0,10,0,1,False,False,False,False,4.0
69,7.7,3.9,2.9,0.6,1.2,4.5,3.9,0.7,1.0,0.3,129.4,13.8,44.0,1.3,10,1,1,True,False,False,True,3.0
41,5.9,2.7,1.7,2.0,0.6,3.1,3.8,1.3,1.2,3.5,181.9,25.4,68.0,4.0,5,1,1,True,False,False,True,4.0
19,8.4,1.8,2.0,2.0,1.4,4.5,4.0,0.7,1.4,0.0,152.3,7.0,39.0,1.0,10,1,0,False,False,False,True,2.0
39,5.8,2.3,1.2,0.8,2.1,3.2,3.4,2.2,2.0,2.9,171.6,24.7,59.0,4.6,5,1,1,False,False,False,True,4.0
17,8.6,3.2,2.2,1.2,1.3,4.5,3.9,1.0,0.9,0.2,121.6,7.6,33.0,1.0,10,0,1,False,False,False,True,3.0
47,4.4,1.2,2.1,1.4,0.5,3.6,4.0,1.8,0.7,2.1,130.2,26.8,61.0,4.1,6,0,1,True,False,True,False,4.0
18,1.5,0.9,0.1,0.0,0.2,2.5,3.6,2.7,2.5,4.3,70.1,18.8,75.0,7.8,3,1,1,False,False,False,False,5.0
39,4.5,2.4,1.8,0.8,0.4,3.0,3.2,1.8,1.8,3.7,249.2,12.5,71.0,5.8,4,0,0,True,False,True,False,3.0
34,4.0,1.5,2.8,0.2,0.3,2.9,3.1,1.5,1.2,8.0,166.3,25.0,68.0,6.3,4,1,1,True,False,True,False,3.0
48,5.7,0.2,2.6,0.1,4.0,0.7,1.3,2.1,2.5,4.5,108.7,31.5,72.0,9.7,1,0,1,True,False,False,True,3.0
40,2.6,0.9,1.5,0.7,0.5,3.4,3.7,1.3,2.1,0.7,144.4,25.2,68.0,5.2,5,1,1,False,False,True,False,4.0
19,6.2,1.7,1.9,0.7,1.4,4.5,4.1,1.0,1.1,1.1,101.5,13.1,45.0,1.0,10,0,1,True,False,False,True,3.0
49,5.0,2.0,2.5,0.0,1.3,2.8,3.6,1.9,2.1,0.7,199.9,32.4,67.0,7.6,4,0,0,True,False,False,False,4.0
42,4.9,2.1,0.2,0.8,2.8,3.8,3.9,1.4,0.6,0.0,87.0,22.7,69.0,5.8,6,0,1,True,False,False,False,5.0
43,7.4,3.8,2.0,0.4,1.8,3.3,3.5,1.2,1.1,5.6,101.2,27.1,62.0,6.2,5,1,1,False,False,False,True,3.0
23,5.1,1.8,0.0,1.4,1.8,4.5,4.0,0.7,1.7,0.0,141.7,14.4,51.0,1.0,10,0,0,False,False,True,False,4.0
66,6.4,2.3,2.4,1.3,1.6,2.4,2.8,1.9,2.0,3.1,143.7,18.2,72.0,7.3,3,1,0,True,False,False,True,4.0
52,2.3,0.5,1.1,0.1,1.7,1.1,1.0,3.1,3.0,8.2,190.2,19.2,85.0,9.8,1,1,1,False,False,True,False,5.0
64,5.6,2.0,1.4,1.4,1.7,3.2,3.9,1.9,1.8,2.9,146.7,21.0,69.0,5.4,5,1,1,False,False,False,True,4.0
20,5.7,2.3,0.9,0.9,0.8,4.5,4.1,1.8,1.1,2.4,159.0,13.8,60.0,2.5,7,0,1,False,False,False,False,3.0
33,2.7,0.8,1.5,0.5,0.5,2.2,2.6,1.9,2.1,2.6,269.1,13.0,77.0,7.4,3,0,1,True,False,True,False,4.0
74,3.6,1.2,1.8,0.3,1.5,1.1,1.5,2.7,2.5,4.0,86.6,36.9,82.0,8.5,1,1,1,False,False,False,True,5.0
58,4.1,2.4,2.3,0.0,0.9,2.4,3.0,2.5,1.3,3.1,191.6,17.4,69.0,5.4,3,1,1,True,False,False,True,4.0
71,4.8,1.5,2.9,0.0,1.6,3.8,4.0,1.6,1.7,0.0,117.9,17.1,55.0,5.1,6,0,1,False,False,True,False,5.0
25,4.4,1.9,1.6,0.0,0.3,4.5,3.6,0.9,1.8,0.0,126.8,12.7,42.0,1.3,10,0,0,True,False,False,False,4.0
16,3.9,2.5,0.0,0.6,0.0,4.5,3.7,1.8,0.8,1.6,177.9,17.3,53.0,3.3,7,0,0,True,False,True,False,3.0
61,5.8,3.8,2.9,0.0,0.1,3.6,3.5,1.5,2.2,2.0,0.0,29.6,56.0,1.9,5,0,0,True,False,False,True,3.0
58,2.2,1.8,0.0,0.1,1.3,2.3,3.0,2.3,2.4,7.1,171.0,32.1,75.0,8.5,3,1,0,False,False,False,True,4.0
58,4.6,3.6,1.0,1.0,0.0,1.7,2.4,1.9,1.6,5.1,201.3,34.7,80.0,7.4,2,1,0,True,False,False,True,4.0
23,6.2,0.2,1.0,1.5,3.3,4.5,3.5,1.1,0.6,1.6,106.8,15.6,46.0,1.0,9,0,0,False,False,False,True,4.0
35,6.2,2.1,1.5,0.0,3.4,2.1,2.9,2.5,1.0,6.5,186.1,30.0,85.0,6.0,3,0,1,True,False,True,False,4.0
38,4.1,1.7,0.1,1.0,2.3,3.6,3.7,1.5,1.5,0.5,181.9,19.5,65.0,4.1,6,0,1,False,False,False,True,4.0
48,2.6,1.5,0.1,0.4,1.0,4.1,3.7,2.0,0.9,0.8,241.3,20.4,58.0,3.6,7,1,1,False,False,False,True,4.0
36,4.2,2.6,1.5,0.3,0.9,3.5,3.6,1.3,1.3,1.5,83.3,22.1,73.0,5.3,5,1,1,False,False,False,True,4.0
17,5.9,1.8,0.6,0.7,1.7,4.5,4.4,1.0,1.0,1.9,190.7,9.3,42.0,1.0,10,0,0,False,False,False,True,3.0
26,5.4,0.2,3.0,0.2,2.0,2.4,3.4,1.3,1.7,5.1,90.3,22.6,70.0,7.5,4,1,1,False,False,True,False,4.0
42,3.2,0.6,0.9,0.5,1.7,1.4,2.0,2.5,2.7,4.4,223.4,27.1,70.0,8.0,2,1,1,True,False,False,True,4.0
44,2.9,2.6,0.4,0.6,0.1,2.4,3.1,1.5,2.5,3.9,109.2,35.6,71.0,6.8,3,0,1,False,False,False,True,4.0
40,5.0,0.5,3.3,1.3,1.2,3.0,3.8,2.0,1.2,1.8,69.9,19.7,64.0,5.4,5,0,0,True,False,False,True,4.0
62,7.4,2.7,2.0,1.4,1.9,4.5,4.1,1.9,0.6,0.0,181.6,17.8,52.0,1.4,8,0,0,False,False,False,True,3.0
35,6.0,2.1,4.5,0.2,0.0,4.3,3.7,2.0,1.3,2.6,164.7,17.5,69.0,1.4,7,1,0,False,False,False,True,4.0
42,1.4,1.8,0.0,0.4,0.3,1.8,2.6,2.3,2.3,6.9,146.8,25.3,81.0,8.1,2,0,1,True,False,False,True,4.0
70,5.2,1.9,1.7,1.1,1.9,3.4,3.9,1.5,1.3,0.5,89.7,24.9,64.0,4.5,6,0,1,True,False,False,True,4.0
40,5.4,2.5,2.0,0.5,1.1,4.3,4.1,1.5,1.4,1.2,58.5,16.2,54.0,1.8,8,1,1,True,False,False,False,4.0
47,3.9,0.9,1.5,1.0,1.1,2.5,3.1,1.0,1.8,2.5,146.2,32.2,75.0,7.3,3,0,1,False,False,False,True,4.0
35,6.0,2.0,1.1,1.1,2.5,3.7,4.1,1.3,0.2,1.0,218.8,22.6,56.0,2.8,7,0,0,False,False,True,False,4.0
49,5.6,1.0,2.9,1.2,1.3,2.9,3.4,1.5,1.6,5.8,89.4,26.4,71.0,5.5,4,1,0,False,False,False,True,4.0
66,4.8,2.1,2.0,0.7,0.9,2.7,3.5,1.7,2.9,4.4,66.2,15.4,80.0,5.5,4,1,1,False,False,True,False,4.0
48,3.0,2.6,0.0,0.0,1.1,0.6,1.2,2.5,2.7,4.9,130.1,38.0,88.0,8.4,1,1,1,False,False,True,False,5.0
55,3.1,2.1,0.5,0.5,1.1,2.2,2.9,2.3,1.8,5.5,148.8,14.3,78.0,5.4,3,1,1,True,False,False,True,4.0
65,2.1,2.5,0.2,0.3,0.6,1.4,1.6,2.4,2.6,5.6,98.3,17.4,91.0,9.5,1,1,1,True,False,False,False,4.0
61,4.3,1.4,1.4,1.1,1.2,2.9,3.3,2.1,2.0,6.2,250.2,20.5,72.0,4.7,4,0,1,False,False,False,False,3.0
32,5.7,1.9,2.5,1.5,0.3,2.9,3.3,1.8,1.4,4.0,58.7,12.1,72.0,8.3,4,1,1,False,False,False,False,3.0
72,4.1,1.8,1.1,1.5,1.1,2.7,3.3,1.8,2.9,2.9,92.8,12.1,68.0,4.1,4,0,1,False,False,False,True,4.0
25,4.6,1.7,1.2,1.1,0.9,4.5,4.0,1.2,0.7,1.5,46.1,20.9,53.0,1.5,8,1,0,True,False,False,True,4.0
71,2.3,1.3,0.4,0.0,1.6,1.9,2.1,2.8,2.1,7.5,105.8,31.3,83.0,10.0,2,0,1,True,False,False,False,5.0
37,7.2,1.6,2.3,1.4,2.9,4.5,3.8,2.0,1.8,0.0,38.4,17.9,55.0,1.7,8,0,0,True,False,False,True,3.0
62,5.4,1.0,2.9,0.9,1.7,4.4,3.9,2.0,1.3,0.3,206.4,19.1,38.0,1.3,8,1,0,True,False,False,True,4.0
36,2.7,0.5,1.5,0.1,1.5,0.9,1.3,2.5,3.5,4.7,88.5,15.1,78.0,7.7,1,1,1,True,False,False,True,4.0
31,6.6,1.4,3.2,1.1,1.6,3.0,3.1,1.8,2.4,4.3,190.0,20.4,83.0,6.1,4,1,0,False,False,False,True,3.0
19,5.4,2.6,0.9,0.5,0.5,3.4,3.7,1.5,1.8,3.0,89.2,27.1,75.0,3.9,5,0,0,True,False,True,False,3.0
58,3.5,2.2,0.0,0.0,2.1,0.8,1.1,1.8,2.1,5.4,67.0,35.1,80.0,9.0,1,1,1,False,False,False,True,5.0
25,4.7,0.9,2.4,0.0,1.8,4.3,3.9,2.0,0.9,3.0,203.9,10.0,58.0,4.0,7,1,0,True,False,False,False,4.0
44,4.0,1.6,1.4,0.6,1.4,2.8,3.6,1.5,1.3,4.2,231.4,31.6,80.0,5.6,4,0,1,False,False,True,False,4.0
29,5.6,2.6,0.9,0.5,1.8,4.0,3.8,1.5,1.0,3.9,79.3,24.0,64.0,4.8,6,1,1,True,False,False,True,4.0
41,4.1,1.6,1.6,0.0,1.7,2.8,3.5,1.3,1.4,8.2,191.0,19.8,86.0,5.8,4,1,1,True,False,True,False,5.0
49,2.6,0.7,0.0,1.1,1.7,2.0,2.8,1.4,1.8,7.4,128.8,34.4,86.0,8.5,3,1,1,True,False,False,False,5.0
47,5.9,4.0,0.0,0.9,2.4,4.5,3.6,1.8,1.6,0.6,126.5,18.3,56.0,2.9,8,1,1,False,True,True,False,4.0
34,3.1,1.8,1.6,0.0,0.6,3.3,3.8,1.8,1.8,5.4,120.0,12.8,69.0,6.5,5,1,1,False,False,False,False,4.0
30,7.5,1.0,2.0,2.2,2.7,4.5,4.3,1.2,0.5,0.0,220.4,10.5,57.0,1.3,9,0,0,True,False,False,True,4.0
48,4.5,2.2,3.0,0.0,0.0,4.1,4.1,1.8,1.3,0.0,127.2,14.2,53.0,4.5,7,0,0,True,False,True,False,4.0
16,7.4,1.9,2.5,0.3,2.1,4.5,3.8,0.3,0.5,0.0,141.0,14.4,48.0,1.0,10,1,1,False,False,False,True,4.0
49,4.2,0.6,2.2,0.8,1.6,4.3,3.8,1.6,1.1,0.0,128.3,13.5,53.0,1.8,8,0,0,True,False,True,False,3.0
54,4.9,2.1,2.9,0.3,0.4,4.4,3.5,1.7,0.7,0.0,155.4,14.1,54.0,2.5,8,1,0,True,False,False,False,4.0
70,8.0,2.9,2.0,1.5,2.4,4.5,3.8,1.4,1.0,0.9,129.1,6.6,52.0,1.0,10,1,0,False,False,False,True,3.0
42,2.4,1.8,1.1,0.5,0.0,3.4,3.6,1.5,1.0,3.5,115.6,15.3,71.0,4.7,5,1,0,False,False,False,True,5.0
61,5.0,0.2,2.5,0.0,3.0,3.5,3.9,1.0,1.5,1.3,183.2,14.0,60.0,4.3,6,0,0,True,False,False,False,3.0
53,8.3,2.3,2.5,1.0,3.7,4.5,3.9,2.3,0.8,0.0,227.9,18.8,53.0,1.5,8,0,0,True,False,False,True,3.0
20,6.1,2.5,1.5,0.0,1.2,4.5,4.2,1.0,1.0,0.0,75.3,9.0,42.0,1.6,10,0,0,False,False,False,True,3.0
23,3.7,1.5,0.2,0.9,0.4,3.9,4.0,1.7,0.8,5.3,105.3,15.6,66.0,4.7,6,1,0,True,False,False,True,3.0
34,2.5,1.5,0.0,1.4,0.8,2.8,3.6,1.4,1.3,0.9,187.7,21.2,58.0,5.5,5,0,0,True,False,False,True,3.0
74,8.1,4.0,2.4,0.0,2.4,4.2,4.1,1.0,1.2,1.0,252.2,10.6,45.0,1.3,8,1,1,False,False,False,False,4.0
15,5.5,1.4,2.0,0.4,1.1,4.4,3.9,1.6,0.8,0.7,182.2,7.6,60.0,3.0,8,0,0,False,False,True,False,4.0
22,3.9,1.0,2.2,0.0,0.0,4.4,4.2,1.1,0.3,0.5,220.4,12.6,52.0,1.0,9,0,0,True,False,False,True,4.0
69,5.8,2.0,2.5,0.6,1.8,4.4,4.1,2.0,1.4,1.5,144.6,14.0,56.0,3.4,7,0,0,False,True,False,True,3.0
37,6.5,2.5,0.5,1.9,2.3,4.5,4.0,0.6,1.4,0.0,140.7,9.7,52.0,1.1,10,0,0,False,False,False,False,4.0
17,6.1,2.5,0.0,0.7,1.9,4.5,4.0,0.9,0.9,2.9,179.4,13.9,49.0,1.0,9,1,1,True,False,False,True,4.0
18,6.2,0.2,2.1,0.5,2.1,4.5,4.0,0.9,1.4,0.0,45.0,13.7,49.0,1.0,10,0,0,False,True,True,False,4.0
72,6.5,1.4,2.8,0.0,3.0,4.2,3.8,1.5,0.9,0.7,166.9,13.2,62.0,3.3,7,0,0,True,False,False,True,3.0
39,5.1,3.0,1.9,0.0,1.2,4.5,4.2,0.7,0.7,0.7,117.3,13.8,59.0,1.0,10,0,0,True,False,False,True,4.0
61,5.2,2.3,0.0,0.5,3.1,3.2,3.3,1.3,1.6,7.2,99.7,22.7,71.0,3.5,5,0,1,False,False,False,True,4.0
52,3.6,0.9,1.8,0.7,1.2,1.1,1.3,3.0,3.2,6.3,165.5,40.3,84.0,10.0,1,0,0,True,False,True,False,4.0
29,6.2,3.1,0.3,0.8,2.5,4.5,4.0,1.1,1.2,0.0,147.9,14.8,55.0,2.9,8,0,1,True,False,True,False,4.0
35,4.2,2.9,0.0,1.1,1.3,1.7,2.3,2.4,2.8,3.3,160.5,32.6,71.0,6.2,2,1,1,True,False,True,False,4.0
49,5.7,1.7,1.5,0.1,3.4,3.7,3.7,1.2,1.1,2.3,76.2,9.7,66.0,2.9,6,1,1,True,False,False,True,4.0
71,5.3,2.8,1.7,0.6,2.0,4.5,4.2,1.0,1.0,1.6,165.8,6.7,55.0,1.7,9,0,0,False,False,False,True,4.0
67,6.1,3.8,1.4,0.3,1.3,3.7,3.5,1.2,1.7,2.6,62.4,10.6,65.0,5.1,6,1,1,False,False,False,True,4.0
67,2.3,1.1,2.0,0.0,0.2,3.8,3.9,2.1,1.6,1.2,84.6,24.6,67.0,4.2,6,0,1,False,True,False,True,4.0
60,4.0,2.5,0.6,0.1,1.6,4.1,3.8,1.4,1.5,1.0,238.6,10.7,57.0,2.5,7,1,0,True,False,False,True,5.0
66,5.9,3.8,1.6,0.9,0.6,4.5,3.7,0.9,0.9,0.0,137.5,6.9,45.0,1.0,10,0,1,True,False,False,True,4.0
28,4.9,2.6,1.0,0.0,1.8,3.6,3.8,2.1,1.2,2.7,155.8,10.1,77.0,5.3,6,0,1,True,False,False,True,5.0
50,3.6,1.3,1.2,0.0,2.1,2.4,2.7,2.2,2.2,6.7,134.8,32.7,77.0,6.5,3,0,1,True,False,False,False,5.0
26,9.0,2.2,1.8,2.5,2.4,4.5,3.8,0.1,0.7,0.5,162.6,5.9,47.0,1.1,10,0,1,True,False,False,True,3.0
31,7.3,3.2,2.7,0.2,1.9,3.6,3.7,1.8,0.5,1.0,87.8,21.2,65.0,3.3,6,0,1,False,False,False,False,3.0
53,4.8,1.1,1.8,1.5,1.5,2.0,3.2,1.7,2.4,1.8,168.0,20.6,77.0,6.1,3,0,1,False,False,False,True,4.0
23,8.0,2.0,2.2,0.6,2.7,4.5,4.2,0.1,0.6,0.0,222.0,7.9,54.0,1.0,10,0,0,False,True,False,False,4.0
49,4.8,1.8,1.5,0.3,2.8,4.5,4.0,1.7,1.0,2.6,228.3,18.5,59.0,2.9,8,0,0,True,False,False,True,4.0
74,3.8,1.4,2.0,1.0,0.3,0.6,1.4,2.6,3.0,4.8,203.1,24.1,81.0,9.5,1,1,0,False,False,False,True,4.0
27,8.8,2.2,2.6,0.6,3.2,4.5,4.1,0.8,0.9,0.9,140.7,5.3,46.0,1.0,10,0,1,True,False,False,True,4.0
29,8.5,1.9,3.6,0.5,2.6,4.5,3.7,0.9,0.9,0.0,218.7,7.0,47.0,1.0,10,0,0,True,False,False,True,4.0
32,5.8,2.6,2.8,0.6,0.5,4.5,4.3,0.6,1.5,0.0,153.6,9.2,50.0,1.0,10,0,0,False,False,True,False,3.0
65,4.7,3.0,1.4,0.8,0.0,0.8,1.2,2.7,3.1,5.0,225.9,17.0,83.0,9.2,1,1,0,False,False,True,False,4.0
47,5.6,0.9,2.8,0.2,2.6,4.1,3.6,2.0,1.7,0.0,105.4,9.7,53.0,3.8,7,0,1,True,False,False,False,3.0
20,6.7,2.1,2.1,0.3,1.6,4.5,3.6,0.7,1.1,0.0,222.6,7.1,50.0,1.0,10,1,1,True,False,True,False,4.0
73,2.4,2.0,0.8,0.0,0.9,1.4,1.9,2.3,1.6,4.8,130.7,27.0,76.0,8.8,2,1,0,True,False,True,False,5.0
41,4.7,2.2,2.1,0.0,1.7,2.8,3.2,1.3,1.8,5.2,101.8,26.6,73.0,7.5,4,1,0,False,False,True,False,3.0
37,5.7,2.0,0.3,1.7,2.6,3.8,3.8,1.8,1.1,3.0,151.4,18.6,54.0,2.2,7,0,0,True,False,False,True,3.0
73,2.5,1.1,2.1,0.1,0.0,2.7,3.3,2.1,1.3,11.2,71.4,11.1,84.0,7.3,4,0,1,False,True,False,True,4.0
41,8.4,3.3,3.4,1.2,1.5,4.5,3.9,0.7,1.3,0.0,153.2,9.5,47.0,1.0,10,0,1,True,False,False,True,3.0
48,7.0,3.7,2.4,0.4,1.5,4.5,3.8,1.0,0.6,1.0,123.9,9.4,51.0,1.0,10,0,0,True,False,False,False,3.0
70,8.0,2.5,2.8,0.9,2.9,4.5,4.0,0.6,1.8,0.0,101.9,7.2,52.0,1.0,10,0,0,False,False,False,True,4.0
60,5.5,2.5,1.1,0.6,2.2,2.5,3.1,2.0,1.9,3.9,116.1,26.3,74.0,7.7,3,0,1,False,False,True,False,4.0
52,5.1,2.1,2.0,0.0,2.2,2.9,3.5,2.2,0.8,5.7,78.4,16.7,76.0,3.8,4,1,1,True,False,False,False,4.0
28,6.7,2.9,2.3,0.6,1.0,4.5,3.5,1.0,1.3,1.4,187.4,17.9,51.0,1.0,9,1,0,False,False,False,True,4.0
50,3.5,0.2,1.2,1.0,2.1,2.2,3.0,2.4,2.4,3.6,129.1,28.7,76.0,5.5,3,1,1,False,False,False,True,5.0
67,4.3,2.0,2.3,0.0,0.9,3.5,3.6,1.2,1.1,1.8,153.8,28.3,65.0,4.0,5,0,1,False,False,False,True,4.0
22,7.2,1.5,2.0,2.0,1.3,4.5,3.9,0.1,0.6,0.0,202.6,5.6,45.0,1.0,10,0,1,False,False,False,False,3.0
49,6.2,2.1,2.3,1.1,2.0,4.5,4.2,1.7,1.8,0.0,156.5,10.6,55.0,1.0,9,0,1,False,False,False,True,3.0
33,5.3,3.0,0.4,1.1,1.5,3.0,3.7,2.0,2.4,2.0,156.1,11.7,70.0,3.0,5,0,0,False,False,False,False,4.0
44,6.9,2.0,2.9,1.2,1.7,4.5,3.6,1.1,1.4,0.0,195.7,13.6,43.0,1.4,9,0,1,False,False,False,True,3.0
28,6.3,1.7,2.0,0.0,2.7,4.5,4.2,2.1,1.0,0.2,205.2,9.1,55.0,1.7,8,1,1,True,False,True,False,5.0
73,2.4,0.7,1.4,1.0,1.0,1.7,2.1,2.1,2.2,3.2,93.6,20.4,84.0,8.9,2,1,1,True,False,False,False,5.0
34,4.9,1.9,1.4,2.0,0.4,2.6,3.3,2.2,1.9,4.6,126.7,22.1,68.0,6.6,4,1,0,True,False,True,False,4.0
63,5.3,2.6,1.5,1.1,0.5,3.6,3.7,1.4,1.4,2.1,73.1,26.1,58.0,4.9,6,1,0,True,False,True,False,4.0
39,1.7,1.2,0.6,0.4,0.3,4.2,3.5,1.4,1.0,0.8,86.1,23.1,66.0,2.9,7,0,0,True,False,False,True,5.0
54,4.5,0.2,2.8,0.0,3.0,2.9,3.3,1.3,1.6,6.9,182.1,21.7,81.0,6.5,4,0,0,False,True,False,False,4.0
38,7.6,4.0,2.6,0.0,2.1,4.5,3.7,1.5,0.9,0.1,213.5,8.9,49.0,1.0,10,0,0,True,False,True,False,4.0
28,7.2,2.3,2.6,0.0,2.5,4.1,3.7,1.5,0.7,2.5,211.0,15.1,59.0,4.4,6,0,1,True,False,True,False,4.0
40,6.6,1.8,3.2,0.4,2.3,4.1,3.9,2.0,1.2,3.9,207.5,26.3,62.0,3.8,6,0,0,False,False,False,True,3.0
52,4.9,3.3,1.7,0.0,1.2,0.6,1.6,2.5,2.8,3.8,194.7,34.9,72.0,6.6,1,1,1,True,False,False,True,4.0
37,4.4,2.1,0.0,0.5,3.0,4.5,4.3,1.6,1.2,0.0,201.3,14.8,60.0,2.6,8,0,0,True,False,False,True,4.0
36,6.0,3.2,2.2,0.7,0.7,4.4,3.7,1.2,0.8,0.0,296.4,8.3,55.0,2.3,8,0,0,True,False,True,False,3.0
62,7.9,3.1,2.2,0.0,3.4,4.5,4.4,1.9,1.5,0.2,146.8,7.8,53.0,1.6,9,0,1,True,False,False,True,4.0
71,4.7,0.9,3.2,0.1,1.5,2.2,2.8,1.9,2.2,4.7,158.1,32.5,72.0,6.9,3,1,1,True,False,False,True,4.0
33,8.1,2.4,2.7,0.3,3.2,3.5,3.5,1.7,1.6,3.4,102.2,26.3,61.0,5.6,6,0,1,False,False,False,False,3.0
60,4.6,3.6,1.6,0.2,0.4,3.0,3.3,1.1,1.7,2.6,58.6,28.8,73.0,5.9,4,1,1,False,False,True,False,4.0
65,2.9,1.1,1.3,0.6,1.0,1.9,2.2,2.4,2.4,5.9,148.8,24.2,80.0,7.9,2,1,0,True,False,False,True,5.0
17,5.2,1.1,2.6,0.7,0.0,3.5,3.6,1.6,1.5,5.0,209.1,13.3,73.0,4.2,6,0,1,True,False,True,False,3.0
56,2.6,1.3,0.0,0.3,2.4,1.1,1.1,2.5,2.5,6.7,100.6,17.8,80.0,9.6,1,0,1,True,False,True,False,4.0
33,5.7,2.8,1.8,0.2,1.7,2.6,3.6,1.4,1.7,3.5,206.6,14.3,69.0,5.0,4,1,1,False,False,False,False,3.0
23,9.7,2.3,2.5,0.6,3.4,4.5,3.9,0.0,1.1,0.0,193.1,8.7,44.0,1.1,10,0,0,True,False,False,True,1.0
42,3.5,0.3,1.4,1.5,0.9,1.3,2.2,2.5,2.3,5.4,133.2,32.4,76.0,8.4,2,1,1,True,False,False,True,4.0
34,5.3,2.3,1.1,0.0,2.7,3.9,3.5,1.5,1.1,10.8,117.8,21.9,80.0,5.7,6,1,1,False,False,False,True,3.0
59,5.3,1.8,1.8,1.3,1.5,3.8,3.6,1.1,1.0,2.4,202.6,17.0,62.0,4.3,6,0,0,True,False,True,False,4.0
21,7.3,1.9,3.0,0.0,1.3,4.5,3.9,0.9,2.0,0.0,139.4,8.8,49.0,1.0,10,0,1,True,False,False,True,3.0
28,4.9,1.2,2.0,0.8,1.1,2.7,3.4,2.2,2.3,2.4,202.9,19.6,73.0,4.7,4,0,0,True,False,False,True,4.0
23,5.3,2.3,0.8,1.2,0.6,4.5,4.0,0.4,0.9,0.0,76.3,13.0,39.0,1.0,10,0,1,False,False,False,True,4.0
73,6.7,2.9,2.8,0.0,1.8,4.5,4.0,0.6,1.0,0.0,276.2,7.7,51.0,1.0,9,0,1,False,False,False,True,3.0
74,5.5,1.4,3.1,0.8,1.6,2.4,3.1,1.5,2.7,6.7,137.7,15.3,71.0,5.0,3,0,1,False,False,True,False,4.0
69,1.0,0.5,0.6,0.0,0.0,3.1,3.6,1.4,1.9,0.4,166.8,12.1,67.0,3.1,5,0,0,False,False,False,False,5.0
71,6.6,1.7,4.6,1.3,0.0,3.8,3.8,1.1,1.4,2.3,235.5,25.5,64.0,3.3,6,0,1,False,False,False,False,4.0
74,4.4,2.7,1.5,0.0,1.1,2.8,3.2,2.1,1.8,1.8,100.2,12.4,64.0,5.6,4,0,0,False,True,True,False,5.0
33,5.9,1.6,2.5,0.1,2.6,0.6,1.4,2.2,2.6,6.3,157.3,33.1,80.0,8.8,1,0,1,False,True,True,False,4.0
61,4.3,0.7,2.3,0.7,1.6,4.1,3.9,1.6,1.2,2.5,103.6,17.6,74.0,4.6,6,0,0,True,False,False,False,4.0
66,3.5,2.7,0.7,1.0,0.1,2.1,3.2,1.7,2.0,5.1,115.2,15.0,78.0,5.5,3,1,1,False,False,False,True,4.0
28,4.8,3.3,1.0,0.7,0.0,3.5,4.0,1.4,1.0,2.8,115.1,16.9,71.0,2.2,6,1,0,True,False,True,False,4.0
70,6.1,2.0,1.6,0.9,2.6,3.5,4.3,1.1,1.9,0.9,194.7,14.2,59.0,3.7,6,0,0,True,False,True,False,4.0
52,1.0,0.6,0.0,0.3,0.0,2.1,3.3,2.3,2.4,1.7,153.6,22.9,71.0,6.7,3,0,1,False,False,True,False,4.0
67,5.4,1.7,2.4,0.0,2.2,3.1,3.7,1.7,1.7,0.3,106.5,27.9,60.0,5.0,5,0,1,True,False,False,True,4.0
50,4.7,2.1,0.0,1.5,2.0,3.6,4.1,1.7,0.7,3.1,78.3,12.5,65.0,3.7,6,0,1,False,False,True,False,4.0
54,5.3,1.3,1.5,0.9,3.0,4.2,4.2,1.5,1.4,1.3,219.4,12.7,53.0,1.6,7,1,1,True,False,False,True,4.0
31,4.0,2.5,0.8,0.3,0.8,2.3,2.9,1.4,1.3,5.8,196.7,31.7,81.0,7.3,3,1,0,False,False,False,True,4.0
44,4.4,1.2,2.1,0.0,2.3,3.9,3.7,1.4,0.6,3.1,167.0,17.8,64.0,4.7,7,1,1,False,False,False,True,4.0
23,7.1,2.0,0.0,1.3,2.8,4.5,3.7,1.5,1.4,0.0,156.5,6.7,47.0,1.0,10,1,0,False,False,False,False,4.0
47,2.3,1.8,0.0,1.4,0.1,3.0,3.4,1.6,2.0,4.3,164.2,31.4,71.0,5.3,4,1,0,True,False,False,True,4.0
70,4.4,2.6,0.8,0.5,1.5,3.6,3.6,1.4,0.4,1.9,144.4,17.8,62.0,2.6,6,0,1,True,False,False,True,4.0
66,5.1,2.0,2.1,0.2,1.4,2.8,3.8,2.2,2.1,3.5,76.8,31.8,72.0,6.8,4,1,1,False,False,False,True,5.0
39,3.5,1.8,1.7,0.4,0.3,0.8,0.9,2.6,3.3,2.5,122.8,14.5,83.0,10.0,1,0,0,True,False,False,True,4.0
28,6.0,1.3,2.7,0.5,1.7,3.1,3.5,1.4,1.1,2.9,136.4,18.3,78.0,6.1,5,1,1,False,True,True,False,5.0
25,4.9,2.0,1.6,1.1,0.2,4.5,4.2,1.0,1.4,0.0,114.2,9.3,43.0,1.0,10,1,0,False,False,False,False,3.0
67,3.7,1.8,1.5,0.0,1.8,3.6,3.8,2.1,1.2,1.5,145.1,14.7,70.0,4.0,6,0,1,True,False,False,True,4.0
49,4.0,1.2,0.3,0.2,3.6,3.4,3.6,1.2,1.8,1.1,120.8,16.8,69.0,5.2,4,1,1,True,False,True,False,5.0
55,4.2,2.1,1.3,0.5,1.2,4.1,3.7,1.1,1.2,3.1,135.4,11.4,53.0,1.9,7,1,1,True,False,True,False,4.0
73,4.9,2.3,1.5,0.8,1.3,3.0,3.3,1.2,1.3,2.6,123.8,22.0,70.0,6.0,5,0,0,False,False,True,False,4.0
28,5.2,1.7,0.0,1.1,2.8,4.2,4.0,1.7,1.8,0.0,219.7,23.1,53.0,3.0,7,0,0,True,False,True,False,4.0
44,5.7,2.8,0.5,0.8,2.7,3.7,3.9,1.7,1.7,1.9,66.8,22.3,64.0,2.1,6,0,0,True,False,False,False,4.0
55,6.1,2.2,2.0,1.7,0.8,4.5,4.1,1.4,1.8,0.0,139.2,7.7,37.0,1.0,10,0,0,True,False,False,True,4.0
18,5.7,0.8,1.7,0.0,2.1,4.5,3.9,0.6,1.2,0.0,108.5,10.7,47.0,1.0,10,0,1,False,False,True,False,4.0
73,5.3,3.2,1.2,1.5,0.0,1.6,2.7,2.3,2.4,4.6,158.3,31.0,87.0,7.0,2,1,1,True,False,True,False,4.0
18,4.5,2.7,0.8,0.0,0.4,4.5,4.0,1.7,1.2,1.2,253.6,12.0,50.0,2.5,9,0,1,True,False,False,True,5.0
42,5.0,2.9,0.0,0.4,2.5,4.5,4.1,1.7,1.5,0.1,117.6,15.3,55.0,2.7,8,0,0,False,False,True,False,4.0
22,4.8,2.4,0.0,0.8,0.9,4.5,4.0,1.2,1.2,1.5,151.2,13.0,58.0,1.0,9,0,1,False,False,False,True,5.0
16,5.2,0.2,1.2,1.3,1.2,4.5,3.5,1.2,1.1,1.2,60.7,14.4,51.0,1.6,9,0,0,False,False,True,False,4.0
55,6.0,3.0,3.1,0.4,0.5,4.5,4.0,2.1,1.1,0.0,137.8,13.1,60.0,2.7,8,1,0,True,False,False,True,5.0
60,3.5,2.1,1.5,0.8,0.3,3.5,3.8,2.5,1.7,2.1,160.0,24.5,68.0,4.9,5,0,0,True,False,False,False,4.0
36,4.1,2.3,2.6,0.4,0.0,1.8,2.5,3.1,2.5,4.7,61.7,35.9,77.0,9.1,2,1,0,False,False,False,True,5.0
55,2.7,2.5,0.2,0.0,1.0,2.2,2.9,2.1,1.9,3.7,205.8,18.8,68.0,6.4,3,1,1,True,False,True,False,4.0
70,7.0,3.7,1.8,0.6,1.9,3.5,3.8,1.6,1.2,2.5,126.9,16.1,62.0,5.1,5,1,1,False,False,False,False,4.0
69,2.9,1.5,0.7,0.0,1.6,0.9,1.0,3.0,2.5,3.6,169.2,24.5,77.0,9.1,1,0,1,False,False,False,True,5.0
30,3.5,1.5,0.7,1.4,0.6,2.2,3.1,1.5,1.5,2.1,105.5,16.8,76.0,7.0,3,0,0,True,False,False,False,5.0
43,4.2,1.2,2.3,1.4,0.0,4.5,3.8,1.2,0.7,0.8,146.1,17.6,57.0,2.2,9,0,1,False,False,False,True,4.0
63,2.2,1.0,1.4,0.1,1.0,1.0,1.0,2.3,3.4,5.1,107.9,27.7,84.0,9.3,1,1,0,False,False,True,False,4.0
62,1.0,1.1,0.0,0.0,0.1,1.3,2.1,2.6,2.6,6.7,204.8,21.0,85.0,7.2,2,0,1,True,False,False,False,5.0
44,1.6,0.3,1.6,0.2,0.6,0.7,1.5,2.1,2.9,5.2,230.8,30.8,95.0,9.9,1,1,0,False,False,False,True,5.0
26,6.1,2.4,0.7,0.9,1.5,4.5,4.2,1.5,1.0,0.0,99.8,12.7,38.0,1.7,10,0,1,True,False,False,False,4.0
49,3.8,3.8,0.0,0.9,0.5,2.4,2.9,2.2,1.3,5.7,46.1,19.8,77.0,7.7,3,0,1,True,False,False,True,4.0
25,10.0,3.8,0.4,2.6,2.7,4.2,3.8,1.5,1.3,1.0,174.2,10.8,62.0,4.0,7,0,1,True,False,True,False,3.0
60,4.5,1.2,3.8,0.4,0.4,4.5,3.7,1.2,1.2,0.0,181.3,17.4,51.0,1.0,9,1,1,False,False,True,False,4.0
64,4.8,1.8,2.8,0.7,0.8,4.2,4.1,2.0,1.3,0.5,130.0,23.9,58.0,3.3,7,0,0,False,False,False,True,4.0
35,6.5,3.1,0.0,1.8,2.2,3.7,4.0,0.9,1.3,2.9,107.1,14.0,63.0,3.7,6,0,1,False,False,True,False,5.0
35,5.8,2.4,1.3,0.8,2.1,3.6,3.3,1.1,0.9,6.1,87.0,19.6,77.0,3.9,5,1,1,True,False,False,True,4.0
19,5.8,2.1,1.4,0.0,1.9,4.2,3.6,1.9,1.7,0.1,264.9,7.4,54.0,1.0,8,0,1,False,False,False,True,5.0
62,3.7,1.8,1.2,0.8,0.8,1.1,1.6,2.3,3.3,4.9,121.0,36.8,87.0,9.9,1,1,1,True,False,False,False,4.0
34,6.4,3.1,0.8,1.0,2.0,4.5,4.1,2.1,1.7,0.0,93.5,7.5,62.0,2.7,8,0,0,False,False,False,True,4.0
51,5.0,1.0,2.3,0.4,2.2,2.6,3.0,2.0,1.3,4.9,91.2,30.4,74.0,6.1,3,1,0,True,False,False,False,4.0
17,8.7,2.4,2.5,1.1,1.8,4.5,3.8,1.2,1.3,0.0,119.1,9.3,46.0,2.2,9,0,0,True,False,False,True,3.0
58,6.7,2.3,2.7,1.0,1.4,4.5,3.8,1.1,1.5,1.4,123.9,17.2,49.0,1.2,9,1,0,True,False,True,False,4.0
47,5.3,2.0,1.9,0.3,2.0,4.5,4.0,1.5,1.3,1.2,198.7,9.0,54.0,1.8,9,0,0,False,False,False,True,3.0
67,6.3,2.7,2.2,1.5,1.3,3.5,4.0,1.7,1.2,1.4,164.6,27.0,65.0,2.6,6,0,1,True,False,True,False,4.0
23,5.5,2.0,1.1,0.1,1.8,4.5,3.8,0.7,1.3,0.0,182.7,6.4,49.0,1.0,10,0,1,False,False,True,False,4.0
23,4.5,1.5,0.0,0.9,1.5,3.7,4.0,1.9,1.5,3.0,219.4,25.2,63.0,2.7,6,1,0,True,False,True,False,4.0
18,3.2,2.1,0.0,0.2,0.0,2.9,3.2,1.2,2.0,3.5,120.8,14.6,77.0,7.1,4,1,1,True,False,False,False,5.0
49,1.0,0.6,0.6,0.0,0.8,1.0,1.0,2.4,2.3,4.2,103.2,37.1,89.0,8.5,1,1,1,True,False,False,True,5.0
31,7.8,2.6,1.3,0.8,3.5,3.9,3.8,1.3,1.8,1.6,154.3,14.3,50.0,4.7,6,0,1,False,False,False,True,4.0
48,3.7,2.8,0.1,1.8,0.0,3.4,3.8,1.1,2.0,1.6,65.4,18.9,74.0,7.7,5,0,0,False,False,True,False,4.0
38,3.8,1.4,0.3,0.6,3.0,2.8,3.6,1.8,2.0,4.1,341.2,22.5,68.0,4.4,4,0,0,True,False,False,True,5.0
46,3.0,1.2,1.1,0.0,2.0,2.1,2.8,1.6,2.4,5.1,163.3,33.6,79.0,7.0,3,0,1,True,False,False,True,4.0
15,7.1,1.4,2.5,0.7,1.4,4.5,4.3,0.5,0.6,0.0,257.2,6.7,52.0,1.0,10,0,0,True,False,False,True,4.0
22,4.6,1.9,1.9,0.1,0.0,4.5,3.7,1.2,1.0,0.0,150.6,17.4,52.0,2.0,9,1,0,False,False,True,False,4.0
59,4.2,2.2,0.6,1.2,1.4,1.7,2.4,2.0,1.9,6.3,119.4,18.6,81.0,7.8,2,0,1,True,False,False,True,4.0
37,5.5,3.5,1.6,0.5,0.7,4.5,3.7,1.5,2.2,2.5,125.9,13.8,51.0,2.1,9,1,0,False,False,False,True,4.0
61,5.0,3.3,0.0,0.0,2.6,3.8,3.8,2.1,1.4,6.4,62.9,21.8,70.0,4.1,6,0,1,False,False,False,False,3.0
54,3.9,2.7,0.6,0.9,0.7,3.1,3.6,1.7,1.8,2.1,88.7,26.5,71.0,3.6,5,0,0,True,False,True,False,5.0
26,4.1,2.1,0.0,0.7,1.1,3.2,3.6,1.4,1.4,2.1,150.1,29.6,69.0,4.6,5,1,1,False,False,True,False,5.0
68,4.3,1.2,2.0,0.4,1.6,2.3,3.2,1.7,0.9,3.2,212.4,13.4,65.0,7.5,3,0,0,False,False,False,True,4.0
26,5.8,3.5,1.2,0.0,0.8,4.1,4.0,1.4,0.7,1.4,38.4,20.5,62.0,3.0,7,0,1,False,False,False,True,4.0
60,6.4,1.8,1.3,1.7,2.4,3.8,3.9,1.2,0.7,2.9,129.2,15.8,64.0,3.0,6,0,1,True,False,True,False,4.0
61,4.8,2.3,2.4,0.3,1.1,3.9,3.4,2.0,1.3,1.8,165.4,21.6,62.0,4.1,6,1,0,True,False,False,True,4.0
29,3.7,2.6,0.4,1.1,0.0,2.2,3.0,2.2,1.9,5.0,70.8,18.6,77.0,5.0,3,0,1,True,False,False,True,4.0
55,5.4,2.1,2.0,0.3,1.6,2.4,3.3,2.0,2.6,2.6,135.4,34.7,72.0,4.8,3,0,1,True,False,False,True,4.0
33,9.4,3.0,3.7,1.0,2.2,4.5,3.9,1.1,0.9,0.1,44.6,12.5,39.0,1.0,10,0,0,True,False,True,False,3.0
40,5.4,2.4,0.4,0.6,2.8,3.5,3.9,0.8,1.5,1.7,141.4,18.2,65.0,6.2,5,1,0,True,False,False,True,5.0
66,4.7,2.9,0.0,0.6,2.0,4.0,4.1,1.6,0.8,0.0,171.8,23.4,56.0,4.5,7,0,0,False,False,False,False,3.0
43,4.5,2.4,0.1,0.1,2.6,2.8,3.3,2.5,2.2,3.8,184.2,28.3,66.0,7.3,4,1,0,True,False,False,False,3.0
36,5.7,2.0,1.9,0.9,1.9,3.6,3.7,1.7,1.5,2.9,19.3,21.9,69.0,3.3,6,1,1,True,False,False,True,4.0
54,6.2,2.1,3.4,1.4,0.4,4.5,3.6,0.1,0.7,0.0,190.8,13.3,55.0,1.0,10,0,1,True,False,False,True,4.0
35,5.0,1.9,3.4,0.0,0.6,4.0,3.9,1.5,1.1,1.9,143.9,18.4,70.0,3.0,7,1,0,False,False,False,True,5.0
65,2.3,0.8,2.4,0.1,0.0,0.7,1.1,2.6,2.4,4.0,87.3,27.3,90.0,9.4,1,1,1,False,False,False,True,5.0
52,6.6,1.1,2.5,2.4,1.2,4.5,3.6,1.6,1.6,0.0,122.3,9.4,42.0,1.6,9,1,1,False,False,False,False,3.0
34,6.3,2.7,2.0,0.0,2.1,2.4,3.3,1.4,1.8,4.9,95.0,14.5,77.0,8.6,3,1,1,True,False,True,False,4.0
71,2.7,0.9,2.3,0.3,0.0,0.7,1.1,2.6,3.0,6.1,182.2,25.4,91.0,9.2,1,0,0,False,True,True,False,5.0
43,6.2,1.6,1.8,1.4,2.7,4.1,4.3,1.5,1.2,1.2,132.1,15.5,58.0,4.0,7,0,1,True,False,False,True,3.0
65,3.1,1.1,0.6,1.4,1.3,3.5,3.4,1.6,1.0,1.8,162.7,26.0,71.0,4.1,6,0,1,True,False,True,False,4.0
18,6.0,1.6,3.4,0.0,0.5,4.5,3.6,1.1,1.8,0.0,98.1,11.2,38.0,1.0,10,0,0,True,False,False,False,4.0
69,5.0,1.9,3.0,1.1,0.0,3.7,3.9,1.8,1.1,1.9,147.6,9.9,66.0,3.7,6,0,1,True,False,False,True,4.0
21,6.7,1.6,0.6,0.5,3.1,4.5,4.1,1.0,0.6,1.1,175.4,5.2,44.0,1.0,10,1,1,True,False,True,False,4.0
42,4.9,0.7,2.2,0.5,2.6,2.4,3.8,0.7,1.8,3.5,157.5,29.5,73.0,4.7,4,1,0,False,False,False,True,4.0
42,6.0,1.8,3.1,1.3,1.0,4.2,3.8,1.2,0.8,0.0,41.6,15.3,41.0,1.0,8,0,0,False,False,False,True,4.0
18,6.6,1.1,2.0,0.4,2.3,4.5,3.9,1.2,1.8,0.0,169.0,14.9,57.0,2.9,8,1,0,True,False,False,True,4.0
36,3.0,1.4,1.3,0.3,1.2,3.9,4.0,2.4,1.5,0.0,109.7,15.4,70.0,4.5,6,0,1,False,False,True,False,4.0
26,7.2,2.7,3.1,0.4,0.8,3.7,3.7,1.7,1.7,1.5,174.1,21.9,65.0,4.5,6,0,1,True,False,False,True,4.0
59,4.7,2.9,1.8,0.4,0.7,3.1,3.7,1.3,0.9,3.3,122.6,26.7,69.0,6.1,5,1,1,True,False,False,True,3.0
17,4.3,0.8,0.8,0.8,1.2,3.9,3.5,1.9,1.7,1.3,216.5,22.3,57.0,3.8,7,0,0,False,False,False,False,4.0
36,5.0,3.4,0.2,1.4,1.0,3.5,3.9,1.2,1.3,3.0,187.4,18.9,72.0,6.5,5,0,1,False,False,False,True,4.0
58,3.1,1.5,0.0,0.9,1.5,0.7,1.9,2.6,2.3,4.4,67.9,16.3,85.0,8.5,1,0,1,True,False,True,False,4.0
16,9.4,1.5,3.7,0.6,3.0,4.5,3.8,2.0,1.3,0.0,156.3,19.2,53.0,3.0,8,0,1,True,False,False,False,4.0
38,5.4,1.2,0.6,0.9,3.7,3.5,4.3,1.8,1.1,0.0,243.8,21.3,57.0,3.3,6,0,1,False,False,False,False,3.0
48,4.5,2.1,2.6,1.1,0.2,2.2,3.2,2.9,1.9,3.8,81.3,29.2,79.0,6.4,3,1,1,False,False,False,True,4.0
41,6.0,3.8,0.5,0.9,1.9,2.4,3.2,2.2,2.6,4.9,173.0,34.6,73.0,5.6,3,1,1,False,False,False,True,3.0
69,3.3,0.6,1.7,0.2,1.6,3.0,3.7,1.5,0.8,2.2,123.0,14.6,75.0,5.6,5,1,1,True,False,False,True,5.0
55,4.3,0.2,2.0,0.9,1.9,2.1,3.0,2.9,1.8,4.9,106.5,31.4,75.0,7.8,3,0,0,True,False,True,False,4.0
15,4.1,2.2,0.1,0.0,0.9,4.5,4.1,1.1,1.2,0.0,90.7,11.2,53.0,1.0,9,0,0,True,False,False,False,5.0
22,8.9,2.5,2.6,1.5,1.9,4.5,4.0,2.7,1.3,0.0,96.2,20.1,55.0,1.0,8,0,0,True,False,False,False,3.0
37,3.7,2.0,1.3,1.5,0.0,2.5,2.5,2.0,1.5,5.1,228.5,19.9,79.0,8.3,3,0,0,False,False,False,True,4.0
52,8.4,2.5,2.1,1.1,4.0,4.5,4.0,0.9,1.4,0.0,108.7,10.8,44.0,1.0,10,1,0,True,False,False,True,2.0
20,7.8,1.0,3.1,1.3,1.7,4.5,4.3,1.4,1.3,0.0,160.6,14.0,51.0,1.0,9,0,0,True,False,False,False,4.0
36,4.8,1.1,2.3,0.6,2.1,2.6,3.5,1.1,1.3,3.2,184.6,11.9,78.0,7.0,4,1,0,False,False,False,False,4.0
39,3.0,2.1,1.4,0.1,0.3,2.4,2.7,2.0,1.2,2.6,95.9,27.5,65.0,9.0,3,1,0,False,False,False,True,4.0
32,7.1,3.6,3.6,0.0,0.7,3.1,3.6,1.1,1.0,1.4,127.1,23.9,70.0,5.2,5,1,0,True,False,False,False,3.0
31,4.6,2.5,1.5,1.2,0.0,3.9,4.1,1.9,1.5,0.0,113.4,21.3,45.0,3.6,7,0,0,False,False,True,False,3.0
26,7.3,2.5,1.6,0.1,2.9,4.5,4.0,1.1,1.0,1.3,133.4,9.9,54.0,1.9,9,0,1,False,False,False,True,3.0
20,3.8,1.0,1.3,0.4,0.3,4.5,4.2,0.8,0.8,0.4,115.0,12.2,47.0,1.0,10,0,0,False,False,False,False,4.0
40,3.6,2.4,0.2,0.7,1.2,4.0,3.9,1.4,1.6,1.8,139.3,23.8,61.0,1.9,6,0,1,True,False,False,True,5.0
41,1.9,0.9,0.0,0.6,1.3,1.8,2.6,2.2,2.2,6.9,95.1,34.3,96.0,8.4,2,1,1,False,False,False,True,5.0
22,7.5,3.6,0.9,0.8,1.9,4.5,4.1,1.6,1.5,1.4,50.7,8.9,48.0,1.4,9,0,1,False,False,False,True,4.0
33,1.0,1.1,0.4,0.0,0.1,2.8,3.4,2.1,1.8,1.2,140.6,32.0,63.0,6.1,4,0,1,True,False,True,False,4.0
74,4.3,1.3,1.2,0.5,2.3,2.1,2.5,1.9,1.8,7.4,227.1,31.9,81.0,8.6,2,1,1,True,False,False,False,5.0
56,5.7,0.7,2.4,1.1,2.6,4.5,3.4,1.5,1.3,0.0,111.4,16.7,60.0,2.8,8,0,1,False,False,False,False,3.0
15,5.2,2.1,1.1,0.3,0.7,4.5,3.8,1.2,1.1,3.5,160.6,15.7,58.0,1.0,9,1,1,True,False,False,True,4.0
71,4.0,2.0,1.7,0.1,1.4,1.6,2.5,1.7,2.6,2.5,93.3,33.4,76.0,8.1,2,0,0,False,False,False,True,4.0
43,6.5,3.4,0.9,1.2,2.0,3.8,3.4,1.6,1.1,2.5,130.4,12.8,60.0,2.6,6,0,1,True,False,False,False,4.0
59,7.9,2.7,4.3,0.3,1.7,4.5,4.1,1.8,0.7,1.5,136.4,15.5,46.0,3.0,8,0,1,True,False,False,True,3.0
63,4.5,1.3,3.2,0.7,0.4,2.9,3.4,1.8,2.1,1.8,87.7,29.0,68.0,6.7,4,0,0,True,False,False,False,5.0
49,5.3,2.8,1.2,0.5,2.1,4.5,3.7,1.5,1.2,0.0,136.6,16.4,55.0,1.0,8,0,0,False,False,False,True,5.0
54,4.9,0.9,1.8,0.6,2.9,3.8,3.8,1.7,1.1,1.7,186.7,19.4,61.0,3.5,6,0,0,True,False,False,True,4.0
28,6.0,1.4,0.0,1.5,2.9,2.5,3.2,1.8,1.8,3.2,143.6,17.0,71.0,5.9,4,1,1,False,False,True,False,4.0
49,5.3,2.1,1.3,0.9,2.0,2.4,3.2,1.5,1.8,3.8,105.5,30.7,79.0,7.1,3,0,1,False,False,True,False,5.0
62,3.5,1.0,0.8,0.0,2.2,1.9,2.6,2.8,2.5,4.3,28.5,14.4,76.0,7.3,2,0,1,False,False,False,True,5.0
59,6.2,3.0,2.3,0.4,1.0,2.8,3.4,1.8,2.1,4.3,220.1,26.1,74.0,6.3,4,1,1,False,False,False,True,4.0
34,4.9,4.1,0.5,0.4,0.5,3.3,4.0,1.9,2.5,2.5,220.3,25.4,63.0,6.1,5,0,0,False,False,True,False,4.0
70,5.7,1.7,3.3,0.7,1.3,1.7,2.5,2.4,2.5,3.5,73.1,37.1,76.0,6.9,2,0,1,True,False,False,False,4.0
63,7.0,1.4,1.4,1.1,3.7,4.1,4.0,2.4,1.5,2.6,146.6,19.8,66.0,1.0,7,0,0,False,False,False,False,3.0
27,3.9,1.9,0.5,0.6,0.9,2.9,3.5,1.9,2.0,2.8,175.9,22.5,65.0,6.9,4,1,0,False,False,True,False,5.0
52,4.3,1.5,1.5,0.6,1.8,2.8,3.3,2.2,1.9,5.7,258.3,15.3,81.0,5.8,4,0,1,True,False,False,True,4.0
63,5.2,2.2,2.3,0.0,1.8,3.3,3.7,1.3,1.3,2.9,79.4,18.0,73.0,4.6,5,0,1,True,False,False,True,4.0
60,4.2,0.8,2.1,1.4,1.0,0.8,1.3,2.9,2.4,2.6,116.8,16.7,71.0,7.9,1,1,1,False,False,False,True,4.0
63,6.5,2.3,1.7,0.5,2.9,2.6,3.4,1.8,1.6,3.3,120.4,20.7,67.0,6.8,4,1,1,True,False,True,False,4.0
22,10.0,3.7,2.5,0.8,3.0,4.5,3.9,1.0,1.1,0.8,142.0,6.5,45.0,1.0,10,0,0,False,False,True,False,3.0
57,6.0,0.2,2.4,0.8,4.0,3.7,3.7,1.9,1.0,5.2,191.5,11.7,62.0,4.2,6,1,0,True,False,False,False,4.0
34,3.6,0.9,2.4,0.1,0.6,2.7,3.1,1.5,1.2,9.1,151.5,15.3,82.0,7.9,4,1,1,True,False,False,False,4.0
74,4.5,1.6,1.2,0.5,1.8,1.2,1.0,1.9,3.0,4.5,208.9,33.6,79.0,9.5,1,1,0,False,False,False,True,4.0
47,4.3,2.5,1.2,0.1,1.5,2.9,3.3,2.2,1.4,3.2,140.3,17.5,62.0,7.2,4,1,0,True,False,False,False,4.0
40,5.1,2.8,1.3,1.4,0.7,2.8,3.1,1.5,2.1,3.6,23.2,26.0,71.0,6.9,4,0,0,True,False,True,False,4.0
53,3.1,2.7,1.0,0.0,0.7,3.3,3.7,1.4,1.3,1.7,161.6,25.8,64.0,5.6,5,0,0,False,False,True,False,4.0
35,2.5,0.5,1.6,0.0,1.6,0.9,1.6,2.6,2.2,4.7,170.2,40.7,82.0,7.9,1,1,1,True,False,True,False,5.0
67,3.0,1.4,1.5,0.4,0.9,2.4,2.9,2.0,1.6,3.3,163.3,14.0,67.0,8.1,3,0,1,False,False,False,True,4.0
63,5.4,1.2,3.3,1.5,0.4,4.0,4.1,1.8,1.1,3.2,176.3,8.3,65.0,1.0,7,1,1,False,False,False,True,4.0
56,4.3,1.9,0.9,1.0,1.5,1.8,2.6,1.5,2.4,3.4,185.5,24.1,73.0,8.1,2,0,1,False,False,False,True,4.0
57,1.9,2.0,0.4,0.0,0.3,0.7,1.0,2.8,2.2,4.3,65.0,18.3,84.0,7.9,1,0,1,True,False,False,True,5.0
68,3.6,0.8,2.2,0.5,0.9,3.2,3.6,1.9,1.2,2.5,196.8,14.7,72.0,4.6,5,1,0,True,False,False,True,4.0
55,5.1,1.6,1.6,1.0,1.8,2.1,2.7,2.1,2.3,4.3,112.2,35.2,73.0,5.4,3,1,1,False,False,False,False,4.0
23,6.9,2.5,0.7,1.9,1.3,4.5,3.5,1.1,1.2,0.2,212.7,15.0,56.0,1.0,10,0,0,False,False,True,False,4.0
38,4.6,1.4,2.4,0.4,1.1,4.1,3.9,1.4,1.0,3.2,147.3,26.7,60.0,3.1,6,1,1,False,False,False,False,4.0
51,5.4,1.8,1.2,0.0,3.2,3.8,3.5,1.2,1.7,2.3,228.4,25.4,73.0,4.0,6,1,0,False,False,False,False,3.0
63,9.4,3.5,3.2,0.8,2.8,4.5,3.6,1.0,0.2,0.0,303.4,14.8,42.0,1.0,10,1,0,True,False,False,True,3.0
55,5.3,3.8,0.5,0.6,1.5,3.6,3.8,1.3,0.8,0.0,167.6,12.3,58.0,4.1,6,0,0,True,False,False,True,4.0
31,2.2,0.2,0.9,0.9,0.4,1.9,2.3,2.2,2.1,5.5,142.4,13.8,84.0,6.2,2,0,1,True,False,True,False,4.0
38,6.1,2.1,1.6,1.0,2.2,4.5,3.9,0.8,1.6,0.0,178.0,8.4,46.0,1.0,10,1,0,True,False,False,False,4.0
35,10.0,4.6,3.0,0.8,3.9,4.5,4.0,0.4,1.4,0.9,31.4,10.7,52.0,1.0,10,1,0,True,False,True,False,4.0
65,5.3,2.4,0.7,0.9,2.8,2.0,3.2,2.3,3.1,4.8,119.8,23.0,75.0,6.2,3,1,1,False,False,True,False,4.0
73,4.6,2.0,1.9,1.6,0.1,3.5,3.6,1.5,1.7,4.2,167.5,29.8,68.0,4.8,5,0,1,True,False,False,False,3.0
53,3.8,3.2,0.2,0.4,1.2,2.2,3.1,2.7,2.1,4.6,161.6,16.8,75.0,8.0,3,0,1,True,False,True,False,4.0
69,4.6,2.2,2.5,0.0,0.7,2.1,3.0,1.6,2.9,3.5,70.9,17.0,81.0,5.7,3,1,1,True,False,False,True,5.0
55,3.8,2.6,0.8,0.8,0.5,3.7,3.7,1.6,0.8,1.3,193.0,23.7,58.0,4.3,6,0,0,False,False,False,False,5.0
53,5.1,1.8,2.2,0.0,2.5,3.6,3.7,1.4,1.1,3.3,168.4,18.4,65.0,6.4,5,0,0,False,False,False,True,3.0
27,7.0,2.2,2.2,0.0,2.5,4.5,3.8,1.7,0.5,0.0,165.0,11.4,52.0,2.6,9,0,1,False,False,False,True,4.0
25,6.4,2.4,0.0,0.1,3.2,4.5,3.9,1.8,1.4,1.5,125.4,14.1,56.0,1.0,9,1,0,False,False,False,True,3.0
60,5.6,2.8,1.7,0.0,2.1,4.2,3.4,1.4,1.3,2.2,157.5,24.5,56.0,4.2,6,0,1,True,False,False,True,4.0
33,4.4,1.6,0.9,1.3,1.4,2.8,3.0,1.7,1.7,4.3,182.7,33.0,77.0,6.4,4,1,1,False,False,True,False,4.0
25,6.0,1.6,2.0,0.6,1.6,4.2,4.0,1.4,1.1,3.7,64.9,20.8,61.0,1.1,8,0,1,True,False,True,False,4.0
27,2.3,0.3,0.5,1.0,0.5,1.7,2.6,2.8,2.4,2.9,123.1,35.1,73.0,8.2,2,1,1,True,False,False,False,5.0
60,5.7,1.7,0.9,0.9,2.8,4.5,3.9,1.5,0.4,0.0,180.6,7.9,54.0,1.0,9,1,0,False,False,True,False,4.0
59,6.2,2.9,2.8,0.5,0.7,3.4,3.7,1.3,2.0,3.7,155.5,12.9,64.0,3.2,5,0,1,False,False,True,False,3.0
15,8.2,2.4,2.7,1.2,1.0,4.5,4.2,0.4,0.9,0.0,130.6,12.3,59.0,1.0,10,0,0,True,False,False,True,4.0
54,1.9,1.1,0.4,0.3,1.1,0.7,1.3,2.4,2.9,6.6,104.2,29.8,86.0,9.6,1,0,1,True,False,False,False,5.0
58,3.3,0.3,3.5,0.5,0.0,3.4,3.8,2.1,1.2,1.7,90.7,26.3,74.0,4.6,5,0,1,False,False,True,False,5.0
33,3.8,1.9,0.0,0.2,2.3,3.0,3.6,1.2,1.2,1.8,141.3,13.4,76.0,6.9,5,0,0,True,False,True,False,5.0
26,6.6,2.8,1.7,1.4,0.5,3.8,3.7,1.3,1.1,3.1,129.1,25.9,61.0,3.0,6,0,1,True,False,True,False,4.0
22,4.8,1.6,0.1,0.5,2.1,4.5,3.6,0.5,1.1,1.1,217.5,5.2,53.0,1.0,10,0,0,True,False,False,True,5.0
22,4.9,0.7,1.9,1.0,1.0,4.5,4.4,1.0,1.5,0.0,65.3,6.9,58.0,1.0,10,1,0,True,False,False,True,4.0
67,2.9,1.5,1.2,0.3,0.9,1.4,2.5,2.1,2.2,3.5,206.8,25.7,89.0,7.4,2,1,1,False,False,False,True,5.0
59,3.0,2.3,0.4,1.1,0.3,2.6,2.7,2.4,1.9,2.9,179.7,35.1,70.0,8.1,3,0,0,True,False,True,False,4.0
26,7.6,3.1,0.7,1.1,2.8,4.5,3.9,1.4,0.9,0.0,256.3,16.2,55.0,1.0,9,0,1,True,False,False,True,3.0
62,4.6,1.8,0.6,0.0,3.0,4.4,4.3,1.7,0.8,0.5,187.8,16.7,56.0,1.0,8,0,0,False,False,False,True,4.0
47,6.5,2.9,1.6,0.6,2.4,3.3,3.6,1.8,1.6,2.6,98.9,25.8,63.0,3.4,5,0,1,False,False,True,False,4.0
59,6.5,2.8,2.6,0.7,1.7,4.3,4.1,1.6,1.6,2.9,179.4,13.1,55.0,3.8,7,0,1,True,False,True,False,3.0
40,6.0,0.9,3.7,0.4,1.5,2.7,4.0,2.2,1.9,2.0,141.6,26.1,74.0,7.8,4,0,0,True,False,True,False,4.0
53,7.4,3.1,1.3,1.4,2.5,3.8,3.8,1.6,1.0,2.0,139.6,21.7,63.0,1.0,7,0,0,True,False,False,True,2.0
42,4.6,2.3,1.8,0.0,1.3,4.3,3.7,1.1,1.7,0.0,133.2,16.4,62.0,2.8,8,0,1,False,False,False,True,4.0
72,6.0,0.9,2.8,0.3,2.7,3.7,3.5,1.5,0.9,2.5,200.5,24.3,64.0,3.4,6,0,1,False,False,False,True,4.0
19,5.7,3.6,1.0,0.1,0.4,4.5,4.2,0.3,1.2,0.0,147.3,12.5,46.0,1.0,10,0,1,False,False,False,True,3.0
22,6.8,1.9,0.6,1.2,2.4,4.5,4.0,1.7,1.7,1.7,140.3,10.3,56.0,1.0,9,0,0,False,False,False,True,4.0
39,5.1,0.3,3.6,0.0,2.7,2.2,2.8,2.2,1.6,4.8,106.7,28.2,70.0,8.0,3,1,0,False,False,True,False,4.0
41,2.2,1.4,1.3,0.0,0.3,0.6,1.3,2.4,2.6,4.2,120.8,27.7,81.0,8.7,1,0,1,False,False,False,False,4.0
60,3.3,1.1,1.7,0.9,0.6,1.0,1.3,2.9,2.9,4.8,50.6,39.2,90.0,7.5,1,0,1,False,False,False,True,4.0
37,2.4,1.4,0.0,0.5,1.4,2.4,3.3,2.1,2.2,3.3,189.5,15.6,75.0,6.1,3,1,0,True,False,False,True,4.0
44,4.5,1.6,0.9,1.2,1.8,4.5,4.3,0.8,1.0,0.8,203.5,14.4,54.0,1.0,10,0,0,False,True,False,True,4.0
59,6.8,1.8,3.6,1.1,0.8,3.8,3.7,1.3,1.7,3.6,145.0,15.0,63.0,2.0,7,1,0,True,False,False,False,3.0
61,5.1,1.7,2.0,0.6,1.5,3.5,3.9,1.5,1.0,3.0,243.9,17.2,58.0,4.6,6,0,0,True,False,True,False,4.0
37,1.7,1.9,1.5,0.0,0.0,1.0,1.2,2.0,2.4,5.3,99.1,36.3,88.0,8.2,1,0,1,False,False,False,True,5.0
63,6.8,2.5,3.0,0.0,2.2,3.7,3.6,2.1,1.1,3.4,282.2,15.0,68.0,3.9,6,0,0,True,False,False,False,4.0
61,2.4,1.3,0.0,0.0,2.2,2.4,3.1,1.5,1.6,0.8,106.1,15.2,72.0,7.2,3,1,1,False,False,False,True,4.0
34,6.8,3.1,1.0,0.5,2.9,4.3,3.8,1.9,0.4,1.8,135.0,18.7,58.0,3.2,8,0,1,False,False,False,True,4.0
32,6.6,0.9,4.0,0.2,2.0,2.1,3.1,1.8,2.4,4.6,141.8,26.8,76.0,5.6,3,0,1,True,False,False,True,3.0
32,4.7,2.6,1.4,0.5,1.0,0.7,1.1,2.6,2.7,5.5,133.2,40.4,80.0,8.4,1,0,0,False,False,False,True,4.0
16,6.9,3.5,1.4,0.7,0.4,4.5,4.3,1.2,0.9,0.0,213.4,13.7,43.0,1.0,10,0,1,True,False,False,False,3.0
18,7.5,1.8,2.8,1.7,0.6,4.5,3.9,1.3,1.5,0.0,144.1,5.9,40.0,1.1,10,0,1,True,False,False,False,3.0
44,6.7,2.2,2.9,0.9,1.3,4.5,3.6,1.7,1.2,0.6,125.6,12.8,44.0,1.0,10,0,0,False,False,False,False,3.0
47,1.5,1.1,0.1,0.6,0.6,0.9,1.4,3.1,2.6,3.3,183.5,22.4,78.0,8.9,1,0,0,False,False,False,True,5.0
50,3.2,1.5,2.0,0.0,0.6,3.8,4.1,1.3,0.9,0.0,167.2,19.7,58.0,3.8,6,0,0,False,False,False,True,5.0
32,8.3,3.4,3.4,0.6,1.4,4.5,4.0,0.6,1.0,0.0,164.3,8.8,46.0,1.0,10,0,0,True,False,False,False,3.0
51,3.3,2.7,0.8,1.1,0.0,2.5,3.1,2.3,2.0,3.0,120.0,31.6,69.0,9.0,3,1,0,False,False,True,False,4.0
33,4.1,2.4,1.1,0.8,0.4,3.6,3.7,1.6,1.6,3.7,130.4,25.0,75.0,5.3,6,1,0,True,False,True,False,4.0
61,2.8,0.3,1.5,0.0,1.6,2.6,3.0,1.6,1.5,6.9,88.1,20.8,71.0,6.7,4,1,1,False,False,False,False,4.0
42,4.4,1.4,2.3,0.4,1.7,3.3,3.7,1.0,1.5,1.9,213.1,15.1,66.0,6.1,5,0,0,True,False,True,False,4.0
54,5.5,3.6,0.0,0.6,2.3,3.7,3.8,1.6,1.1,1.0,69.5,15.5,66.0,4.2,6,0,0,False,False,True,False,4.0
34,3.7,2.4,0.0,0.4,1.6,1.1,1.4,2.5,2.5,6.2,142.2,20.9,88.0,8.2,1,1,0,True,False,False,True,5.0
63,4.6,2.5,1.7,0.2,1.4,4.0,3.7,2.1,1.2,1.3,109.1,19.2,59.0,3.7,7,0,0,True,False,True,False,5.0
47,6.2,2.2,2.8,0.0,2.0,3.1,3.6,2.1,1.6,3.3,215.0,15.1,67.0,3.2,5,0,1,False,False,False,True,3.0
26,4.4,1.4,1.2,0.1,1.6,3.6,3.8,1.0,1.0,2.8,196.9,25.1,70.0,5.4,6,0,1,False,False,False,False,4.0
72,3.1,2.3,0.8,0.8,0.4,2.3,3.1,2.1,1.9,6.9,192.6,17.2,80.0,6.1,3,1,1,False,False,False,True,4.0
65,2.0,0.6,1.3,1.1,0.6,0.9,1.1,2.5,2.4,4.3,133.6,15.2,82.0,7.7,1,0,1,False,False,True,False,4.0
29,7.3,0.6,3.3,0.6,3.1,4.5,4.1,0.9,1.5,0.0,161.1,13.7,58.0,1.0,10,0,0,False,False,True,False,4.0
55,6.3,1.3,0.8,1.2,4.0,4.5,3.9,1.1,1.6,0.0,82.1,10.4,63.0,1.7,9,0,0,False,False,False,False,4.0
53,6.3,2.2,2.1,0.6,2.1,3.6,3.5,1.8,1.1,2.7,172.5,13.0,65.0,5.3,6,0,1,True,False,True,False,4.0
16,2.3,0.6,0.2,0.1,0.4,2.8,3.3,1.5,2.0,2.9,136.0,24.8,77.0,7.5,4,0,0,False,False,False,True,5.0
43,4.9,2.1,0.3,0.3,3.3,2.2,2.9,2.5,1.8,4.7,110.7,32.9,76.0,7.0,3,1,0,True,False,True,False,3.0
55,4.0,1.1,2.4,0.9,1.0,1.7,2.4,2.4,2.3,7.9,65.1,23.1,86.0,6.3,2,1,1,False,False,True,False,4.0
24,7.3,1.2,3.3,0.4,1.8,4.5,4.0,1.1,1.4,2.6,190.9,6.6,52.0,1.0,10,1,0,False,False,False,True,3.0
16,8.3,3.2,2.5,0.2,1.4,4.5,4.2,0.8,0.9,0.0,204.3,14.4,55.0,1.4,9,0,0,False,False,True,False,4.0
65,2.5,2.0,0.0,0.0,1.6,1.1,1.1,2.5,2.6,5.1,120.4,28.6,79.0,10.0,1,1,1,False,False,False,True,5.0
25,3.4,1.2,1.0,0.1,1.0,4.5,4.0,1.8,0.7,3.4,126.2,15.4,59.0,2.9,8,0,1,False,False,False,True,5.0
27,7.4,2.2,1.8,0.4,2.7,4.5,3.8,0.9,0.9,0.0,156.3,10.5,43.0,1.0,10,0,0,False,False,False,True,3.0
24,4.5,0.7,1.6,0.3,1.2,4.5,3.9,0.4,1.3,0.0,145.3,7.7,47.0,1.0,10,0,0,True,False,True,False,4.0
28,4.0,2.3,0.0,0.0,2.0,3.1,3.5,1.6,1.7,3.1,92.1,27.9,68.0,6.0,5,0,0,False,False,False,True,3.0
32,5.4,3.0,0.1,1.5,2.0,4.5,3.8,0.5,0.8,0.2,79.9,16.2,57.0,1.0,8,0,1,True,False,True,False,4.0
65,4.4,2.6,0.6,1.0,1.3,2.0,3.1,1.4,1.6,4.6,195.3,25.5,72.0,8.6,3,0,1,False,False,False,False,4.0
68,6.3,3.9,1.4,1.9,0.0,2.3,3.1,2.0,2.3,4.1,114.6,20.1,70.0,7.9,3,0,1,True,False,True,False,3.0
23,1.4,0.3,0.0,0.0,0.6,2.7,3.2,1.2,1.0,3.7,172.6,20.0,71.0,5.4,4,1,0,True,False,True,False,5.0
71,5.8,2.1,2.2,0.8,2.1,3.3,3.3,1.5,1.8,3.5,98.6,21.1,61.0,4.9,5,1,0,True,False,True,False,4.0
53,3.6,0.8,1.4,0.3,1.7,3.2,3.8,0.9,2.1,0.0,181.9,18.7,59.0,3.5,5,0,0,True,False,True,False,4.0
42,1.9,1.8,0.4,0.6,0.6,0.8,1.4,3.4,3.1,4.1,72.4,31.5,83.0,8.9,1,0,0,False,False,False,False,5.0
17,7.5,2.0,1.7,1.7,1.4,4.5,4.3,1.0,1.3,0.5,148.4,16.6,51.0,1.0,9,1,0,True,False,False,True,4.0
34,4.6,4.1,0.0,0.0,1.6,3.1,3.5,2.0,1.5,2.7,59.4,26.3,64.0,5.1,5,0,1,False,False,False,True,4.0
20,6.0,1.9,1.4,0.3,2.0,4.5,4.0,0.9,1.0,1.3,134.6,7.4,55.0,1.0,10,1,1,True,False,True,False,3.0
41,3.8,1.9,0.0,0.2,3.2,1.7,2.3,2.5,2.2,2.3,0.0,22.9,81.0,8.3,2,0,1,False,False,True,False,4.0
67,2.2,2.9,0.0,0.3,0.0,0.8,1.5,2.5,2.6,6.9,34.4,41.0,87.0,10.0,1,1,1,False,False,False,True,4.0
16,6.9,2.0,1.0,0.0,2.6,4.5,4.1,1.2,0.6,2.4,104.9,7.9,62.0,1.0,10,0,1,False,False,False,True,4.0
43,6.3,3.6,0.7,1.4,1.6,4.1,3.8,1.9,0.3,1.9,191.9,10.9,45.0,1.9,7,1,1,False,False,False,False,4.0
52,5.0,2.6,1.9,1.4,0.4,1.8,2.4,2.5,2.1,5.7,182.8,24.3,75.0,9.5,2,0,0,True,False,False,True,4.0
17,7.9,2.7,1.5,0.9,1.6,4.5,3.9,0.9,1.0,0.0,195.0,14.1,36.0,1.1,10,0,1,False,False,False,False,3.0
30,6.7,0.3,3.8,0.0,2.8,4.5,3.5,1.8,0.7,0.2,80.7,13.6,52.0,1.0,9,0,0,True,False,False,True,3.0
44,7.7,3.8,1.2,0.8,3.1,4.5,3.9,0.8,1.0,0.0,63.2,11.9,48.0,1.0,10,0,1,False,False,False,True,4.0
54,2.0,1.4,0.0,1.1,0.4,1.5,2.1,2.5,2.5,2.4,249.3,19.6,82.0,10.0,2,0,0,False,False,False,True,5.0
16,4.6,2.0,0.0,0.8,0.6,3.8,3.6,1.2,1.7,2.6,165.9,10.4,55.0,4.1,7,1,1,True,False,False,False,4.0
31,1.6,1.4,0.2,0.6,0.1,1.2,1.4,2.7,2.6,7.5,173.7,41.8,91.0,8.6,1,1,0,False,False,True,False,5.0
55,8.1,1.1,5.0,1.4,1.6,3.8,3.6,1.5,1.2,6.0,178.0,14.2,66.0,4.0,6,0,0,False,False,False,True,2.0
26,4.3,0.9,1.5,0.2,1.7,4.5,3.9,2.0,0.6,10.0,100.1,17.0,70.0,1.0,8,1,1,True,False,False,False,5.0
49,6.4,2.1,2.7,0.5,2.4,2.8,3.3,1.9,1.7,4.8,204.2,26.0,72.0,7.0,4,1,1,True,False,False,False,4.0
57,4.6,0.2,2.6,1.0,1.8,4.2,3.7,1.8,1.3,0.0,133.2,8.8,52.0,2.2,8,0,0,True,False,False,False,4.0
15,6.1,1.8,0.1,0.8,2.3,4.5,4.0,1.3,1.4,1.6,217.1,10.9,40.0,1.0,10,0,0,False,False,False,True,4.0
69,2.9,3.0,0.0,0.9,0.0,2.6,3.3,1.7,2.0,3.0,70.5,14.6,73.0,6.1,3,0,1,False,False,False,False,4.0
59,7.7,2.6,2.2,0.9,3.2,4.5,3.7,1.5,1.0,0.0,230.8,10.8,52.0,1.0,9,0,0,True,False,True,False,3.0
29,6.3,2.4,0.0,0.9,2.7,3.8,4.2,1.0,0.8,2.5,85.2,16.4,74.0,3.8,7,0,0,True,False,True,False,4.0
40,4.0,1.2,2.6,0.4,0.9,2.3,2.9,1.4,2.1,4.5,187.8,30.8,83.0,7.0,3,0,1,False,False,False,True,4.0
51,1.9,0.6,1.4,0.2,0.6,1.3,1.8,2.4,3.1,3.4,198.1,16.9,78.0,8.3,1,0,1,False,False,False,True,4.0
35,7.1,2.9,2.2,0.7,2.1,4.5,3.9,1.1,1.4,0.0,42.2,17.2,55.0,1.0,9,0,1,True,False,False,True,4.0
63,3.3,1.6,1.8,1.5,0.0,1.5,2.3,1.8,2.6,3.4,76.0,15.1,84.0,8.5,2,1,0,True,False,False,True,4.0
45,4.3,1.9,1.9,0.6,0.7,4.5,3.4,1.3,1.2,2.0,102.5,11.8,62.0,1.3,8,1,0,False,False,False,True,3.0
39,3.8,1.8,1.6,1.0,0.4,3.7,4.1,1.3,1.3,0.0,96.6,17.5,60.0,5.3,6,0,1,True,False,False,True,4.0
37,5.3,2.6,1.8,0.7,1.3,4.0,3.8,1.3,0.6,1.6,160.5,13.6,57.0,2.0,7,0,0,True,False,False,True,4.0
38,7.1,3.7,1.6,1.8,1.0,3.4,3.5,1.9,1.9,1.6,179.3,11.8,66.0,4.3,5,0,0,False,False,False,True,3.0
71,3.5,3.3,0.0,0.5,0.6,3.0,3.6,2.0,2.0,1.4,191.7,22.1,67.0,5.7,4,0,0,False,False,True,False,5.0
52,1.2,0.2,1.1,1.0,0.5,0.5,1.7,2.5,2.2,7.4,70.1,21.0,87.0,9.5,1,1,0,True,False,False,True,5.0
42,5.6,1.7,3.9,0.2,0.8,4.5,4.1,1.5,1.0,0.0,114.2,14.0,50.0,1.9,9,1,0,True,False,False,True,4.0
35,1.9,0.8,1.8,0.0,0.2,1.4,2.1,2.6,2.1,5.6,101.4,37.4,78.0,7.0,2,1,0,True,False,False,True,4.0
68,7.6,2.8,2.8,0.6,1.9,4.3,3.8,0.9,1.8,0.5,92.5,15.9,58.0,2.1,8,1,0,True,False,True,False,3.0
57,4.9,2.0,0.4,1.3,2.5,3.9,3.4,2.0,0.7,2.3,206.9,11.4,61.0,4.6,6,1,0,False,False,False,False,4.0
32,5.2,2.5,0.4,1.0,1.8,0.8,1.4,2.8,2.8,4.2,205.4,25.8,84.0,9.2,1,0,0,True,False,True,False,3.0
50,3.5,1.6,0.2,0.0,2.8,2.1,3.0,1.9,2.3,4.6,92.0,15.1,70.0,7.5,3,0,1,False,False,True,False,3.0
49,1.8,1.1,0.0,1.0,0.6,1.0,1.2,3.4,2.2,7.2,213.5,26.7,90.0,9.6,1,0,1,False,False,False,True,5.0
59,1.1,1.2,0.0,0.0,0.7,1.0,1.4,2.3,3.1,4.3,225.2,40.5,72.0,8.2,1,1,1,True,False,True,False,4.0
69,4.1,0.6,1.8,1.1,1.8,4.1,4.0,1.3,0.7,0.1,100.8,12.8,56.0,2.0,7,0,0,True,False,False,False,4.0
23,5.9,0.9,1.1,0.9,2.0,4.4,3.7,1.9,0.7,2.6,164.8,8.0,59.0,1.0,8,0,0,False,False,True,False,4.0
67,4.4,0.7,2.5,0.5,1.4,2.2,3.0,1.8,2.4,6.6,171.2,23.0,85.0,6.4,3,1,1,False,False,False,True,4.0
52,3.9,1.1,1.2,1.0,1.4,2.5,3.0,1.9,1.7,0.7,168.3,30.3,63.0,6.8,4,0,0,False,False,False,True,4.0
72,1.0,1.0,0.0,0.4,0.3,1.2,1.3,1.7,2.3,6.3,92.1,17.8,85.0,9.4,1,0,0,True,False,False,True,5.0
44,4.0,2.4,2.0,0.7,0.0,3.3,3.6,1.6,1.0,4.3,219.3,24.8,71.0,3.9,5,0,1,False,False,False,False,4.0
74,3.4,2.3,0.0,0.0,2.0,2.6,3.1,1.7,1.3,1.6,132.1,20.1,76.0,4.4,4,0,0,False,False,True,False,5.0
58,5.8,2.4,1.7,0.4,2.4,3.7,3.3,1.8,1.1,2.2,164.4,19.0,69.0,4.1,5,0,1,False,False,False,False,5.0
48,4.9,3.1,0.7,1.2,1.0,2.8,3.4,1.2,1.5,5.1,157.8,27.8,70.0,6.1,4,0,1,True,False,False,False,3.0
46,4.0,1.9,1.8,0.0,0.8,1.8,2.2,2.7,3.0,4.9,153.7,38.3,79.0,6.9,2,1,1,False,False,True,False,5.0
17,4.1,1.3,0.0,1.1,0.7,4.0,4.0,1.6,1.8,2.3,197.0,12.6,54.0,4.8,7,1,1,False,False,False,True,4.0
17,8.5,4.0,2.4,0.0,1.0,4.5,3.7,1.8,0.9,0.0,176.4,12.7,47.0,2.7,8,1,0,True,False,False,True,3.0
42,6.2,2.8,1.5,0.0,2.4,1.6,2.5,2.4,2.0,4.8,139.0,14.5,87.0,7.6,2,0,1,False,False,True,False,4.0
58,3.1,2.1,1.1,0.4,0.5,1.7,2.4,2.4,3.1,3.9,167.8,22.1,73.0,9.4,2,1,1,True,False,False,False,4.0
29,4.4,2.1,0.0,0.7,2.0,3.0,3.3,1.6,2.0,3.4,161.7,16.3,74.0,5.3,4,1,1,True,False,False,True,4.0
55,5.7,2.3,3.5,0.3,0.9,4.0,3.9,1.6,1.3,0.0,134.2,20.0,52.0,3.1,7,0,1,True,False,False,True,5.0
37,1.8,1.8,0.5,0.2,0.0,2.2,2.9,1.3,1.8,8.2,163.4,28.6,76.0,6.0,3,1,1,False,False,False,True,5.0
54,5.2,2.1,1.8,1.3,1.1,3.6,3.4,1.4,1.4,3.4,223.6,16.6,69.0,4.8,5,1,1,True,False,False,True,3.0
25,6.7,2.4,0.5,1.3,3.0,4.5,3.7,0.5,0.8,2.7,168.5,11.3,51.0,1.0,10,0,0,True,False,False,True,4.0
62,5.6,1.3,5.0,0.3,0.7,2.8,3.8,1.7,1.6,5.3,204.1,29.2,73.0,5.7,4,1,1,False,False,False,True,4.0
46,2.4,0.5,1.7,0.4,1.2,2.5,3.4,2.8,2.8,8.6,198.4,32.3,76.0,5.8,3,1,1,True,False,False,True,4.0
72,1.7,0.2,0.8,0.4,1.4,0.8,1.1,3.1,3.2,6.8,174.3,36.2,91.0,8.5,1,1,0,False,False,True,False,5.0
73,7.4,2.8,2.2,1.9,1.6,4.0,3.8,1.8,0.5,2.4,196.4,13.7,60.0,2.2,7,1,0,False,False,False,True,4.0
71,5.5,0.6,2.3,0.6,2.9,1.7,2.7,1.8,2.6,7.1,164.9,25.5,83.0,7.9,2,1,1,False,False,False,False,3.0
68,5.1,2.4,1.9,1.5,0.6,3.3,3.7,1.1,1.1,1.4,62.5,23.0,62.0,5.0,5,0,0,False,False,False,False,3.0
50,3.6,1.0,1.1,1.0,1.4,3.6,4.1,1.3,0.8,1.5,69.8,15.8,66.0,4.0,6,0,1,False,False,False,True,4.0
74,4.9,1.0,2.0,0.5,2.2,2.9,3.8,2.0,1.6,4.5,149.1,25.6,74.0,5.0,4,0,0,True,False,False,False,3.0
47,2.6,1.4,1.3,0.2,0.7,2.0,3.0,2.3,1.6,8.8,78.7,30.7,90.0,7.9,3,1,0,False,False,False,False,5.0
38,5.2,2.2,1.5,1.1,1.5,3.6,3.9,2.1,1.6,1.9,139.2,10.7,59.0,5.0,6,1,1,True,False,False,True,4.0
53,2.7,0.8,0.6,0.1,2.4,2.5,3.7,1.9,2.0,2.1,72.6,19.8,68.0,7.5,4,0,0,False,False,True,False,4.0
48,2.0,1.4,0.0,0.4,0.9,1.4,2.3,2.8,2.1,3.3,93.3,29.1,74.0,7.3,2,1,0,True,False,False,True,4.0
70,5.0,2.0,2.1,1.0,1.2,3.8,4.2,1.8,2.0,0.0,199.0,14.6,56.0,3.6,7,0,0,False,False,False,False,3.0
42,3.2,0.9,2.2,0.5,0.2,3.2,3.7,1.6,1.9,6.8,257.0,22.0,73.0,3.5,5,0,1,False,False,False,False,4.0
51,7.9,3.3,2.9,0.4,2.3,4.0,4.4,1.0,0.8,0.9,259.9,16.9,59.0,2.9,7,1,0,False,False,False,True,3.0
21,4.4,0.4,1.6,0.4,1.6,3.8,3.8,1.3,2.3,2.3,214.5,25.0,59.0,4.3,6,1,1,True,False,False,False,4.0
18,5.3,1.8,1.3,0.2,1.0,4.5,4.1,1.2,1.0,0.6,147.5,10.3,48.0,1.0,10,0,0,True,False,True,False,5.0
51,4.2,3.1,0.0,0.9,1.1,3.1,3.4,2.3,1.2,3.6,81.6,29.8,72.0,5.8,4,0,0,False,False,True,False,4.0
70,3.4,0.8,1.5,0.6,1.4,0.7,1.0,2.4,2.3,6.7,76.3,17.0,83.0,8.3,1,1,1,False,False,False,True,4.0
15,6.7,1.9,1.9,0.0,1.7,4.5,4.2,1.2,1.2,0.0,120.5,11.0,48.0,1.0,10,0,1,True,False,False,False,4.0
15,4.1,2.1,0.0,0.3,0.7,4.5,4.2,0.6,1.2,0.0,178.4,9.4,49.0,1.1,10,0,0,False,True,True,False,4.0
61,4.3,1.3,2.7,0.4,0.8,2.9,3.0,1.5,1.7,3.2,169.6,28.5,70.0,4.5,4,0,1,False,False,False,True,4.0
34,3.6,1.9,0.7,0.4,1.1,1.7,2.1,1.6,2.2,8.5,157.1,25.8,96.0,6.6,2,1,1,True,False,True,False,5.0
33,5.7,2.5,1.3,1.0,1.6,4.0,3.9,2.2,1.8,0.0,206.8,20.2,48.0,1.7,7,0,0,False,False,False,True,4.0
43,6.2,1.6,2.2,0.2,3.0,2.8,3.3,1.8,1.6,3.4,170.3,17.2,63.0,7.3,4,1,0,False,False,False,False,3.0
24,6.8,2.7,1.5,2.2,0.6,4.5,4.1,0.6,1.0,0.1,155.5,11.3,47.0,1.0,10,0,0,True,False,False,True,3.0
74,5.9,2.4,3.0,1.4,0.0,2.4,2.6,2.8,1.2,5.2,183.6,12.8,79.0,6.1,3,1,1,True,False,True,False,4.0
32,7.9,1.5,2.2,1.4,2.8,3.3,4.2,1.5,0.7,5.3,128.3,11.6,62.0,3.8,6,0,1,False,False,False,True,4.0
42,3.4,3.0,1.3,0.0,0.5,2.9,3.3,2.2,2.3,1.8,116.8,27.6,66.0,6.1,4,1,0,False,False,False,True,4.0
49,3.7,1.3,0.0,0.0,2.9,2.5,3.4,1.1,1.5,4.3,199.0,11.4,73.0,4.0,4,1,1,True,False,True,False,4.0
57,7.6,2.8,2.6,0.4,2.6,4.3,3.9,2.1,1.6,2.4,170.2,8.1,65.0,1.7,7,0,1,False,False,False,True,4.0
61,2.8,1.3,0.2,0.8,1.9,3.4,4.0,1.8,1.2,0.0,309.5,28.8,66.0,4.3,5,1,0,False,False,True,False,5.0
45,6.2,1.7,2.4,0.5,2.6,4.0,3.6,1.6,0.8,4.3,193.9,10.0,62.0,3.1,7,1,1,False,False,True,False,4.0
41,3.3,1.9,2.0,0.3,0.0,4.5,4.0,1.1,1.2,0.8,213.8,8.9,49.0,1.0,9,1,1,True,False,False,True,5.0
25,4.1,2.3,1.3,0.0,0.0,4.2,3.6,1.3,1.2,0.0,145.7,11.5,49.0,3.1,7,1,0,False,False,True,False,4.0
63,3.5,0.2,2.5,0.2,1.7,4.2,4.1,2.0,0.5,0.0,105.3,14.0,42.0,2.5,8,1,0,True,False,False,True,4.0
63,5.2,2.4,2.1,0.5,1.0,4.3,3.8,1.4,0.9,1.4,97.6,23.6,55.0,1.0,7,0,0,True,False,False,True,4.0
52,4.0,1.9,1.9,0.3,0.6,0.6,1.4,1.7,2.7,4.1,44.5,16.0,67.0,8.2,1,0,0,True,False,False,True,4.0
19,5.8,2.3,0.0,0.3,2.2,4.5,3.9,1.3,1.2,0.0,158.7,13.8,47.0,1.0,10,1,0,False,False,True,False,4.0
22,6.7,2.5,1.5,0.1,1.7,4.5,4.4,1.0,1.3,2.5,231.3,10.8,57.0,1.0,10,0,0,False,False,False,True,4.0
48,5.4,2.4,0.1,1.6,2.4,4.2,3.8,1.5,1.0,0.8,85.4,16.4,59.0,1.4,8,0,0,True,False,False,True,4.0
62,1.7,0.2,0.3,1.0,1.0,3.2,3.7,1.3,1.8,1.5,138.9,25.6,59.0,5.7,5,0,0,False,False,False,False,3.0
66,4.3,1.0,1.1,1.2,1.4,3.4,3.3,2.5,2.1,0.7,112.0,24.6,56.0,4.4,6,0,0,True,False,False,True,4.0
70,7.8,2.3,3.1,0.8,2.9,4.5,4.1,1.2,0.7,0.0,153.7,16.4,56.0,1.3,9,1,0,True,False,False,True,3.0
26,4.4,2.2,1.9,0.0,0.1,3.1,3.3,1.3,1.3,3.9,142.7,24.7,68.0,4.1,5,1,1,False,True,True,False,4.0
52,4.3,1.3,2.0,1.0,1.3,4.1,4.1,1.4,0.9,0.3,223.3,15.5,59.0,4.7,6,1,1,False,False,False,True,4.0
15,8.2,2.7,2.3,1.4,0.5,4.5,3.8,1.3,0.7,5.9,2.0,18.3,59.0,3.5,8,1,1,True,False,False,True,3.0
45,5.4,1.8,0.5,1.5,3.1,4.2,3.7,1.5,1.0,1.8,72.7,13.2,60.0,1.6,7,0,1,False,False,False,False,4.0
18,8.3,2.8,0.0,1.0,3.8,4.5,4.0,1.4,0.7,1.0,176.0,13.8,47.0,1.0,9,0,0,True,False,False,True,3.0
63,4.9,3.1,0.0,0.6,1.6,4.1,3.6,1.4,1.3,0.0,102.1,13.8,54.0,2.3,8,0,1,True,False,False,True,4.0
59,5.5,2.3,1.8,0.6,1.9,2.8,3.2,0.9,2.6,3.3,98.9,30.8,68.0,5.3,4,0,1,False,False,False,True,4.0
64,6.3,2.5,2.6,0.9,1.3,3.3,3.8,1.0,1.2,1.3,122.7,9.7,55.0,4.2,6,1,0,False,False,False,True,3.0
19,6.4,1.5,2.5,0.0,1.3,4.5,3.9,1.1,0.9,0.0,108.7,8.8,47.0,1.0,10,1,1,True,False,False,False,4.0
44,4.9,2.8,0.6,1.0,1.5,3.3,4.0,1.0,0.6,3.7,105.4,9.0,73.0,4.1,6,1,0,False,False,False,True,4.0
70,4.1,2.2,3.0,0.3,0.1,3.0,3.9,1.6,1.2,2.9,179.7,16.1,61.0,3.9,5,1,1,False,False,False,False,3.0
38,8.1,1.7,3.7,1.9,2.1,4.5,4.1,1.3,1.3,0.0,67.6,5.4,40.0,1.9,10,0,0,True,False,False,True,3.0
73,3.2,0.9,2.2,0.4,0.4,1.8,2.1,2.7,2.5,5.2,75.4,16.4,73.0,7.3,2,1,1,False,False,False,True,4.0
17,7.6,1.6,3.1,0.7,1.0,4.5,3.8,0.9,0.8,0.0,170.6,7.2,46.0,1.3,10,0,1,False,False,False,True,4.0
25,5.3,1.0,2.5,0.7,1.4,4.5,3.8,0.9,1.3,0.0,255.0,7.6,54.0,1.0,10,0,1,False,False,False,True,4.0
59,3.5,2.7,1.2,0.2,0.6,3.1,3.6,1.5,1.0,2.2,199.0,11.6,67.0,6.5,5,1,0,False,False,False,False,5.0
18,7.4,3.1,0.8,0.9,2.0,4.5,4.1,0.8,1.3,0.2,103.9,14.2,61.0,1.0,10,0,1,False,False,False,True,3.0
40,3.4,2.8,0.0,0.8,0.9,2.9,3.5,1.2,2.0,5.2,115.3,14.8,70.0,6.8,4,1,0,True,False,False,True,4.0
41,7.7,4.2,1.0,1.2,2.5,4.5,4.3,0.8,1.1,0.8,124.9,6.5,46.0,1.0,10,1,1,False,False,True,False,4.0
60,3.3,1.6,1.2,1.0,0.5,4.4,4.3,2.0,1.6,0.0,76.3,15.1,40.0,1.5,8,0,0,False,False,False,True,4.0
68,4.6,2.5,1.3,0.7,1.2,2.2,3.1,2.5,1.7,2.6,137.6,24.5,73.0,7.8,3,0,0,True,False,True,False,4.0
57,1.6,0.9,1.4,0.1,0.3,1.1,1.4,2.5,3.6,5.2,104.5,29.9,91.0,8.7,1,0,1,False,False,True,False,5.0
41,3.0,1.8,0.0,0.1,2.4,1.8,2.1,2.7,1.8,3.3,75.5,17.7,75.0,8.2,2,1,1,False,False,False,True,4.0
56,5.0,0.7,2.4,1.6,1.1,4.4,4.1,1.8,0.5,0.0,188.5,14.1,55.0,1.0,8,1,0,False,False,False,True,4.0
65,5.2,2.5,2.5,0.7,0.8,3.9,4.0,1.7,0.4,0.0,140.6,8.0,58.0,2.2,7,0,1,True,False,False,False,4.0
64,5.7,1.7,1.9,1.8,1.2,3.0,3.7,1.5,1.3,0.2,151.0,18.8,55.0,5.8,5,0,0,True,False,False,True,3.0
20,2.7,0.2,0.2,0.1,1.3,2.7,3.0,2.2,1.2,4.5,35.1,27.9,82.0,7.2,3,0,1,False,False,False,True,5.0
73,6.5,1.4,1.9,1.9,1.8,4.4,4.2,1.6,1.1,2.8,147.8,11.5,45.0,2.9,8,1,0,True,False,False,True,4.0
29,6.9,3.6,1.5,0.0,1.9,4.5,4.3,1.3,1.1,1.4,146.6,6.0,57.0,1.1,9,0,1,False,False,True,False,3.0
67,5.0,2.4,2.0,0.3,1.2,2.5,3.0,2.4,1.8,3.1,74.9,28.4,73.0,7.2,3,1,0,True,False,False,True,4.0
44,6.8,2.7,3.2,0.9,1.4,4.5,4.0,1.3,0.9,1.8,156.3,10.5,55.0,2.6,8,0,1,True,False,False,True,3.0
56,4.0,2.1,1.3,1.2,0.0,3.0,3.3,1.1,1.7,8.5,152.9,23.3,74.0,4.5,4,1,1,True,False,False,True,4.0
51,4.4,1.8,1.7,1.0,0.9,1.6,2.4,2.2,2.4,5.1,110.6,17.9,82.0,8.0,2,1,1,True,False,False,False,5.0
72,4.4,2.0,0.5,0.0,2.8,2.5,3.1,2.0,1.9,6.3,87.8,20.8,81.0,7.0,3,1,1,False,False,True,False,5.0
51,5.9,2.2,2.5,0.3,1.8,3.0,3.1,1.7,1.6,6.6,141.9,26.2,73.0,6.0,4,1,1,True,False,True,False,5.0
56,2.6,1.0,2.3,0.0,0.3,2.6,3.2,1.8,1.8,4.0,104.4,26.4,68.0,7.2,4,1,1,True,False,True,False,4.0
74,4.4,2.7,1.7,0.0,1.0,0.8,1.4,2.4,2.3,7.6,180.7,21.8,81.0,7.8,1,1,0,True,False,True,False,4.0
51,3.6,3.0,0.3,0.6,0.8,2.9,3.4,2.4,1.5,3.7,37.2,31.8,80.0,5.1,4,0,1,False,False,False,True,4.0
49,4.2,1.8,0.7,0.0,2.5,4.2,3.9,1.9,1.5,0.9,96.9,18.8,53.0,3.2,7,0,1,True,False,True,False,4.0
37,3.7,1.5,0.0,1.2,2.4,1.6,2.4,2.3,2.1,4.4,151.9,29.4,86.0,8.0,2,1,1,False,False,True,False,5.0
20,3.9,1.3,0.7,1.0,0.6,3.0,3.6,1.5,1.3,4.4,169.3,30.8,76.0,7.3,4,1,0,False,False,False,False,4.0
18,9.5,3.6,2.3,1.6,1.4,4.5,4.2,0.8,0.7,0.0,92.2,7.8,53.0,1.0,10,0,0,False,False,False,False,3.0
32,3.5,1.6,1.9,0.0,0.3,1.3,2.3,2.7,2.1,4.4,103.9,15.0,80.0,9.3,2,1,0,False,False,False,False,4.0
74,4.2,2.6,1.7,0.0,0.8,1.5,2.6,3.0,2.7,4.4,135.6,28.6,83.0,7.9,2,1,1,False,False,False,False,5.0
23,7.2,1.8,3.1,1.2,0.8,4.5,4.0,1.5,1.4,1.2,43.3,6.7,42.0,1.0,10,1,1,False,False,False,False,3.0
63,4.4,1.8,1.8,1.3,0.7,3.1,3.1,2.0,2.0,2.4,182.2,17.5,71.0,5.7,4,0,0,True,False,False,True,4.0
43,4.4,1.3,0.9,1.4,1.8,4.5,4.0,0.9,1.2,1.9,96.0,10.1,61.0,1.4,9,0,1,True,False,True,False,4.0
27,5.9,1.1,0.7,1.3,2.7,4.4,3.6,2.2,1.2,0.0,82.5,20.5,51.0,1.8,8,1,0,True,False,False,False,4.0
73,5.2,2.7,1.2,0.7,1.3,2.7,3.5,1.6,2.1,6.1,129.3,29.4,77.0,5.0,4,1,0,False,False,False,True,4.0
61,2.2,1.1,1.0,0.3,0.3,2.0,2.9,2.1,1.9,3.5,118.8,25.9,82.0,7.6,3,1,1,False,True,True,False,5.0
66,6.5,2.4,2.5,1.0,1.6,2.9,2.9,1.7,2.1,5.0,224.6,28.9,71.0,6.9,4,1,0,False,False,False,True,3.0
31,6.1,2.1,2.0,0.3,1.6,3.6,3.7,1.2,1.9,3.0,154.5,19.6,71.0,5.5,5,0,1,True,False,True,False,4.0
59,4.7,2.7,1.1,0.7,1.2,4.5,4.2,1.6,0.4,0.0,169.4,12.3,54.0,1.4,8,0,0,False,False,False,False,5.0
46,5.5,1.5,1.2,0.4,3.3,1.5,2.2,2.2,2.3,4.5,173.4,13.7,77.0,7.1,2,0,1,True,False,True,False,4.0
62,6.9,3.0,2.3,0.8,1.6,4.5,4.1,1.3,1.0,0.0,162.5,13.7,41.0,1.0,10,0,0,True,False,True,False,3.0
36,7.1,1.9,2.6,1.3,2.0,4.5,4.0,1.1,1.0,2.3,179.7,15.7,63.0,1.3,8,1,0,True,False,False,True,3.0
18,5.9,4.3,0.0,0.4,0.0,4.5,3.5,1.5,1.3,0.0,142.0,7.1,48.0,1.0,10,0,1,True,False,True,False,3.0
19,2.9,0.5,1.3,0.3,0.4,4.4,4.0,1.8,1.9,0.0,146.0,19.6,50.0,1.0,8,1,0,False,False,False,True,4.0
51,7.2,4.2,1.6,0.5,1.9,3.1,3.7,1.5,0.9,3.4,248.7,15.4,69.0,4.7,5,1,0,True,False,False,True,4.0
55,5.0,1.9,2.1,0.0,1.7,3.8,3.7,1.2,0.7,0.5,284.8,22.1,62.0,2.2,6,1,1,True,False,False,False,4.0
63,4.5,2.2,1.6,1.0,1.0,2.5,3.3,2.4,2.1,3.3,97.3,27.9,70.0,5.5,4,1,0,False,False,False,True,5.0
27,5.5,1.5,1.9,0.7,1.9,3.8,3.6,2.2,1.6,1.7,157.3,26.1,68.0,6.1,5,0,0,False,False,False,True,4.0
48,3.3,0.6,1.2,0.6,2.3,2.6,3.5,1.8,1.6,3.5,182.6,28.2,72.0,6.6,4,0,0,False,False,True,False,4.0
59,2.8,1.5,0.6,0.8,0.9,3.4,3.5,1.1,1.1,0.0,208.6,22.0,60.0,3.9,6,1,1,True,False,False,True,4.0
36,4.4,1.7,2.4,0.0,0.8,4.5,3.5,1.4,1.0,1.6,142.5,17.3,62.0,2.7,7,0,1,False,False,True,False,4.0
67,5.7,2.2,2.4,1.4,1.1,1.5,2.5,2.5,2.6,4.4,69.1,26.3,87.0,5.8,2,0,0,False,False,True,False,5.0
73,6.1,3.0,2.2,0.3,1.9,4.1,3.7,1.3,1.3,2.4,146.5,9.5,66.0,1.5,7,0,0,True,False,False,False,5.0
37,4.7,2.2,2.4,0.4,0.8,1.9,2.5,2.4,2.8,4.1,134.6,13.5,79.0,8.2,2,1,1,False,False,True,False,4.0
65,4.8,2.2,0.4,1.1,2.3,2.1,3.0,1.7,2.6,0.4,200.1,14.8,64.0,8.2,3,1,0,True,False,False,True,5.0
17,5.7,2.3,0.9,1.0,0.9,4.5,3.8,0.7,1.5,0.0,218.5,11.9,48.0,1.0,10,0,1,True,False,True,False,4.0
56,4.2,0.4,2.7,1.8,0.8,2.7,3.2,1.8,1.7,1.8,158.4,11.7,63.0,6.2,4,0,1,False,False,False,True,5.0
48,5.0,0.5,1.9,0.0,3.7,3.1,3.0,1.3,0.9,1.6,128.3,19.7,73.0,7.3,5,0,1,False,False,False,True,5.0
46,2.0,0.7,1.6,0.0,0.2,4.2,3.6,1.3,0.9,0.0,257.7,12.5,64.0,3.8,6,0,1,True,False,False,True,4.0
59,4.2,1.7,1.2,0.0,2.2,2.4,3.0,2.0,1.3,5.2,89.4,16.1,77.0,5.2,3,1,0,False,False,False,True,5.0
65,3.2,0.3,2.9,0.7,0.0,0.9,1.3,2.3,3.6,7.2,54.2,22.1,90.0,8.7,1,1,0,False,False,True,False,4.0
72,2.7,1.4,0.0,0.4,2.1,1.7,2.0,2.2,2.9,7.3,126.2,28.6,78.0,7.3,2,0,1,False,False,False,True,4.0
63,5.6,0.8,1.8,0.2,4.0,4.3,3.8,2.5,0.8,0.0,191.4,12.3,47.0,3.4,8,0,0,True,False,True,False,3.0
35,6.0,2.4,1.4,0.6,2.5,3.3,3.9,1.2,1.7,2.2,165.8,17.0,68.0,6.3,5,1,0,False,False,False,False,4.0
60,4.2,2.4,0.1,0.0,2.7,0.8,1.7,2.7,2.6,5.1,176.6,20.2,81.0,9.0,1,0,0,True,False,True,False,5.0
58,6.8,1.7,3.3,1.5,1.3,3.8,3.9,1.1,1.5,4.1,128.3,17.5,61.0,4.3,6,1,0,False,False,False,True,2.0
35,2.2,0.3,0.0,0.2,2.3,0.7,1.3,1.9,2.9,5.8,136.9,36.0,94.0,9.6,1,1,0,True,False,False,False,5.0
58,4.1,1.8,1.6,0.3,1.6,2.1,2.7,1.8,2.0,3.2,60.1,21.2,83.0,7.9,3,0,0,True,False,True,False,5.0
25,7.8,2.3,2.1,0.0,3.4,4.5,4.0,0.8,1.2,0.3,121.6,6.4,46.0,1.0,10,1,0,False,False,False,True,4.0
53,2.6,2.7,0.4,0.0,0.3,3.8,3.5,1.2,1.2,1.6,183.8,21.4,62.0,5.3,5,0,0,True,False,False,False,4.0
18,9.2,3.6,1.8,0.2,2.6,4.5,4.3,0.2,1.3,0.8,73.6,13.1,35.0,1.0,10,1,1,True,False,True,False,3.0
65,5.2,3.0,1.3,0.4,1.8,2.1,2.9,1.9,1.3,2.5,126.8,25.9,86.0,6.7,3,0,0,True,False,False,True,4.0
15,7.2,2.1,2.6,1.0,0.5,4.5,4.2,0.9,1.3,1.0,138.6,5.4,33.0,1.0,10,1,0,False,False,False,True,3.0
42,6.4,1.7,5.0,0.0,1.1,4.5,3.9,1.1,0.5,0.0,195.7,10.2,50.0,1.0,10,1,0,True,False,False,True,5.0
38,3.2,1.3,1.9,0.9,0.0,4.5,4.1,1.6,1.1,0.8,137.6,11.4,55.0,2.3,7,0,0,False,False,True,False,5.0
49,5.3,3.2,2.2,1.0,0.0,2.8,3.4,1.4,1.8,3.4,160.1,21.8,73.0,6.7,4,1,0,True,False,False,True,3.0
27,3.6,2.1,0.4,1.0,0.2,1.5,2.4,2.9,2.5,4.8,138.4,21.5,80.0,7.9,2,1,1,True,False,True,False,5.0
61,5.2,2.6,1.7,1.2,1.0,1.9,2.3,3.2,2.1,3.1,116.8,18.6,77.0,9.1,2,1,1,True,False,False,True,4.0
48,3.4,1.5,1.1,0.0,1.5,3.1,3.9,1.6,0.9,1.0,189.2,14.4,60.0,4.4,6,0,0,False,False,True,False,4.0
25,4.6,0.9,2.4,0.9,0.1,4.1,3.7,2.2,1.3,1.7,205.1,9.8,60.0,3.0,7,1,1,True,False,False,False,5.0
50,3.6,1.6,0.0,1.7,1.1,3.1,3.8,1.7,1.2,2.3,229.0,23.9,66.0,3.1,5,0,1,True,False,False,True,3.0
65,4.0,1.7,0.3,1.4,1.6,1.5,2.0,3.2,2.8,5.6,153.7,18.9,79.0,6.5,2,1,1,False,True,False,False,4.0
31,7.3,2.2,2.8,1.7,0.8,4.5,4.1,1.3,1.0,0.0,92.6,7.4,51.0,4.0,9,0,0,False,False,False,True,3.0
49,2.5,1.3,1.7,0.7,0.3,0.6,1.1,3.0,2.7,4.4,211.0,36.1,87.0,9.1,1,0,1,True,False,True,False,5.0
74,4.9,2.0,3.0,0.2,0.7,3.4,3.8,2.0,1.4,0.8,158.6,10.4,59.0,5.6,5,0,0,True,False,False,False,4.0
32,7.4,3.1,1.9,0.0,2.7,4.5,4.2,1.3,1.2,0.0,158.4,12.1,59.0,1.5,9,0,0,False,False,True,False,4.0
54,1.1,0.5,2.1,0.0,0.0,1.4,2.1,2.8,2.4,5.9,103.8,23.5,80.0,10.0,2,1,1,True,False,False,True,4.0
36,3.3,0.2,1.2,0.3,2.6,1.5,2.1,2.5,2.5,7.2,124.4,19.4,85.0,8.5,2,0,1,True,False,False,True,5.0
71,6.7,3.1,1.3,0.4,2.8,4.5,3.7,1.3,1.7,1.7,181.4,12.6,47.0,2.3,8,1,1,False,False,False,False,3.0
38,3.3,0.7,2.6,0.1,1.0,1.0,1.6,2.0,3.4,3.3,267.3,20.3,80.0,10.0,1,1,1,False,False,False,True,4.0
72,4.9,1.7,1.3,0.8,1.9,4.0,3.6,2.1,1.4,2.1,200.3,10.0,55.0,3.1,7,0,1,False,False,True,False,4.0
33,6.1,2.5,2.8,0.7,0.6,2.8,3.2,2.3,0.9,6.1,189.5,20.4,80.0,4.0,4,1,1,True,False,False,False,4.0
51,4.4,1.9,1.4,0.6,1.7,2.0,2.0,2.4,2.1,5.1,248.0,36.1,80.0,7.1,2,0,1,True,False,False,True,4.0
53,5.7,1.9,0.2,1.1,3.6,4.5,4.0,0.9,1.1,0.0,197.3,13.1,45.0,2.4,9,0,0,False,False,False,True,3.0
35,3.9,2.1,0.1,0.3,2.7,4.4,4.0,1.8,0.8,0.0,154.6,14.8,53.0,2.0,8,0,0,True,False,False,True,3.0
22,8.4,4.3,1.3,1.3,0.9,4.5,3.5,1.0,1.3,3.2,148.3,11.7,54.0,1.0,10,0,1,False,False,True,False,3.0
42,5.3,3.6,2.5,0.0,0.1,3.4,3.9,0.9,1.4,3.3,237.3,19.0,56.0,3.3,5,0,1,False,False,False,True,4.0
19,4.5,1.4,0.8,0.4,1.1,4.5,4.1,1.4,1.1,0.0,115.9,13.5,48.0,1.0,10,1,0,True,False,False,False,4.0
31,7.2,2.9,2.3,0.8,1.7,4.5,3.7,1.0,1.0,2.7,127.3,9.9,44.0,2.0,9,0,0,False,False,False,True,3.0
51,5.0,2.5,1.6,0.0,2.1,3.3,3.3,1.3,0.9,2.7,181.2,16.6,68.0,5.8,5,1,0,False,False,False,False,4.0
50,4.4,2.0,2.2,0.3,1.3,2.9,3.8,1.4,1.6,2.9,189.1,16.2,75.0,6.9,4,1,0,False,False,False,False,4.0
68,5.7,1.2,1.2,1.0,3.2,2.6,3.5,1.3,2.2,2.1,246.1,12.9,69.0,4.2,4,0,0,True,False,False,True,3.0
33,5.0,2.4,1.7,0.3,1.4,4.0,3.8,0.7,1.3,1.6,170.5,14.8,63.0,5.0,6,0,1,True,False,True,False,4.0
41,3.8,1.7,2.5,0.0,0.9,1.6,2.6,2.5,2.8,5.2,134.9,34.6,84.0,5.3,2,1,1,False,False,False,True,4.0
67,4.0,1.7,1.5,0.1,1.9,1.7,2.4,2.0,2.5,5.3,145.9,33.4,79.0,7.6,2,1,1,True,False,False,True,4.0
48,3.5,1.3,0.9,0.0,2.1,0.6,1.1,2.9,2.9,5.7,182.4,39.5,90.0,8.4,1,0,1,False,True,False,True,4.0
25,4.9,2.9,0.0,0.9,0.6,4.5,3.5,0.8,1.6,0.0,214.8,10.9,51.0,1.0,10,0,1,True,False,False,True,4.0
68,3.8,1.3,2.1,0.7,0.5,2.7,3.7,1.6,1.5,7.6,106.7,15.6,84.0,4.3,4,0,0,False,False,False,True,5.0
59,1.0,1.3,0.7,0.0,0.0,2.1,2.6,2.4,2.9,5.9,101.6,20.2,75.0,6.3,2,1,1,True,False,False,True,5.0
61,3.5,2.7,0.9,0.0,1.1,2.2,3.0,2.3,1.1,4.5,111.8,17.3,78.0,7.4,3,1,0,False,False,False,True,4.0
26,5.5,1.9,0.3,0.2,2.6,2.8,3.4,1.7,1.6,5.3,124.7,12.2,79.0,6.3,4,1,1,True,False,True,False,4.0
68,4.7,1.9,1.2,0.6,2.1,3.4,4.0,2.0,2.1,0.0,114.2,17.9,61.0,4.4,6,1,1,True,False,False,True,4.0
35,8.5,2.9,3.8,0.2,2.5,4.5,3.9,0.5,1.1,0.0,190.9,12.2,56.0,1.0,10,1,0,True,False,False,True,3.0
68,5.4,3.2,1.9,0.8,0.7,3.2,3.5,2.3,1.9,2.7,135.3,24.6,67.0,4.8,5,1,0,False,False,False,True,3.0
25,3.2,0.2,0.8,0.8,1.2,3.8,3.8,2.3,1.2,0.6,110.7,20.3,55.0,2.4,7,0,0,True,False,False,False,4.0
53,2.1,1.9,1.0,0.9,0.0,1.0,1.3,3.1,2.9,7.8,158.1,17.1,86.0,7.9,1,1,1,False,False,True,False,4.0
42,1.9,0.7,0.0,0.0,2.4,4.2,4.1,1.6,0.6,1.0,206.2,14.5,68.0,2.5,7,0,1,False,False,True,False,4.0
19,5.5,1.7,0.3,0.4,2.7,4.5,3.7,1.6,1.0,1.4,101.3,14.0,62.0,1.0,9,0,0,True,False,False,True,4.0
31,3.2,2.0,0.1,1.2,0.3,1.4,2.3,2.7,2.1,5.1,116.6,17.0,77.0,7.0,2,0,0,False,False,False,True,5.0
70,5.6,1.7,1.8,0.2,3.0,4.1,3.4,1.4,1.5,1.6,89.2,16.1,53.0,4.0,7,0,0,True,False,True,False,3.0
34,3.4,1.1,2.0,0.1,1.2,0.7,1.7,2.3,3.2,7.1,104.1,23.5,93.0,9.9,1,1,1,False,True,True,False,4.0
55,2.7,1.0,1.6,0.3,0.3,3.6,3.8,1.5,1.0,2.1,194.6,18.3,63.0,5.4,6,0,0,False,False,True,False,4.0
60,4.7,2.7,1.9,0.3,1.1,0.9,1.6,1.9,2.6,4.6,151.3,40.1,83.0,9.4,1,1,0,True,False,False,True,4.0
72,5.8,3.4,0.7,0.7,2.0,2.9,3.1,1.4,2.2,3.3,126.7,24.2,71.0,6.9,4,1,1,True,False,False,False,4.0
26,2.2,0.2,0.2,0.3,1.3,3.3,3.9,1.3,0.8,7.6,134.7,22.9,77.0,5.7,5,0,1,True,False,True,False,4.0
20,3.2,1.7,0.2,0.0,0.8,2.5,3.6,1.8,2.2,3.0,135.7,11.8,74.0,6.1,4,0,1,False,True,True,False,4.0
31,6.0,2.7,0.2,1.3,2.0,1.8,2.8,2.2,2.1,4.5,197.8,25.3,73.0,7.4,3,1,1,True,False,True,False,4.0
65,6.3,2.0,1.9,0.9,2.1,4.1,3.8,1.0,1.1,1.9,140.9,10.2,64.0,3.6,7,0,1,False,False,False,True,4.0
33,6.1,1.0,3.7,0.7,1.2,4.5,3.7,1.4,1.1,0.0,144.0,12.3,51.0,1.0,10,0,0,True,False,False,True,4.0
40,2.2,1.6,0.3,0.5,1.0,1.5,2.4,1.9,3.1,2.2,134.9,30.4,89.0,8.1,2,0,1,False,False,False,False,4.0
62,3.5,2.3,1.1,0.4,0.9,2.8,3.7,1.0,1.7,9.1,146.3,14.5,86.0,6.9,4,0,1,True,False,True,False,5.0
58,3.9,1.7,1.7,0.1,1.9,2.8,3.5,1.9,1.2,2.4,160.3,18.5,79.0,6.1,4,0,0,False,False,False,True,5.0
58,2.2,2.0,1.2,0.0,0.0,3.7,3.8,2.0,1.2,0.3,124.1,20.3,60.0,4.8,6,0,0,False,False,False,False,4.0
66,5.1,2.0,1.9,1.6,0.6,2.8,3.7,1.7,1.7,3.0,0.0,18.6,77.0,5.0,4,0,1,False,False,False,False,4.0
46,3.4,1.5,0.9,0.6,1.2,3.8,3.7,1.7,1.1,1.4,124.0,12.8,70.0,5.3,6,0,0,True,False,False,True,4.0
20,5.2,2.7,0.8,0.0,0.6,4.5,4.2,1.1,1.6,0.8,114.6,6.9,50.0,1.0,10,0,1,True,False,True,False,4.0
69,3.3,1.6,1.3,0.0,1.7,2.6,3.1,1.7,1.8,2.0,45.4,21.6,75.0,5.2,4,0,0,True,False,False,False,5.0
72,4.4,1.1,1.9,0.8,1.6,3.4,3.8,1.6,1.7,2.1,90.6,17.3,68.0,6.5,5,0,0,False,False,True,False,5.0
50,10.0,4.0,2.9,0.8,3.9,4.5,4.1,0.6,0.0,0.0,105.9,8.3,37.0,1.0,10,0,1,True,False,False,True,3.0
52,3.6,1.9,1.9,0.2,0.6,2.2,2.9,2.0,2.0,4.4,175.5,35.4,80.0,7.0,3,0,1,False,False,False,True,4.0
25,3.4,0.2,1.2,0.0,1.4,3.9,3.6,1.8,1.1,2.5,120.5,18.3,68.0,4.1,6,0,1,True,False,False,True,5.0
47,5.2,3.1,2.4,0.3,0.4,4.0,3.5,2.0,1.8,2.8,123.5,18.4,71.0,4.5,6,1,0,False,False,False,False,4.0
38,8.1,3.1,2.6,0.0,3.3,4.5,3.8,0.8,1.6,0.0,115.3,13.1,49.0,2.3,10,0,0,False,False,False,True,4.0
37,6.1,2.4,1.2,0.3,3.1,3.4,3.9,1.1,1.8,3.5,212.5,20.2,68.0,4.7,5,0,1,False,False,True,False,3.0
29,4.0,2.6,1.3,0.3,0.0,2.7,3.4,2.7,1.7,3.0,131.5,11.8,73.0,6.7,4,0,1,True,False,False,True,5.0
41,6.4,3.9,1.0,1.5,1.2,4.5,3.9,0.9,0.7,0.0,299.8,12.8,38.0,1.0,10,0,0,True,False,True,False,5.0
25,5.9,1.1,2.4,0.3,1.4,4.5,3.7,0.6,0.9,0.0,240.9,14.7,51.0,1.0,9,0,0,True,False,True,False,4.0
71,4.6,2.1,1.6,0.8,1.1,3.5,3.8,1.3,1.4,2.6,168.1,18.0,71.0,4.8,5,0,0,True,False,True,False,4.0
65,5.4,3.8,0.0,1.6,0.9,3.6,4.0,0.6,1.3,2.5,205.3,10.1,66.0,4.2,6,0,0,False,False,True,False,5.0
64,7.2,4.0,1.9,0.0,2.2,4.3,4.0,1.7,1.2,1.3,192.1,10.4,60.0,1.0,7,0,0,False,False,False,True,4.0
31,7.2,1.7,3.1,0.2,3.2,4.4,3.7,1.7,1.1,2.9,143.9,19.9,64.0,2.0,8,0,0,False,False,True,False,4.0
65,8.2,3.8,3.2,0.3,2.2,2.9,3.4,1.7,1.7,3.3,85.6,24.9,70.0,6.3,4,1,1,True,False,False,True,3.0
67,5.0,2.7,1.0,0.0,2.3,2.4,3.1,1.9,2.5,3.1,187.1,31.2,75.0,5.7,3,0,0,False,False,False,True,4.0
28,5.1,3.3,0.7,0.4,1.0,4.1,3.9,1.6,1.2,0.0,202.2,11.0,50.0,2.6,7,1,0,False,False,False,False,4.0
41,9.1,2.7,3.6,1.3,2.4,4.5,3.5,1.5,0.9,1.4,189.7,12.1,50.0,1.9,9,0,0,False,False,True,False,4.0
32,8.1,2.3,3.2,1.1,2.4,4.5,4.1,1.2,1.3,0.0,151.8,10.3,53.0,1.0,10,1,0,True,False,True,False,3.0
42,7.2,4.0,2.0,1.3,0.9,4.5,3.6,0.7,1.4,0.7,133.9,8.6,50.0,1.0,10,0,0,True,False,False,False,3.0
65,1.5,1.5,0.0,0.2,1.2,1.8,3.4,2.2,2.9,5.1,145.3,23.2,84.0,7.4,3,0,1,True,False,False,True,5.0
61,3.7,3.7,0.8,0.0,0.0,2.3,2.8,2.4,1.9,5.6,73.8,25.4,85.0,8.6,3,1,1,False,False,False,False,4.0
61,5.3,3.9,0.3,2.0,0.0,2.3,3.7,2.2,1.4,2.7,189.4,12.4,71.0,4.1,4,0,0,False,False,True,False,4.0
18,9.3,3.2,3.5,0.7,1.0,4.5,3.9,0.6,1.2,0.6,119.2,11.0,43.0,1.1,10,1,0,True,False,False,True,3.0
21,2.8,1.9,0.0,0.0,0.3,2.5,3.0,2.8,1.7,3.3,179.7,13.3,73.0,7.6,3,1,1,True,False,False,False,5.0
59,8.8,2.2,3.5,2.1,2.2,4.5,4.0,1.2,1.2,1.7,133.9,13.8,47.0,1.0,10,0,0,False,False,False,True,3.0
49,3.4,0.9,1.4,0.5,1.2,2.1,3.0,2.1,2.7,5.5,89.4,22.4,78.0,7.7,3,0,1,False,False,True,False,4.0
62,3.1,1.6,0.2,0.0,1.9,2.5,2.6,2.1,1.7,5.8,58.9,23.7,76.0,7.6,3,1,1,True,False,True,False,5.0
23,7.4,2.6,2.6,1.5,0.2,4.5,3.9,0.9,1.0,0.0,141.0,7.8,42.0,1.0,10,1,1,False,False,True,False,3.0
22,6.0,0.7,2.2,0.0,2.7,4.5,3.9,0.9,1.1,2.3,126.4,17.7,65.0,1.0,9,0,0,False,True,True,False,5.0
66,3.1,1.7,0.1,0.8,1.9,2.2,2.6,1.8,2.3,2.0,88.5,19.8,78.0,6.5,3,0,1,False,False,False,False,5.0
59,7.3,3.8,1.5,1.1,1.8,4.5,3.8,1.1,0.7,0.4,161.8,12.7,62.0,1.4,8,0,1,True,False,False,True,4.0
31,7.5,1.9,3.0,1.0,2.3,4.5,3.9,1.5,1.7,0.0,100.7,12.2,45.0,1.6,9,0,0,False,False,False,True,3.0
31,6.5,2.9,1.0,1.5,1.7,3.7,3.5,1.4,1.5,3.0,103.1,21.7,66.0,5.3,6,0,1,False,False,False,False,3.0
63,6.6,2.5,3.3,1.2,0.4,4.5,3.9,1.7,1.2,0.9,157.8,11.5,64.0,2.6,8,1,1,True,False,False,True,4.0
47,4.9,1.7,0.7,1.7,2.0,2.0,2.3,2.8,2.3,6.7,204.2,38.2,81.0,7.5,2,1,1,False,False,False,True,4.0
46,2.5,1.9,0.0,0.5,0.6,3.4,3.6,1.8,0.7,2.9,152.7,18.6,65.0,3.8,5,1,0,False,False,False,True,4.0
22,6.0,2.2,1.5,0.4,1.6,4.5,3.8,0.1,0.8,0.0,191.3,7.6,51.0,1.0,10,1,1,False,False,False,True,4.0
33,1.0,0.2,0.0,0.4,0.6,0.9,1.2,2.5,2.8,5.0,117.9,23.1,88.0,8.7,1,1,0,True,False,False,True,5.0
52,7.8,2.9,1.6,1.4,3.1,4.4,3.9,1.1,1.4,2.3,139.9,18.2,54.0,1.0,8,0,1,False,False,False,False,2.0
17,6.7,1.9,1.5,0.2,2.1,4.5,3.7,1.0,1.5,0.0,198.8,12.0,51.0,1.0,9,0,0,False,False,False,True,3.0
73,6.1,2.9,0.7,1.1,2.4,4.2,3.9,0.7,1.3,0.0,49.9,13.1,62.0,1.2,8,0,0,True,False,False,False,3.0
19,7.4,2.3,3.6,0.1,0.6,4.3,4.2,2.0,0.8,1.6,203.8,7.4,57.0,1.5,8,0,0,False,False,False,True,3.0
27,5.1,1.9,1.5,0.1,1.7,2.2,2.8,1.4,3.3,6.2,169.4,32.6,87.0,8.3,3,1,0,False,False,True,False,4.0
61,6.5,2.2,2.5,1.3,1.6,2.2,3.1,1.7,1.9,3.3,23.3,27.6,72.0,7.5,3,0,1,False,False,False,True,5.0
60,5.8,2.2,2.5,0.9,1.5,3.4,3.4,1.1,2.0,2.9,154.7,28.8,59.0,6.3,5,0,0,True,False,False,True,4.0
45,5.7,3.3,3.4,0.0,0.0,3.4,3.6,1.8,1.5,5.3,63.4,11.6,73.0,5.9,5,1,1,False,False,True,False,4.0
69,5.1,2.1,0.2,0.1,3.4,3.5,3.6,1.6,0.9,0.0,161.3,23.0,66.0,3.8,6,0,0,True,False,False,True,4.0
30,3.3,2.3,0.0,0.0,1.4,1.9,2.1,2.2,2.5,3.2,64.8,31.5,74.0,9.7,2,1,0,True,False,False,True,5.0
64,5.4,0.9,3.4,0.4,1.9,1.7,2.3,2.0,2.2,3.8,95.8,26.8,77.0,7.6,2,1,1,False,False,True,False,4.0
46,3.6,2.0,2.1,0.4,0.1,2.6,3.4,1.8,1.0,3.8,198.3,15.0,80.0,5.1,4,1,0,True,False,True,False,4.0
36,7.5,3.3,1.6,0.3,2.9,4.4,4.0,0.6,1.1,0.7,105.2,6.6,57.0,1.0,9,1,0,False,False,False,True,3.0
43,6.8,2.4,1.4,1.3,2.8,4.5,3.8,0.9,0.8,0.4,126.9,10.7,49.0,2.0,9,0,1,True,False,False,True,3.0
36,4.0,1.0,1.2,0.8,2.3,2.7,3.2,2.4,0.9,2.3,118.2,28.3,74.0,5.9,4,0,1,True,False,True,False,5.0
57,6.4,1.1,2.4,2.1,1.7,4.5,4.1,1.2,0.0,0.0,151.1,8.6,53.0,1.0,10,1,0,True,False,True,False,4.0
17,6.9,1.3,0.0,0.9,3.7,4.5,3.8,0.7,0.9,1.4,136.0,15.7,56.0,1.0,9,0,0,False,True,False,True,4.0
68,7.4,2.9,2.0,0.9,2.4,3.9,3.9,2.2,0.4,3.4,153.3,22.8,73.0,3.9,7,1,0,False,False,True,False,5.0
24,6.7,2.8,2.6,0.8,0.0,4.5,3.7,0.8,0.7,0.0,151.1,8.8,43.0,1.0,10,0,0,False,False,True,False,3.0
56,3.5,0.2,2.3,0.4,1.6,3.6,3.6,1.8,0.8,1.2,150.2,16.9,67.0,5.0,6,0,0,True,False,True,False,5.0
35,4.3,1.9,1.4,0.2,2.0,2.8,2.9,1.8,2.4,2.7,57.7,16.4,77.0,6.0,4,0,1,True,False,False,True,5.0
30,5.0,2.1,1.5,0.5,1.5,2.4,3.0,2.0,2.3,3.6,218.1,20.7,68.0,7.1,3,0,1,False,True,True,False,4.0
26,6.5,1.1,2.9,0.5,2.0,3.9,3.7,1.6,1.1,4.0,130.6,16.6,60.0,3.2,6,0,0,True,False,False,False,3.0
16,8.1,1.6,2.1,0.5,2.8,4.5,3.8,1.3,1.0,1.2,199.4,14.2,51.0,1.0,10,0,0,True,False,True,False,4.0
55,7.6,3.2,3.4,1.0,1.2,4.4,4.1,2.3,1.0,2.6,148.4,11.7,65.0,2.9,7,0,1,False,False,False,True,3.0
38,3.1,2.4,0.0,0.8,1.0,3.1,3.4,1.6,1.3,2.6,121.8,25.5,70.0,3.8,5,1,0,True,False,True,False,4.0
49,3.5,1.6,2.5,0.3,0.3,1.7,2.5,2.1,2.5,5.6,222.6,22.5,78.0,6.5,2,1,1,False,False,False,False,4.0
70,2.0,1.8,0.6,0.2,0.0,0.7,1.3,2.6,2.4,5.7,189.4,14.0,85.0,9.6,1,0,1,False,False,False,False,5.0
44,3.9,1.8,1.4,0.7,1.1,2.2,3.3,2.9,1.6,1.6,120.0,29.3,78.0,6.2,3,1,0,True,False,False,True,4.0
71,5.2,2.3,3.0,0.0,0.7,4.1,4.2,1.9,1.5,0.0,107.2,13.6,58.0,3.3,7,0,1,True,False,True,False,3.0
44,2.0,0.7,0.4,0.3,1.2,0.6,1.1,2.9,2.3,4.1,101.0,23.4,85.0,9.2,1,1,0,True,False,False,True,5.0
61,5.1,1.4,3.8,0.3,0.8,4.5,4.1,1.4,1.3,1.0,221.5,17.6,51.0,1.0,9,1,0,False,False,False,True,3.0
49,7.2,2.9,2.7,2.1,0.3,3.7,4.2,1.8,0.8,5.3,110.8,11.5,68.0,4.2,6,0,1,False,False,False,True,4.0
33,4.0,1.9,2.1,0.0,0.8,4.1,4.0,1.5,1.4,0.0,88.9,14.1,55.0,3.5,7,1,1,True,False,False,True,4.0
64,3.1,1.2,0.5,0.1,1.9,2.2,2.9,2.2,1.9,4.3,96.4,33.9,83.0,5.7,3,1,0,True,False,False,False,5.0
22,4.2,1.3,1.3,0.3,0.9,4.5,3.6,0.5,1.0,0.0,152.4,13.6,46.0,1.0,10,0,0,False,False,False,True,4.0
40,4.3,2.6,1.1,0.3,1.2,3.3,3.2,0.9,1.7,2.8,161.6,25.2,72.0,3.8,5,0,1,False,False,False,False,3.0
63,5.5,1.5,0.1,1.2,3.5,3.8,3.5,1.1,1.7,0.8,85.0,11.1,57.0,3.0,6,0,1,True,False,False,True,4.0
54,6.9,2.5,2.7,0.4,2.5,4.5,4.4,2.1,1.2,0.4,122.1,14.9,50.0,2.6,8,0,0,True,False,True,False,3.0
21,4.7,1.4,1.1,0.0,1.6,4.5,4.0,0.3,1.2,0.0,55.1,12.5,66.0,1.0,10,0,1,True,False,True,False,5.0
44,4.5,1.0,1.3,1.5,1.7,4.2,3.8,2.3,0.9,2.6,153.8,18.5,70.0,4.1,6,1,0,False,False,True,False,4.0
21,6.0,2.2,1.4,0.8,0.7,4.5,3.8,1.2,1.1,0.0,160.6,7.4,44.0,1.0,10,0,0,False,True,True,False,5.0
17,6.5,1.9,1.3,0.9,1.0,4.5,4.1,1.2,1.2,0.0,164.5,12.7,51.0,1.0,10,0,1,True,False,False,False,3.0
15,8.2,2.6,2.1,1.0,1.1,4.1,3.8,1.1,1.4,0.7,229.4,17.2,64.0,3.2,7,0,0,False,False,False,True,4.0
50,4.5,2.8,0.8,0.0,1.5,4.0,3.6,1.4,1.3,0.1,87.8,12.7,61.0,3.4,7,1,0,True,False,True,False,4.0
39,4.3,1.7,2.6,0.6,1.4,4.2,3.5,1.8,1.3,1.1,34.1,22.1,58.0,3.6,7,0,0,True,False,True,False,4.0
51,3.5,2.3,0.8,1.1,0.3,2.5,2.6,2.1,1.5,3.0,141.2,13.1,72.0,7.2,3,0,0,True,False,True,False,5.0
15,6.4,1.7,1.5,0.2,2.0,4.5,3.9,1.4,1.7,0.0,166.3,10.8,52.0,1.0,10,1,1,False,False,False,True,3.0
29,4.3,2.6,0.1,0.8,0.8,2.8,3.3,1.5,1.4,3.0,179.8,23.5,73.0,7.5,4,1,0,False,False,False,True,5.0
51,7.7,2.2,2.7,0.9,3.3,4.0,4.0,2.0,0.9,3.6,149.3,16.1,57.0,3.1,7,1,1,False,False,True,False,4.0
27,7.2,1.4,3.0,0.0,2.6,4.1,4.1,2.1,0.9,3.3,154.4,23.7,60.0,5.5,7,0,0,True,False,False,True,4.0
54,2.2,1.4,2.3,0.0,0.0,0.8,1.1,2.7,2.5,5.2,104.9,23.6,78.0,9.5,1,1,1,True,False,False,False,5.0
22,5.8,2.2,1.7,0.0,1.1,4.5,3.8,0.8,0.9,0.9,117.1,8.8,45.0,1.0,10,0,1,True,False,True,False,4.0
19,8.5,3.0,1.5,0.7,3.0,4.5,4.3,0.2,1.3,0.0,121.7,10.3,53.0,1.0,10,1,0,False,False,False,True,4.0
74,5.9,2.8,0.0,1.7,2.1,1.5,2.6,2.6,2.2,4.8,139.8,34.9,79.0,8.7,2,0,0,True,False,False,True,4.0
23,3.7,1.2,0.0,0.2,1.5,2.6,2.6,2.4,1.4,3.5,181.4,23.7,81.0,5.8,3,0,1,False,False,False,True,4.0
15,4.9,1.2,2.3,0.5,0.0,4.5,4.3,0.6,1.6,0.0,126.3,12.4,44.0,1.0,10,0,1,True,False,False,True,4.0
50,4.2,1.4,1.3,1.2,1.2,2.3,2.8,1.6,2.3,3.4,138.6,32.8,68.0,4.8,3,0,0,True,False,True,False,4.0
49,2.9,1.5,0.0,0.8,1.6,1.7,2.3,2.2,2.2,5.8,154.3,22.5,86.0,7.6,2,0,1,True,False,False,False,5.0
16,1.0,0.4,0.0,0.0,0.0,1.0,1.4,2.5,2.3,5.7,120.3,40.3,80.0,8.3,1,1,1,True,False,True,False,5.0
54,7.5,2.7,2.2,1.5,2.0,4.5,3.8,1.1,1.9,0.0,146.8,11.5,45.0,1.0,10,0,1,True,False,False,True,4.0
37,4.8,1.6,2.5,0.7,0.7,3.4,3.5,1.5,1.3,3.1,133.3,29.7,65.0,4.5,5,0,1,True,False,False,True,4.0
23,5.0,2.4,0.0,0.5,1.7,4.5,3.8,0.5,1.6,0.0,117.5,5.1,50.0,1.0,10,0,0,False,False,False,True,4.0
48,4.6,1.7,1.7,0.5,1.5,0.8,1.5,1.7,2.5,4.4,186.6,27.2,76.0,10.0,1,1,1,False,False,False,False,4.0
60,4.8,2.0,1.9,1.0,1.1,3.5,3.6,2.1,1.5,0.6,169.2,9.4,62.0,2.4,6,0,0,True,False,False,False,4.0
28,4.8,1.4,0.9,0.2,2.2,2.2,2.9,1.5,1.2,2.8,202.3,21.3,80.0,7.2,3,1,1,True,False,True,False,4.0
18,8.9,2.0,2.9,1.5,1.7,3.3,3.6,1.3,0.3,4.9,102.0,25.6,67.0,5.3,5,0,1,True,False,False,True,3.0
44,6.7,1.2,1.1,1.4,4.0,4.5,3.6,0.8,1.6,0.6,147.2,10.6,47.0,1.0,10,0,0,True,False,False,False,4.0
45,4.9,2.0,0.0,0.6,3.2,2.8,3.4,0.9,2.0,6.4,155.4,22.9,79.0,6.3,4,0,1,True,False,False,True,4.0
52,5.0,3.3,1.3,0.6,0.4,3.6,4.0,0.9,1.4,1.5,116.1,13.0,63.0,2.6,6,1,1,False,False,False,False,4.0
25,8.6,2.5,3.0,0.1,2.6,4.5,3.9,0.0,1.0,0.0,135.1,13.1,49.0,1.0,10,1,0,True,False,False,True,4.0
49,3.0,2.3,1.1,0.2,0.7,2.5,2.9,2.4,3.0,6.6,115.9,31.2,84.0,5.6,3,1,0,True,False,True,False,4.0
22,1.7,0.8,0.3,0.0,0.2,1.9,2.1,2.3,1.9,3.6,99.2,17.5,80.0,9.1,2,1,1,True,False,False,False,4.0
17,6.1,2.5,2.2,0.5,0.0,4.5,3.9,0.8,1.5,0.3,163.6,5.4,45.0,1.0,10,1,0,True,False,True,False,3.0
28,6.0,2.6,1.8,0.6,1.0,4.5,3.9,1.6,1.1,0.0,173.6,20.2,49.0,2.4,8,0,0,False,False,True,False,3.0
74,4.8,2.2,1.5,0.0,2.4,1.2,1.0,1.9,2.3,5.0,138.7,34.6,87.0,10.0,1,1,0,True,False,True,False,4.0
27,6.9,2.2,2.0,1.0,1.6,4.5,3.7,0.5,1.6,1.0,221.7,9.5,49.0,1.0,9,0,0,True,False,False,True,4.0
59,3.8,1.9,0.7,0.1,1.9,3.8,3.6,1.6,1.4,0.0,227.1,11.9,64.0,3.9,6,0,0,False,False,False,True,5.0
46,3.1,2.6,0.8,0.8,0.0,3.3,3.3,1.3,1.6,0.0,135.9,21.6,62.0,7.0,5,0,1,True,False,False,True,3.0
48,7.4,3.3,2.3,1.1,1.2,4.5,4.0,0.5,1.1,0.0,327.9,16.6,50.0,1.0,9,0,0,False,False,True,False,4.0
59,3.2,2.3,0.4,1.4,0.3,1.0,1.4,2.7,2.5,3.8,190.5,19.3,72.0,9.1,1,1,1,False,False,True,False,4.0
33,5.0,1.1,3.3,1.3,0.0,2.9,3.3,1.8,1.8,3.1,123.3,13.3,77.0,5.6,4,0,0,True,False,False,False,4.0
73,4.4,1.2,2.9,1.6,0.2,2.7,3.3,1.9,1.8,3.9,148.7,11.9,61.0,5.5,4,0,1,False,False,True,False,4.0
52,4.4,2.7,0.2,1.1,1.5,3.9,4.0,1.8,1.9,0.0,200.3,13.6,45.0,1.0,7,0,1,True,False,False,True,4.0
30,6.6,1.1,3.1,0.7,2.1,4.0,3.7,1.7,0.6,3.1,125.7,16.3,66.0,4.9,6,0,1,False,False,False,True,3.0
16,5.5,2.2,1.7,0.3,0.5,3.9,4.0,1.6,0.5,2.0,183.9,23.4,64.0,1.8,7,0,0,True,False,False,True,4.0
54,6.0,1.7,3.0,0.5,2.0,3.6,3.3,1.8,1.3,2.2,151.1,15.7,62.0,5.3,5,0,0,True,False,False,False,4.0
31,5.8,1.0,1.6,1.6,2.2,3.8,3.8,1.8,0.8,0.7,146.1,22.3,71.0,4.1,6,0,0,False,False,False,True,5.0
69,5.4,2.7,1.3,0.5,1.7,2.2,3.2,1.9,1.7,7.2,146.2,31.6,74.0,7.4,3,1,0,False,False,False,True,4.0
48,3.4,2.6,1.2,0.6,0.5,2.5,3.5,1.2,2.5,7.1,163.2,22.2,86.0,6.7,3,1,1,False,True,False,True,5.0
56,1.7,0.8,0.0,1.5,0.9,0.8,1.5,2.3,2.8,4.9,93.4,19.4,89.0,8.1,1,1,0,False,False,False,True,5.0
74,6.0,2.4,2.5,0.5,1.7,0.8,1.1,2.1,2.7,6.9,124.6,28.3,86.0,7.9,1,0,1,True,False,False,True,3.0
30,3.4,2.3,0.7,0.1,0.7,3.9,3.4,2.6,0.9,2.3,67.9,18.7,71.0,4.5,6,1,0,True,False,False,True,4.0
52,7.5,2.8,2.6,1.3,2.0,3.6,3.7,1.1,1.4,2.0,127.9,22.3,57.0,4.4,6,0,1,True,False,False,False,3.0
74,4.9,2.2,3.3,0.1,0.3,4.5,4.1,2.0,1.1,1.3,233.3,9.9,54.0,3.1,8,0,1,True,False,True,False,4.0
16,7.9,3.3,0.9,0.8,1.8,4.5,3.8,0.2,1.0,0.0,136.7,12.5,46.0,1.0,10,0,0,True,False,False,False,4.0
16,6.9,1.9,0.8,0.7,2.3,4.5,3.9,0.2,1.6,0.1,120.0,7.9,55.0,1.0,10,0,1,False,False,False,False,4.0
40,6.1,1.8,2.6,0.8,1.6,2.7,3.2,2.1,2.4,4.4,137.2,13.0,71.0,4.5,4,0,0,True,False,False,True,3.0
27,2.2,1.1,1.0,0.0,0.4,2.3,3.0,1.8,2.5,7.5,162.9,19.8,79.0,6.8,3,1,0,True,False,False,False,5.0
70,4.0,1.2,2.9,1.1,0.0,4.5,3.9,2.6,1.3,1.1,214.6,10.2,52.0,3.5,7,0,1,True,False,True,False,4.0
61,1.5,1.1,0.7,0.6,0.3,3.1,3.8,2.1,1.5,10.6,135.3,29.4,70.0,5.9,5,0,1,False,False,False,True,4.0
45,7.5,2.2,3.1,1.0,1.9,4.5,3.7,1.4,0.5,1.9,116.0,17.6,63.0,2.0,8,0,1,False,False,True,False,4.0
74,3.9,1.8,1.2,0.9,1.2,0.8,1.4,2.0,2.9,4.0,15.6,24.0,86.0,9.6,1,0,1,False,False,False,True,5.0
48,4.9,2.3,1.9,0.8,0.8,1.8,2.4,2.7,1.9,5.9,103.8,24.0,89.0,8.1,2,0,1,True,False,True,False,4.0
53,4.3,0.9,2.6,0.4,1.8,3.9,3.5,1.4,1.5,3.5,177.9,15.5,67.0,3.9,6,1,1,False,False,True,False,4.0
17,4.4,1.2,2.1,0.4,0.0,3.9,3.8,1.9,1.3,2.1,146.3,14.1,63.0,3.2,6,0,0,True,False,True,False,4.0
22,5.9,1.2,2.7,0.6,1.1,4.5,4.0,1.5,0.7,0.7,155.9,14.9,49.0,1.9,10,0,1,False,False,False,True,3.0
37,4.2,4.0,0.0,0.7,0.3,3.7,4.0,1.4,1.4,0.8,67.4,10.3,68.0,1.4,7,1,0,False,False,False,False,4.0
28,2.9,1.9,1.1,0.3,0.0,1.8,2.2,2.7,1.8,4.3,191.4,17.5,75.0,7.4,2,0,1,True,False,True,False,4.0
70,5.0,1.9,1.6,1.2,0.9,4.1,3.7,1.4,0.9,1.6,79.2,11.0,61.0,2.7,7,0,0,False,False,False,False,4.0
69,6.0,1.9,0.7,0.4,3.9,2.7,3.1,2.1,1.8,2.6,144.7,28.2,66.0,4.8,4,0,0,False,False,False,True,5.0
41,6.8,3.4,2.6,0.0,2.0,4.5,3.5,0.9,1.1,0.0,168.7,12.7,42.0,1.0,9,0,0,True,False,True,False,4.0
68,1.8,0.5,0.9,1.0,0.3,0.6,1.2,2.9,2.4,6.4,205.6,17.4,87.0,7.7,1,0,0,False,False,False,True,4.0
43,5.7,1.9,0.7,1.7,2.6,1.7,2.3,2.6,1.4,5.0,131.8,20.6,82.0,8.5,2,1,1,True,False,False,True,4.0
53,1.8,0.5,2.5,0.0,0.1,0.8,0.9,2.0,2.9,4.1,164.0,28.1,84.0,8.8,1,1,0,True,False,False,True,5.0
67,3.2,0.2,0.4,0.5,2.9,4.0,4.0,1.1,2.3,0.0,102.7,21.5,57.0,5.1,7,1,0,True,False,False,True,5.0
53,2.7,1.3,0.4,1.2,0.5,1.8,2.5,2.4,2.6,4.3,148.6,17.7,83.0,8.5,2,0,0,True,False,False,False,4.0
15,8.0,2.4,2.1,0.9,1.5,4.5,3.6,1.0,0.8,0.0,124.6,6.9,48.0,1.2,9,0,1,False,False,False,False,3.0
31,8.0,1.3,3.0,1.0,3.5,4.5,3.8,0.6,1.2,0.0,113.1,19.8,54.0,1.7,8,0,1,True,False,False,False,3.0
55,4.5,2.4,1.7,0.6,1.0,3.6,3.9,0.8,1.4,1.8,187.5,17.4,74.0,4.9,6,1,0,False,False,False,True,5.0
44,4.7,2.1,0.0,0.0,3.2,4.5,4.0,1.1,1.1,1.0,181.8,20.9,59.0,1.0,8,1,1,True,False,False,False,4.0
67,5.5,1.9,2.3,0.8,1.3,4.5,3.8,1.5,1.0,0.6,198.9,7.3,55.0,2.0,9,0,0,False,True,False,True,3.0
27,5.7,3.1,0.8,0.8,1.3,3.0,3.9,1.4,1.6,3.7,120.8,15.9,72.0,4.4,5,0,0,False,False,False,True,5.0
35,4.8,1.5,2.7,1.3,0.5,1.6,2.0,2.1,2.4,4.0,142.4,17.6,68.0,5.9,2,1,0,False,False,True,False,4.0
33,5.6,2.3,1.1,0.1,2.8,3.6,3.7,1.3,2.0,1.4,146.1,24.2,67.0,2.7,6,0,1,True,False,False,True,4.0
67,4.7,0.4,2.8,1.6,0.9,0.7,1.5,3.0,2.6,4.4,207.3,17.0,85.0,10.0,1,1,0,True,False,False,True,4.0
33,6.6,2.1,1.0,0.4,3.3,4.5,3.9,2.2,1.0,1.6,141.9,17.7,55.0,2.1,8,0,0,True,False,True,False,3.0
71,2.4,1.8,0.7,0.3,0.8,2.5,2.9,1.5,1.7,2.9,192.9,23.6,70.0,9.2,3,0,1,False,False,False,True,5.0
39,1.1,0.9,0.0,0.2,0.9,2.0,3.4,1.8,2.1,1.4,159.9,32.7,76.0,6.2,3,0,0,False,False,False,True,4.0
36,5.9,2.4,0.8,1.2,2.4,2.4,2.9,2.3,2.4,4.5,210.4,14.4,74.0,6.9,3,0,0,True,False,False,True,3.0
45,2.9,1.3,1.7,0.0,1.3,1.2,0.9,2.5,2.6,4.5,126.7,18.1,82.0,8.8,1,0,1,True,False,False,True,5.0
31,6.8,3.6,1.6,1.0,1.7,4.5,3.7,2.1,1.4,1.6,144.2,19.0,56.0,1.0,8,0,0,False,False,False,True,4.0
69,1.5,0.2,2.2,0.1,0.1,0.9,1.6,2.1,3.1,4.8,96.0,28.4,78.0,8.8,1,1,1,True,False,True,False,5.0
37,6.3,2.2,2.9,0.6,1.5,4.5,3.7,0.6,1.4,0.2,96.4,8.1,50.0,1.0,10,0,0,False,False,False,False,4.0
46,4.7,2.0,1.5,0.0,1.8,2.9,3.6,1.7,2.2,3.2,86.6,17.7,70.0,5.7,4,1,1,False,False,False,True,4.0
24,7.7,1.7,1.6,1.1,3.1,3.9,3.8,1.6,1.1,0.7,153.0,12.6,56.0,3.5,8,1,0,False,False,False,True,4.0
24,6.1,1.5,2.7,0.5,0.9,4.5,4.4,0.7,0.9,0.0,99.9,10.0,44.0,1.0,10,0,1,True,False,False,True,4.0
50,5.4,2.1,1.8,0.9,1.7,4.5,4.0,1.7,1.2,1.4,127.5,7.8,65.0,1.8,8,1,0,True,False,False,True,4.0
22,7.6,3.0,0.5,0.5,2.6,4.5,4.0,1.1,0.6,0.0,106.5,5.5,47.0,1.0,10,0,0,False,False,False,True,3.0
68,2.7,0.5,0.9,0.9,1.4,1.1,0.9,2.4,2.4,3.4,151.0,28.6,78.0,8.1,1,1,1,False,False,True,False,4.0
66,3.3,1.3,0.0,0.6,2.5,3.3,3.5,1.4,1.6,3.6,206.9,15.9,61.0,3.0,5,1,1,True,False,False,False,4.0
34,5.7,1.1,0.5,1.0,3.9,3.6,4.0,1.0,0.6,1.9,137.6,19.2,64.0,3.9,6,0,1,True,False,False,False,4.0
46,2.3,1.0,0.0,0.9,1.4,2.0,3.4,1.7,2.0,2.6,80.0,32.0,72.0,7.4,3,1,0,False,False,False,False,4.0
64,6.9,2.3,1.9,0.7,2.7,4.4,3.6,1.2,2.2,0.0,120.0,11.0,65.0,2.6,8,0,1,False,False,False,True,5.0
28,7.2,2.5,2.8,0.1,1.9,4.5,3.8,1.3,1.4,0.0,167.6,13.7,47.0,1.0,9,0,0,False,False,False,True,3.0
64,5.2,3.0,0.5,0.3,2.3,4.5,3.7,1.5,1.0,0.0,246.2,14.5,56.0,1.9,8,0,0,False,True,False,False,4.0
42,3.8,2.5,0.5,0.1,2.1,3.8,3.8,2.0,0.9,0.1,192.3,13.7,58.0,3.7,6,0,0,True,False,False,False,4.0
60,7.8,2.6,2.5,1.5,2.5,4.5,4.1,0.9,1.2,0.6,180.2,13.6,50.0,1.0,9,1,0,True,False,False,True,4.0
66,4.1,0.7,1.0,1.1,2.4,3.0,3.3,1.4,1.4,1.8,226.1,31.9,74.0,4.6,4,0,1,False,False,False,True,3.0
67,6.0,3.3,1.8,0.6,1.3,4.0,3.9,1.3,1.7,1.5,94.3,18.2,56.0,1.9,8,0,0,False,False,False,True,4.0
38,4.0,1.8,2.3,0.3,0.8,3.1,3.5,2.8,1.3,5.8,109.0,12.3,72.0,5.0,4,0,1,True,False,False,True,4.0
29,5.3,2.9,0.7,0.1,1.8,3.5,3.9,1.9,1.0,0.6,162.6,12.9,62.0,3.9,6,0,0,True,False,False,False,5.0
36,1.1,0.8,0.7,0.7,0.0,3.0,3.1,1.3,1.7,2.2,124.2,18.6,65.0,4.8,4,0,0,False,False,True,False,5.0
44,5.8,1.8,0.9,1.7,2.0,2.1,2.8,1.7,2.5,3.4,140.6,32.1,71.0,7.9,3,1,1,True,False,True,False,4.0
18,6.3,2.8,0.0,0.6,2.1,4.5,4.1,0.3,1.3,0.0,153.7,11.2,54.0,1.6,10,0,1,True,False,False,True,4.0
27,6.6,2.0,2.0,1.3,1.2,2.7,3.4,1.9,1.2,5.1,156.6,25.2,70.0,4.8,4,1,0,False,False,False,False,3.0
73,4.6,1.3,2.2,0.8,1.4,2.9,3.5,2.4,1.1,4.0,180.5,23.2,77.0,5.1,4,1,0,False,False,False,True,3.0
37,7.0,3.2,1.6,0.9,2.3,4.5,3.6,1.0,1.3,2.4,178.6,7.1,51.0,1.0,10,1,1,False,False,True,False,3.0
22,7.0,0.9,3.0,0.3,2.1,4.5,4.2,0.8,0.4,0.0,185.7,6.3,56.0,1.0,10,0,0,True,False,True,False,4.0
32,5.4,2.0,1.2,0.5,2.3,2.9,3.3,1.3,1.6,5.0,87.0,15.4,76.0,7.0,4,0,1,False,False,False,True,5.0
26,7.1,2.6,2.2,0.1,2.2,4.5,4.1,1.3,1.0,0.0,151.8,10.2,54.0,1.0,10,1,1,False,False,True,False,3.0
69,7.3,3.9,2.0,0.8,1.5,4.5,3.9,1.4,0.9,0.0,134.3,17.2,52.0,1.8,8,0,0,False,False,False,True,4.0
45,3.1,1.6,0.6,0.5,1.4,1.7,2.5,2.8,2.6,4.6,119.8,38.2,91.0,9.5,2,0,1,False,False,False,False,5.0
28,7.2,1.8,2.8,0.8,1.8,3.9,3.9,2.2,2.0,2.2,200.9,26.9,65.0,2.5,6,1,0,True,False,False,True,3.0
48,5.4,1.6,1.6,0.0,2.9,4.4,3.8,1.2,1.0,2.3,52.3,9.0,54.0,4.3,7,1,1,True,False,True,False,3.0
32,7.0,2.2,2.6,0.9,1.7,4.0,3.7,2.2,1.0,3.3,99.7,23.8,50.0,2.0,7,0,1,True,False,False,True,4.0
70,4.7,2.5,0.1,0.7,2.7,2.8,3.4,1.7,1.2,2.3,109.7,19.0,71.0,4.7,4,0,0,True,False,True,False,5.0
48,3.5,3.0,1.6,0.7,0.0,4.2,3.8,1.8,1.1,0.0,136.0,23.9,56.0,4.7,7,0,0,False,False,False,True,5.0
25,7.0,2.7,1.0,0.8,1.7,4.5,4.3,1.2,0.9,2.2,134.3,12.0,57.0,1.4,10,1,1,False,False,False,True,3.0
55,3.3,1.6,0.6,0.5,1.5,3.2,3.4,0.7,1.5,1.6,46.6,25.9,69.0,2.8,5,0,0,False,False,True,False,4.0
26,8.9,2.7,3.1,2.9,0.0,4.5,4.0,1.1,1.3,1.1,118.9,13.5,46.0,1.2,10,0,1,False,False,False,True,3.0
63,3.5,2.1,1.7,0.9,0.0,1.9,2.2,2.6,2.5,4.1,157.3,17.3,78.0,8.6,2,1,0,True,False,False,True,4.0
29,4.5,2.7,0.0,0.7,1.9,3.7,4.0,1.9,0.6,1.7,133.4,16.8,64.0,4.6,6,0,1,True,False,False,False,4.0
71,4.7,2.7,1.0,1.0,1.5,1.7,2.5,2.6,2.4,5.3,76.5,19.9,87.0,7.2,2,0,0,True,False,True,False,4.0
45,7.4,3.5,2.5,0.3,2.2,4.5,3.6,0.6,1.0,0.0,203.5,6.1,50.0,1.0,10,0,0,True,False,False,True,4.0
63,1.6,1.7,0.6,0.3,0.0,1.1,1.3,2.4,2.4,3.1,41.4,19.4,80.0,9.7,1,1,1,True,False,False,True,4.0
72,4.9,1.5,0.4,1.1,2.5,3.8,3.8,1.4,1.1,1.3,130.9,10.2,62.0,3.8,6,0,0,False,False,False,True,4.0
43,6.4,2.4,1.3,1.1,2.5,4.5,3.9,1.5,1.2,0.0,150.3,10.6,56.0,2.8,9,0,0,False,True,False,False,4.0
40,5.6,3.1,2.0,1.3,0.0,3.6,3.8,2.1,1.1,3.3,159.0,12.9,64.0,1.4,6,1,0,True,False,True,False,4.0
32,4.8,2.1,0.7,0.0,2.8,4.5,4.1,0.2,1.4,0.0,170.1,9.6,52.0,1.0,10,0,0,True,False,False,True,4.0
46,7.6,3.1,1.9,0.5,3.2,4.5,4.0,0.4,1.1,0.0,156.9,9.3,45.0,1.0,10,0,1,False,False,True,False,3.0
36,3.6,2.6,1.5,0.8,0.1,3.4,3.3,1.2,1.6,1.0,73.4,22.1,65.0,6.0,5,0,0,True,False,False,True,5.0
52,4.7,1.8,1.7,1.0,1.5,4.3,3.5,0.8,0.7,1.7,76.1,20.4,61.0,2.8,8,0,0,False,False,False,True,4.0
31,4.2,2.5,0.0,0.9,1.6,3.5,3.1,1.0,1.5,0.4,60.0,26.2,58.0,3.4,6,1,1,False,False,False,True,4.0
37,2.1,1.6,1.5,0.1,0.0,4.3,3.8,1.4,1.4,1.5,178.7,22.1,61.0,3.3,7,0,1,False,False,False,True,5.0
38,4.0,2.2,1.2,0.9,1.1,2.6,3.2,1.7,1.5,6.8,126.9,17.0,82.0,4.3,4,1,1,True,False,False,False,4.0
64,5.3,1.0,1.9,0.8,2.8,4.5,4.0,1.4,1.3,0.0,143.3,16.6,53.0,2.1,9,0,1,False,False,False,True,4.0
22,4.6,1.9,0.8,0.8,0.5,3.5,3.6,1.2,1.6,3.4,172.8,10.1,73.0,2.2,6,1,1,True,False,False,False,4.0
55,5.6,2.9,1.1,0.0,3.2,2.5,3.3,2.5,1.7,0.8,195.2,25.3,62.0,5.7,4,0,0,False,False,False,True,3.0
20,7.7,2.7,2.1,0.0,1.8,4.5,3.9,0.7,0.3,1.0,132.6,11.5,52.0,1.0,10,0,0,True,False,False,True,4.0
19,9.2,2.6,3.1,1.7,0.6,4.5,3.5,1.0,1.5,0.0,116.2,6.1,58.0,1.2,10,1,0,True,False,False,True,4.0
58,4.2,2.3,0.0,1.2,1.4,4.5,4.0,1.7,1.1,0.0,125.8,17.2,58.0,2.2,7,1,1,False,False,False,True,4.0
71,3.9,2.1,2.1,0.6,0.0,2.2,2.9,2.3,2.0,6.7,69.6,15.2,84.0,8.5,3,1,1,False,False,False,False,5.0
43,5.2,0.9,2.8,0.6,1.8,2.8,3.1,2.1,1.7,3.4,125.4,32.1,76.0,7.1,4,0,1,False,False,False,True,3.0
42,6.3,1.8,2.3,1.9,1.2,3.7,3.8,1.6,1.1,1.1,166.2,15.5,65.0,1.0,7,0,1,False,False,False,False,4.0
25,6.9,2.2,2.8,0.6,1.0,4.5,3.7,1.6,0.8,1.8,170.7,15.7,59.0,3.0,9,0,1,False,False,False,False,3.0
71,1.4,1.0,0.9,0.5,0.0,1.6,2.4,2.8,3.5,1.7,208.5,25.8,73.0,6.6,2,0,0,True,False,True,False,5.0
15,5.3,0.4,2.9,0.1,1.3,4.5,4.0,1.1,1.1,0.8,219.5,6.9,51.0,1.0,10,0,0,False,False,True,False,4.0
57,4.8,3.0,0.7,0.5,1.6,3.0,3.4,1.8,2.4,3.8,87.2,13.6,77.0,6.7,4,1,1,False,False,False,True,5.0
33,3.0,2.0,1.6,0.0,0.0,2.8,3.4,1.2,1.9,5.6,153.8,18.6,74.0,6.7,4,1,1,False,False,False,True,4.0
23,7.1,2.2,0.9,0.9,2.5,4.5,4.2,0.5,1.1,0.0,124.6,14.4,41.0,1.0,10,0,1,False,False,True,False,3.0
41,5.9,2.5,1.0,1.4,1.7,2.8,3.5,1.0,1.5,5.1,114.8,11.9,70.0,6.1,4,0,0,True,False,False,True,3.0
48,2.5,1.1,0.0,1.4,0.6,0.7,0.9,3.0,2.7,3.0,150.9,23.4,67.0,8.2,1,0,0,False,False,True,False,4.0
58,2.0,1.6,0.0,0.2,1.3,1.2,2.2,2.5,2.4,5.8,126.8,26.4,85.0,8.3,2,0,1,True,False,False,True,5.0
18,8.9,3.4,2.8,0.0,2.2,4.5,4.0,2.0,0.0,1.7,192.9,14.2,46.0,1.7,8,0,1,True,False,False,True,3.0
50,4.5,1.6,0.0,0.8,2.8,1.4,2.5,2.0,2.0,4.9,184.5,18.7,76.0,8.2,2,1,0,False,False,False,True,4.0
32,7.5,1.8,1.8,1.4,3.0,4.5,4.4,0.8,1.1,0.6,58.8,9.0,54.0,1.0,10,1,1,True,False,True,False,4.0
29,4.3,1.4,0.1,0.0,3.2,2.5,3.1,1.8,2.1,6.1,115.6,13.4,77.0,9.4,3,1,1,False,False,True,False,4.0
65,1.3,1.3,0.6,0.4,0.1,2.2,2.6,1.7,1.2,1.0,138.6,30.8,74.0,8.0,3,0,1,True,False,True,False,5.0
27,6.7,3.0,2.3,0.8,0.7,4.5,3.9,0.5,1.1,0.0,180.8,14.3,57.0,1.0,10,0,0,True,False,True,False,3.0
33,1.3,0.2,1.7,0.1,0.0,1.4,2.5,3.6,2.8,9.9,88.2,26.4,89.0,8.4,2,0,1,False,False,False,False,5.0
63,4.9,1.6,1.4,0.0,2.5,3.8,3.5,2.0,1.2,2.8,81.0,20.1,66.0,3.6,7,0,0,False,False,True,False,5.0
20,6.9,2.2,2.8,0.2,1.2,4.5,4.0,0.6,1.3,0.0,141.2,11.1,51.0,1.0,10,0,1,False,False,False,True,3.0
62,6.8,3.5,1.2,0.3,2.7,4.5,3.8,0.4,1.6,0.0,101.4,8.0,43.0,1.0,10,1,0,False,False,False,True,3.0
70,3.0,1.0,2.9,0.0,0.0,1.1,1.4,2.4,3.3,5.6,127.9,36.2,79.0,9.3,1,1,1,False,False,False,False,5.0
26,2.6,0.8,0.3,1.2,0.7,2.7,3.2,2.8,1.9,8.9,140.4,23.0,89.0,6.8,3,0,0,True,False,False,True,5.0
65,3.1,1.2,0.2,1.5,0.6,4.4,3.7,1.3,1.7,0.8,168.5,20.0,61.0,1.0,8,0,1,True,False,True,False,5.0
51,6.2,2.6,1.3,0.6,2.6,2.9,3.7,1.2,1.2,2.6,162.0,24.3,70.0,5.7,4,0,0,True,False,False,True,5.0
31,6.5,2.1,1.5,1.0,2.1,4.3,3.5,1.2,0.9,2.6,120.0,13.3,55.0,3.3,7,0,1,False,False,False,False,3.0
72,1.0,0.7,0.6,0.0,0.0,1.2,1.4,3.0,3.4,5.2,103.8,38.7,90.0,10.0,1,0,0,False,False,True,False,5.0
37,4.2,2.1,1.2,0.5,0.9,1.9,2.6,2.1,2.6,4.8,207.8,29.1,81.0,8.5,2,1,1,True,False,True,False,4.0
40,8.0,3.4,3.0,0.3,2.4,4.5,4.0,1.8,0.7,0.4,142.5,10.7,50.0,1.0,9,1,0,False,False,False,True,4.0
43,5.0,2.2,1.1,0.8,2.5,4.0,3.6,1.6,0.9,2.2,37.8,21.8,69.0,4.1,6,1,0,False,False,True,False,4.0
47,2.5,2.1,0.0,0.0,1.8,2.4,3.0,2.4,2.2,3.1,173.7,32.6,72.0,5.9,3,1,1,True,False,False,True,4.0
74,2.9,2.2,0.0,0.4,1.6,0.9,1.0,3.2,2.6,4.8,160.8,14.6,74.0,9.5,1,1,1,True,False,True,False,5.0
41,6.5,2.4,3.8,1.0,0.5,4.5,3.8,0.6,1.7,0.0,131.0,8.0,46.0,1.0,10,1,0,False,False,False,True,4.0
39,5.9,0.9,3.1,0.7,2.5,4.0,3.7,1.8,0.4,2.7,159.7,13.0,61.0,2.8,6,0,1,False,False,False,True,4.0
70,3.3,1.8,1.0,1.1,0.2,2.2,2.4,2.5,3.2,5.2,181.5,21.3,80.0,7.7,2,1,1,False,False,True,False,5.0
69,3.4,1.8,2.4,0.2,0.0,0.8,1.2,2.7,2.9,6.5,189.5,37.4,80.0,9.2,1,1,0,True,False,False,True,3.0
24,5.5,1.6,1.8,0.0,1.6,4.5,4.0,1.8,0.5,1.7,184.3,9.2,39.0,1.0,10,0,0,False,True,False,False,4.0
61,6.9,2.6,2.9,1.3,1.0,2.9,3.4,1.7,2.0,5.3,190.1,18.5,78.0,6.0,4,1,1,True,False,False,True,4.0
37,3.8,1.4,0.3,1.1,2.1,3.5,3.7,1.9,0.6,1.1,144.4,19.4,58.0,2.0,6,0,1,True,False,False,True,4.0
35,4.1,1.7,0.4,1.5,1.9,3.7,3.9,2.2,0.7,0.7,121.2,13.6,51.0,3.8,6,1,1,False,True,False,True,4.0
35,6.2,0.9,3.0,0.6,3.1,2.9,3.4,1.4,1.6,4.2,134.4,25.4,75.0,5.8,4,1,1,True,False,False,True,4.0
57,3.5,2.3,0.0,0.8,1.8,2.0,2.1,2.1,3.0,4.7,121.5,13.9,66.0,7.1,2,1,1,False,False,False,True,4.0
27,8.6,2.8,1.6,2.0,2.5,4.5,4.0,1.2,0.7,0.7,204.1,10.2,47.0,1.0,9,1,0,True,False,False,True,3.0
51,3.1,1.7,1.5,0.0,0.5,0.9,0.9,2.2,3.1,5.5,188.1,27.6,93.0,10.0,1,1,1,False,False,False,True,5.0
47,6.7,2.7,2.4,0.9,2.1,4.5,3.7,0.7,1.9,0.7,184.7,10.3,41.0,1.0,10,0,0,False,False,False,True,4.0
38,5.4,1.9,1.7,1.3,1.1,4.5,4.1,1.4,1.2,2.2,164.1,7.9,64.0,3.1,8,0,0,True,False,False,False,4.0
58,1.9,0.2,1.4,0.7,0.9,2.2,3.4,2.0,2.4,3.3,179.1,31.9,74.0,7.8,3,0,0,False,False,False,True,5.0
25,4.1,2.0,1.1,0.6,0.5,4.5,4.1,0.5,0.7,0.0,187.3,8.9,49.0,1.0,10,1,1,True,False,False,False,4.0
31,4.7,1.8,0.4,0.0,2.9,3.6,3.9,1.6,1.3,0.0,182.9,17.1,67.0,4.4,6,1,1,False,False,False,True,5.0
18,7.4,2.1,1.3,1.5,1.4,4.5,4.0,0.7,1.6,0.2,158.9,14.5,43.0,1.0,10,1,0,True,False,True,False,4.0
61,5.4,2.2,2.8,1.2,0.6,3.1,3.4,1.3,1.6,3.8,114.8,24.2,63.0,4.5,5,0,1,True,False,True,False,4.0
39,5.1,1.4,1.2,1.4,2.1,4.4,4.1,1.9,0.9,1.5,69.1,19.3,54.0,1.6,7,0,0,True,False,False,True,4.0
44,7.2,3.3,3.0,0.6,1.0,4.1,3.9,1.8,1.2,0.6,124.7,16.9,56.0,2.6,7,0,1,True,False,False,False,5.0
23,5.9,1.9,2.3,0.4,0.6,4.5,3.8,1.7,0.9,0.0,197.0,17.5,48.0,2.2,9,0,0,False,False,False,True,3.0
35,7.0,1.8,2.0,0.6,4.0,3.8,4.1,2.0,1.8,3.3,217.5,26.8,54.0,2.5,6,0,1,True,False,True,False,3.0
34,4.9,2.7,1.3,1.6,0.2,3.7,4.2,1.4,0.8,2.1,112.4,15.3,64.0,4.3,6,0,0,True,False,False,False,4.0
33,5.3,2.0,0.8,0.4,3.3,4.5,3.5,1.3,1.1,0.0,185.9,13.1,55.0,1.0,9,0,0,True,False,False,True,4.0
33,9.0,4.3,3.3,1.5,0.6,4.5,4.1,1.0,1.8,0.0,140.1,5.2,41.0,1.0,10,0,1,True,False,False,True,3.0
26,6.9,1.8,2.4,0.5,2.0,4.5,4.0,0.6,0.9,0.0,179.4,12.7,43.0,1.0,10,0,1,False,False,False,False,4.0
51,4.1,2.3,1.3,0.1,1.3,3.5,3.7,1.1,1.9,1.0,102.1,27.5,62.0,4.9,5,0,1,False,True,False,True,4.0
56,5.6,1.3,3.4,0.0,2.1,4.5,4.3,1.1,1.2,0.9,218.1,10.6,51.0,1.0,10,0,0,True,False,True,False,4.0
31,5.2,2.8,2.2,0.9,0.0,2.4,3.1,2.6,2.5,4.4,208.0,16.1,74.0,6.6,3,1,1,False,False,False,False,4.0
51,2.6,2.3,0.0,1.1,0.0,2.9,3.4,1.3,1.7,9.8,75.2,20.1,90.0,6.0,4,0,1,False,False,True,False,4.0
68,4.2,1.7,1.0,0.0,2.2,0.8,1.1,2.7,2.5,3.4,125.3,31.8,84.0,8.7,1,0,0,True,False,False,True,4.0
62,4.4,1.2,2.3,1.5,0.0,2.9,3.4,1.4,1.5,3.7,174.6,30.2,72.0,5.8,4,1,1,False,False,True,False,4.0
53,3.6,0.8,3.2,0.0,0.2,3.5,3.9,1.3,1.5,0.3,132.4,20.3,56.0,5.0,6,0,1,False,False,True,False,4.0
42,7.4,2.4,4.1,1.0,1.3,4.5,3.6,0.7,1.0,0.0,146.6,12.3,47.0,1.0,10,0,0,False,False,False,False,4.0
55,2.8,0.8,1.5,1.1,0.1,2.2,2.9,2.4,2.8,2.9,86.0,24.2,73.0,5.7,3,1,0,False,False,True,False,4.0
49,5.8,3.2,2.2,1.2,0.2,4.5,4.0,1.5,1.3,0.0,124.6,12.3,66.0,1.5,9,1,0,True,False,True,False,5.0
61,1.9,0.9,0.8,0.0,1.0,0.7,1.2,3.0,2.6,5.9,129.2,19.8,84.0,10.0,1,1,1,False,False,False,True,5.0
62,2.4,1.8,0.5,1.2,0.0,1.7,2.7,2.5,3.1,5.5,105.0,24.7,89.0,7.5,2,1,1,False,False,True,False,5.0
32,1.0,1.2,0.0,0.5,0.0,2.0,2.7,1.5,2.0,3.3,160.3,23.1,69.0,6.6,3,0,1,False,False,False,True,4.0
28,6.8,2.0,1.9,0.4,2.7,2.7,3.0,2.2,1.0,6.1,161.7,12.2,77.0,5.3,4,0,1,False,False,False,True,4.0
49,7.4,2.0,2.9,1.1,2.4,4.5,4.4,1.2,1.0,0.0,99.4,13.4,52.0,1.0,10,0,1,True,False,False,True,3.0
58,8.8,2.4,2.4,1.2,3.7,3.7,3.7,0.6,0.7,3.3,98.2,20.2,68.0,3.9,6,1,1,False,True,False,False,4.0
55,3.4,0.6,1.6,0.0,2.0,2.0,2.2,2.4,2.6,2.7,59.3,14.7,78.0,8.4,2,0,0,False,False,True,False,4.0
74,5.5,1.3,2.8,0.0,2.7,2.8,3.6,1.6,1.4,3.9,127.6,31.1,72.0,6.1,4,1,1,True,False,False,True,4.0
21,10.0,2.9,4.7,1.3,1.0,4.5,3.9,1.1,1.5,0.0,35.8,10.9,47.0,1.0,10,0,1,True,False,False,True,3.0
55,3.9,2.6,0.6,0.9,1.2,2.5,3.0,2.4,2.0,8.8,156.5,21.6,81.0,7.6,3,1,1,False,False,False,True,4.0
27,2.6,0.2,0.0,0.7,1.8,3.7,3.8,1.7,2.3,1.7,223.5,12.0,58.0,4.3,6,1,0,True,False,True,False,4.0
32,3.4,2.3,1.9,0.0,0.0,2.9,3.6,1.6,1.9,8.6,43.1,17.7,84.0,7.8,4,0,1,True,False,False,True,5.0
51,5.5,1.1,2.7,0.9,1.9,3.0,3.7,1.0,1.6,5.1,112.2,18.4,73.0,4.5,5,1,0,True,False,True,False,4.0
27,3.6,1.5,0.0,1.3,0.8,2.8,3.6,2.5,2.0,3.9,114.0,24.2,74.0,7.6,4,1,1,True,False,False,False,4.0
50,5.7,1.8,2.4,2.0,0.9,4.5,4.1,2.2,1.2,0.5,167.9,19.9,46.0,1.0,8,0,0,True,False,False,True,3.0
45,6.2,3.4,1.1,0.4,2.4,4.5,3.7,1.7,1.6,1.5,109.5,6.2,49.0,1.0,9,1,0,True,False,True,False,3.0
16,5.1,1.1,1.9,1.1,0.0,4.5,4.0,1.9,1.2,0.0,211.4,10.1,50.0,1.0,9,0,1,True,False,False,True,4.0
30,4.0,0.7,0.5,1.7,1.5,4.0,3.7,1.2,1.2,1.4,152.2,12.3,61.0,2.6,7,1,1,False,False,False,False,4.0
23,5.0,2.4,0.4,0.0,1.8,4.5,4.1,1.1,1.3,0.2,101.2,13.1,43.0,1.0,10,0,0,False,False,False,True,5.0
23,5.4,2.0,0.3,1.7,0.9,4.5,3.9,1.2,1.6,1.2,140.5,9.4,40.0,1.0,10,0,0,True,False,True,False,4.0
52,6.3,3.1,2.2,0.7,1.4,3.6,3.8,0.8,1.0,1.8,165.2,21.2,68.0,3.3,6,1,0,True,False,False,False,4.0
25,4.6,1.7,0.8,0.6,1.5,4.5,3.6,1.8,0.2,1.4,122.1,16.3,52.0,1.2,8,1,1,False,False,True,False,3.0
68,6.2,3.1,1.8,0.3,2.3,2.6,3.3,1.4,1.9,3.4,155.2,11.9,77.0,2.4,4,0,0,True,False,False,True,4.0
70,4.8,2.0,1.5,0.4,1.2,2.0,2.0,2.7,2.7,4.1,174.4,21.0,81.0,6.6,2,0,1,True,False,False,True,5.0
36,2.2,2.5,0.2,0.2,0.1,0.4,1.0,2.9,2.3,3.8,270.4,39.4,86.0,10.0,1,0,0,True,False,False,False,5.0
47,5.2,3.5,1.6,0.0,0.8,2.7,3.3,1.7,1.3,2.8,103.2,27.2,70.0,5.5,4,0,1,False,False,True,False,4.0
50,4.8,1.8,1.8,0.9,1.1,2.8,3.5,2.1,1.4,2.7,114.2,31.1,70.0,4.6,4,0,0,False,False,False,True,3.0
59,6.8,2.9,2.7,1.3,0.6,2.6,2.7,2.5,1.5,7.7,56.9,26.2,86.0,7.7,3,0,1,False,False,False,False,4.0
37,5.2,1.4,3.1,0.0,1.6,3.4,3.5,1.1,1.4,0.0,223.9,21.0,55.0,2.2,6,0,0,False,False,True,False,4.0
59,2.8,2.2,0.4,0.2,1.5,2.6,3.6,1.0,2.2,1.2,92.0,31.6,61.0,6.9,4,0,0,False,False,True,False,4.0
59,3.7,0.7,1.9,0.8,1.5,2.7,3.4,1.2,1.3,3.4,57.1,28.9,73.0,7.0,4,1,0,True,False,True,False,5.0
48,1.1,1.5,0.0,0.0,0.5,3.1,3.6,2.4,1.9,0.6,252.2,17.8,62.0,5.8,4,0,1,False,False,True,False,5.0
23,6.2,1.0,2.4,0.7,1.5,4.5,4.1,0.4,1.2,0.0,123.8,11.0,42.0,1.0,10,1,1,True,False,False,True,5.0
38,7.9,3.1,2.7,0.4,2.7,4.5,4.0,1.2,0.8,0.0,73.1,6.6,45.0,3.4,9,1,1,False,False,False,True,3.0
22,5.6,3.6,0.0,0.0,1.7,4.5,3.9,0.9,1.6,1.5,21.9,14.0,55.0,1.0,10,0,1,False,False,False,True,4.0
21,6.7,1.7,1.1,0.9,2.5,4.5,3.8,0.4,2.1,0.9,237.0,13.8,51.0,2.2,10,0,0,False,False,False,True,4.0
50,2.7,1.3,0.5,0.3,1.5,3.3,3.8,1.4,0.9,2.7,186.8,15.3,81.0,5.2,5,1,0,True,False,False,False,5.0
32,3.3,0.8,1.1,1.2,0.8,3.4,3.7,0.6,1.5,1.3,99.7,14.8,68.0,5.1,5,0,0,True,False,True,False,4.0
17,7.0,2.2,0.9,0.5,2.3,4.5,4.1,1.3,1.1,0.0,233.0,11.8,55.0,1.0,10,0,0,False,False,False,False,4.0
42,1.9,1.5,1.5,0.2,0.0,1.7,2.7,2.7,2.5,5.3,159.3,13.0,79.0,7.7,2,0,1,False,False,False,False,4.0
20,6.3,1.5,2.6,0.6,0.8,4.5,3.9,1.4,1.0,0.1,83.0,9.1,47.0,1.0,10,0,0,False,False,False,False,4.0
58,6.2,3.5,1.2,1.3,1.3,3.8,3.7,1.3,1.7,4.3,108.0,16.0,76.0,6.7,5,0,0,True,False,False,True,3.0
58,4.8,1.7,0.4,1.7,2.1,2.0,2.4,2.3,2.5,5.0,182.7,14.6,80.0,8.7,2,0,0,False,False,False,True,5.0
